{"name":"Achillea","link":"https:\/\/en.wikipedia.org\/wiki\/Achillea","img_link":"https:\/\/upload.wikimedia.org\/wikipedia\/commons\/thumb\/f\/fb\/Achillea_millefolium.jpg\/220px-Achillea_millefolium.jpg","text":"Achillea \/ \u00e6 k \u026a \u02c8 l i\u02d0 \u0259 \/ is a genus of flowering plants in the family Asteraceae. The plants typically have frilly leaves and are known colloquially as yarrows, although this common name usually refers to A.\u00a0millefolium. The genus was named after the Greek mythological character Achilles, whose soldiers were said to have used yarrow to treat their wounds; this is reflected by common names such as allheal and bloodwort. The genus is native primarily to Eurasia and North America."}
{"name":"Aizoaceae","link":"https:\/\/en.wikipedia.org\/wiki\/Aizoaceae","img_link":"https:\/\/upload.wikimedia.org\/wikipedia\/commons\/thumb\/b\/b1\/Mesembryanthemum_crystallinum.JPG\/220px-Mesembryanthemum_crystallinum.JPG","text":"The Aizoaceae ( \/ e\u026a z o\u028a \u02c8 e\u026a s i\u02d0 \u02cc i\u02d0, - s i \u02cc a\u026a \/ ), or fig-marigold family, is a large family of dicotyledonous flowering plants containing 135 genera and about 1,800 species. Several genera are commonly known as ' ice plants ' or ' carpet weeds '. The Aizoaceae are also referred to as vygies in South Africa. Some of the unusual Southern African genera\u2014such as Conophytum, Lithops, Titanopsis and Pleiospilos (among others)\u2014resemble gemstones, rocks or pebbles, and are sometimes referred to as ' living stones ' or ' mesembs ' (short for mesembryanthemums )."}
{"name":"Amaranthaceae","link":"https:\/\/en.wikipedia.org\/wiki\/Amaranthaceae","img_link":"https:\/\/upload.wikimedia.org\/wikipedia\/commons\/thumb\/2\/26\/Amaranthus_retroflexus_full1.jpg\/220px-Amaranthus_retroflexus_full1.jpg","text":"Amaranthaceae ( \/ \u02cc \u00e6 m \u0259r \u00e6 n \u02c8 \u03b8 e\u026a s i a\u026a, - i i\u02d0 \/ AM -\u0259r-an- THAY -see-e(y)e ) is a family of flowering plants commonly known as the amaranth family, in reference to its type genus Amaranthus. It includes the former goosefoot family Chenopodiaceae and contains about 165 genera and 2,040 species, making it the most species-rich lineage within its parent order, Caryophyllales."}
{"name":"Amaranthus","link":"https:\/\/en.wikipedia.org\/wiki\/Amaranthus","img_link":"https:\/\/upload.wikimedia.org\/wikipedia\/commons\/thumb\/9\/91\/Amaranthus_tricolor0.jpg\/220px-Amaranthus_tricolor0.jpg","text":"Amaranthus is a cosmopolitan group of more than 50 species which make up the genus of annual or short-lived perennial plants collectively known as amaranths. Some of the better known names include \" prostrate pigweed \" and \" love lies bleeding \". Some amaranth species are cultivated as leaf vegetables, pseudocereals, and ornamental plants."}
{"name":"Amelanchier","link":"https:\/\/en.wikipedia.org\/wiki\/Amelanchier","img_link":"https:\/\/upload.wikimedia.org\/wikipedia\/commons\/thumb\/1\/16\/Amelanchier_grandiflora2.jpg\/220px-Amelanchier_grandiflora2.jpg","text":"Amelanchier ( \/ \u00e6 m \u0259 \u02c8 l \u00e6 n \u0283 \u026a\u0259r \/ am-\u0259- LAN -sheer ), also known as shadbush, shadwood or shadblow, serviceberry or sarvisberry (or just sarvis ), juneberry, saskatoon, sugarplum, wild-plum or chuckley pear, is a genus of about 20 species of deciduous -leaved shrubs and small trees in the rose family ( Rosaceae )."}
{"name":"Asteraceae","link":"https:\/\/en.wikipedia.org\/wiki\/Asteraceae","img_link":"https:\/\/upload.wikimedia.org\/wikipedia\/commons\/thumb\/c\/c1\/Asteracea_poster_3.jpg\/290px-Asteracea_poster_3.jpg","text":"Asteraceae ( \/ \u02cc \u00e6 s t \u0259 \u02c8 r e\u026a s i. i\u02d0, - \u02cc a\u026a \/ ) is a large family of flowering plants that consists of over 32,000 known species in over 1,900 genera within the order Asterales. The number of species in Asteraceae is rivaled only by the Orchidaceae, and which is the larger family is unclear as the quantity of extant species in each family is unknown. The Asteraceae were first described in the year 1740 and given the original name Compositae. The family is commonly known as the aster, daisy, composite, or sunflower family."}
{"name":"Asterales","link":"https:\/\/en.wikipedia.org\/wiki\/Asterales","img_link":"https:\/\/upload.wikimedia.org\/wikipedia\/commons\/thumb\/a\/a9\/A_sunflower.jpg\/220px-A_sunflower.jpg","text":"Asterales ( \/ \u02cc \u00e6 s t \u0259 \u02c8 r e\u026a l i\u02d0 z \/ ASS -t\u0259r- RAY -leez ) is an order of dicotyledonous flowering plants that includes the large family Asteraceae (or Compositae) known for composite flowers made of florets, and ten families related to the Asteraceae. While asterids in general are characterized by fused petals, composite flowers consisting of many florets create the false appearance of separate petals (as found in the rosids )."}
{"name":"Atriplex","link":"https:\/\/en.wikipedia.org\/wiki\/Atriplex","img_link":"https:\/\/upload.wikimedia.org\/wikipedia\/commons\/thumb\/c\/c9\/Atriplex_hortensis_cleaned_Sturm.png\/220px-Atriplex_hortensis_cleaned_Sturm.png","text":"Atriplex ( \/ \u02c8 \u00e6 t r \u026a p l \u025b k s \/ ) is a plant genus of about 250 species, known by the common names of saltbush and orache ( \/ \u02c8 \u0252 r \u026a t\u0283, - \u0259 t\u0283 \/; also spelled orach ). It belongs to the subfamily Chenopodioideae of the family Amaranthaceae s.l.. The genus is quite variable and widely distributed. It includes many desert and seashore plants and halophytes, as well as plants of moist environments. The generic name originated in Latin and was applied by Pliny the Elder to the edible oraches. The name saltbush derives from the fact that the plants retain salt in their leaves; they are able to grow in areas affected by soil salination."}
{"name":"Berberidaceae","link":"https:\/\/en.wikipedia.org\/wiki\/Berberidaceae","img_link":"https:\/\/upload.wikimedia.org\/wikipedia\/commons\/thumb\/5\/5c\/Berberis_darwinii_shoot.jpg\/220px-Berberis_darwinii_shoot.jpg","text":"The Berberidaceae are a family of 18 genera of flowering plants commonly called the barberry family. This family is in the order Ranunculales. The family contains about 700 known species, of which the majority are in the genus Berberis. The species include trees, shrubs and perennial herbaceous plants."}
{"name":"Berberis","link":"https:\/\/en.wikipedia.org\/wiki\/Berberis","img_link":"https:\/\/upload.wikimedia.org\/wikipedia\/commons\/thumb\/5\/5c\/Berberis_darwinii_shoot.jpg\/220px-Berberis_darwinii_shoot.jpg","text":"Berberis ( \/ \u02c8 b \u025c\u02d0r b \u0259r \u026a s \/ ), commonly known as barberry, is a large genus of deciduous and evergreen shrubs from 1\u20135\u00a0m (3.3\u201316.4\u00a0ft) tall, found throughout temperate and subtropical regions of the world (apart from Australia). Species diversity is greatest in South America and Asia; Europe, Africa and North America have native species as well. The best-known Berberis species is the European barberry, Berberis vulgaris, which is common in Europe, North Africa, the Middle East, and central Asia, and has been widely introduced in North America. Many of the species have spines on the shoots and all along the margins of the leaves."}
{"name":"Betulaceae","link":"https:\/\/en.wikipedia.org\/wiki\/Betulaceae","img_link":"https:\/\/upload.wikimedia.org\/wikipedia\/commons\/thumb\/7\/7b\/Alnus_glutinosa.jpg\/220px-Alnus_glutinosa.jpg","text":"Betulaceae, the birch family, includes six genera of deciduous nut -bearing trees and shrubs, including the birches, alders, hazels, hornbeams, hazel-hornbeam, and hop-hornbeams, numbering a total of 167 species. They are mostly natives of the temperate Northern Hemisphere, with a few species reaching the Southern Hemisphere in the Andes in South America. Their typical flowers are catkins and often appear before leaves."}
{"name":"Blitum","link":"https:\/\/en.wikipedia.org\/wiki\/Blitum","img_link":"https:\/\/upload.wikimedia.org\/wikipedia\/commons\/thumb\/1\/19\/Chenopodium_capitatum_Strawberry_Blite_2048px.jpg\/220px-Chenopodium_capitatum_Strawberry_Blite_2048px.jpg","text":"Blitum is a genus of flowering plants in the amaranth family Amaranthaceae, subfamily Chenopodioideae. It is closely related to genus Spinacia. Its 12 species were traditionally placed in the genera Chenopodium, Monolepis, or Scleroblitum. The species of genus Blitum occur in Asia, Europe, North Africa, the Americas, and Australia."}
{"name":"Cannabaceae","link":"https:\/\/en.wikipedia.org\/wiki\/Cannabaceae","img_link":"https:\/\/upload.wikimedia.org\/wikipedia\/commons\/thumb\/2\/26\/Cannabis_01_bgiu.jpg\/220px-Cannabis_01_bgiu.jpg","text":"Cannabaceae is a small family of flowering plants, known as the hemp family. As now circumscribed, the family includes about 170 species grouped in about 11 genera, including Cannabis (hemp), Humulus ( hops ) and Celtis (hackberries). Celtis is by far the largest genus, containing about 100 species."}
{"name":"Carpobrotus","link":"https:\/\/en.wikipedia.org\/wiki\/Carpobrotus","img_link":"https:\/\/upload.wikimedia.org\/wikipedia\/commons\/thumb\/3\/32\/Carpobrotus_April_2008-1.jpg\/220px-Carpobrotus_April_2008-1.jpg","text":"Carpobrotus, commonly known as pigface, ice plant, sour fig, Hottentot fig, and clawberry is a genus of ground-creeping plants with succulent leaves and large daisy-like flowers. The name comes from the Ancient Greek karpos \"fruit\" and brotos \"edible\", referring to its edible fruits."}
{"name":"Caryophyllaceae","link":"https:\/\/en.wikipedia.org\/wiki\/Caryophyllaceae","img_link":"https:\/\/upload.wikimedia.org\/wikipedia\/commons\/thumb\/3\/3d\/Red_campion_close_700.jpg\/220px-Red_campion_close_700.jpg","text":"Caryophyllaceae, commonly called the pink family or carnation family, is a family of flowering plants. It is included in the dicotyledon order Caryophyllales in the APG III system, alongside 33 other families, including Amaranthaceae, Cactaceae, and Polygonaceae. It is a large family, with 81 genera and about 2,625 known species."}
{"name":"Caryophyllales","link":"https:\/\/en.wikipedia.org\/wiki\/Caryophyllales","img_link":"https:\/\/upload.wikimedia.org\/wikipedia\/commons\/thumb\/4\/42\/Dianthus_caryophyllus_L_%28Clove_pink%29.JPG\/220px-Dianthus_caryophyllus_L_%28Clove_pink%29.JPG","text":"Caryophyllales ( \/ \u02cc k \u00e6r i. o\u028a f \u026a \u02c8 l e\u026a l i\u02d0 z \/ KARR -ee-oh-fih- LAY -leez ) is a diverse and heterogeneous order of flowering plants that includes the cacti, carnations, amaranths, ice plants, beets, and many carnivorous plants. Many members are succulent, having fleshy stems or leaves. The betalain pigments are unique in plants of this order and occur in all its core families with the exception of Caryophyllaceae and Molluginaceae. Noncore families, such as Nepenthaceae, instead produce anthocyanins."}
{"name":"Castanea","link":"https:\/\/en.wikipedia.org\/wiki\/Castanea","img_link":"https:\/\/upload.wikimedia.org\/wikipedia\/commons\/thumb\/2\/2c\/Ch%C3%A2taignier_120807_1.jpg\/220px-Ch%C3%A2taignier_120807_1.jpg","text":"The chestnuts are the deciduous trees and shrubs in the genus Castanea, in the beech family Fagaceae. The name also refers to the edible nuts they produce. They are native to temperate regions of the Northern Hemisphere."}
{"name":"Chenopodiaceae","link":"https:\/\/en.wikipedia.org\/wiki\/Chenopodiaceae","img_link":"https:\/\/upload.wikimedia.org\/wikipedia\/commons\/thumb\/2\/26\/Amaranthus_retroflexus_full1.jpg\/220px-Amaranthus_retroflexus_full1.jpg","text":"Amaranthaceae ( \/ \u02cc \u00e6 m \u0259r \u00e6 n \u02c8 \u03b8 e\u026a s i a\u026a, - i i\u02d0 \/ AM -\u0259r-an- THAY -see-e(y)e ) is a family of flowering plants commonly known as the amaranth family, in reference to its type genus Amaranthus. It includes the former goosefoot family Chenopodiaceae and contains about 165 genera and 2,040 species, making it the most species-rich lineage within its parent order, Caryophyllales."}
{"name":"Chenopodium","link":"https:\/\/en.wikipedia.org\/wiki\/Chenopodium","img_link":"https:\/\/upload.wikimedia.org\/wikipedia\/commons\/thumb\/7\/77\/Chenopodium_berlandieri_NPS-1.jpg\/220px-Chenopodium_berlandieri_NPS-1.jpg","text":"Chenopodium is a genus of numerous species of perennial or annual herbaceous flowering plants known as the goosefoot, which occur almost anywhere in the world. It is placed in the family Amaranthaceae in the APG II system; older classification systems, notably the widely used Cronquist system, separate it and its relatives as Chenopodiaceae, but this leaves the rest of the Amaranthaceae polyphyletic. However, among the Amaranthaceae, the genus Chenopodium is the namesake member of the subfamily Chenopodioideae."}
{"name":"Coniferales","link":"https:\/\/en.wikipedia.org\/wiki\/Coniferales","img_link":"https:\/\/upload.wikimedia.org\/wikipedia\/commons\/thumb\/1\/18\/Scots_Pine_%28Pinus_sylvestris%29_-_Kristiansand%2C_Norway_2021-08-10.jpg\/220px-Scots_Pine_%28Pinus_sylvestris%29_-_Kristiansand%2C_Norway_2021-08-10.jpg","text":"The order Pinales in the division Pinophyta, class Pinopsida, comprises all the extant conifers. The distinguishing characteristic is the reproductive structure known as a cone produced by all Pinales. All of the extant conifers, such as Araucaria, cedar, celery-pine, cypress, fir, juniper, kauri, larch, pine, redwood, spruce, and yew, are included here. Some fossil conifers, however, belong to other distinct orders within the division Pinophyta."}
{"name":"Corylus","link":"https:\/\/en.wikipedia.org\/wiki\/Corylus","img_link":"https:\/\/upload.wikimedia.org\/wikipedia\/commons\/thumb\/b\/b0\/Corylus_avellana_0001.JPG\/220px-Corylus_avellana_0001.JPG","text":"Hazels are plants of the genus Corylus of deciduous trees and large shrubs native to the temperate Northern Hemisphere. The genus is usually placed in the birch family, Betulaceae, though some botanists split the hazels (with the hornbeams and allied genera) into a separate family Corylaceae. The fruit of the hazel is the hazelnut."}
{"name":"Crataegus","link":"https:\/\/en.wikipedia.org\/wiki\/Crataegus","img_link":"https:\/\/upload.wikimedia.org\/wikipedia\/commons\/thumb\/2\/21\/Crataegus%2C_various_species%2C_fruit.jpg\/220px-Crataegus%2C_various_species%2C_fruit.jpg","text":"Crataegus ( \/ k r \u0259 \u02c8 t i\u02d0 \u0261 \u0259 s \/ ), commonly called hawthorn, quickthorn, thornapple, May-tree, whitethorn, Mayflower or hawberry, is a genus of several hundred species of shrubs and trees in the family Rosaceae, native to temperate regions of the Northern Hemisphere in Europe, Asia, North Africa and North America. The name \"hawthorn\" was originally applied to the species native to northern Europe, especially the common hawthorn C.\u00a0monogyna, and the unmodified name is often so used in Britain and Ireland. The name is now also applied to the entire genus and to the related Asian genus Rhaphiolepis."}
{"name":"Cupressaceae","link":"https:\/\/en.wikipedia.org\/wiki\/Cupressaceae","img_link":"https:\/\/upload.wikimedia.org\/wikipedia\/commons\/thumb\/b\/b1\/Med_Cypress.jpg\/220px-Med_Cypress.jpg","text":"Cupressaceae or the cypress family is a family of conifers. The family includes 27\u201330 genera (17 monotypic ), which include the junipers and redwoods, with about 130\u2013140 species in total. They are monoecious, subdioecious or (rarely) dioecious trees and shrubs up to 116\u00a0m (381\u00a0ft) tall. The bark of mature trees is commonly orange- to red-brown and of stringy texture, often flaking or peeling in vertical strips, but smooth, scaly or hard and square-cracked in some species. The family reached its peak of diversity during the mesozoic era."}
{"name":"Cupressales","link":"https:\/\/en.wikipedia.org\/wiki\/Cupressales","img_link":"https:\/\/upload.wikimedia.org\/wikipedia\/commons\/thumb\/6\/6a\/Wollemia_nobilis_%28Kew_Gardens%29.JPG\/220px-Wollemia_nobilis_%28Kew_Gardens%29.JPG","text":"Cupressidae is a proposed subclass of conifers comprising the orders of Araucariales and Cupressales. It was originally erected by Alexander Doweld and contained just Cupressales, in 2022, it was expanded to include Araucariales and Cupressales."}
{"name":"Cycadophytanae","link":"https:\/\/en.wikipedia.org\/wiki\/Cycadophytanae","img_link":"\/static\/images\/icons\/wikipedia.png","text":"No description available"}
{"name":"Dipsacales","link":"https:\/\/en.wikipedia.org\/wiki\/Dipsacales","img_link":"https:\/\/upload.wikimedia.org\/wikipedia\/commons\/thumb\/3\/33\/Scabiosa_ochroleuca_0.jpg\/220px-Scabiosa_ochroleuca_0.jpg","text":"The Dipsacales are an order of flowering plants, included within the asterid group of dicotyledons. In the APG III system of 2009, the order includes only two families, Adoxaceae and a broadly defined Caprifoliaceae. Some well-known members of the Dipsacales order are honeysuckle, elder, viburnum, and valerian."}
{"name":"Embryophyta siphonogama","link":"https:\/\/en.wikipedia.org\/wiki\/Embryophyta_siphonogama","img_link":"\/static\/images\/icons\/wikipedia.png","text":"No description available"}
{"name":"Embryophytes","link":"https:\/\/en.wikipedia.org\/wiki\/Embryophytes","img_link":"https:\/\/upload.wikimedia.org\/wikipedia\/commons\/thumb\/c\/c3\/WWB-0265-127-Polytrichum_formosum.png\/44px-WWB-0265-127-Polytrichum_formosum.png","text":"The embryophytes ( \/ \u02c8 \u025b m b r i \u0259 \u02cc f a\u026a t s \/ ) are a clade of plants, also known as Embryophyta ( \/ \u02cc \u025b m b r i \u02c8 \u0252 f \u0259 t \u0259, - o\u028a \u02c8 f a\u026a t \u0259 \/ ) or land plants. They are the most familiar group of photoautotrophs that make up the vegetation on Earth 's dry lands and wetlands. Embryophytes have a common ancestor with green algae, having emerged within the Phragmoplastophyta clade of freshwater charophyte green algae as a sister taxon of Charophyceae, Coleochaetophyceae and Zygnematophyceae. Embryophytes consist of the bryophytes and the polysporangiophytes. Living embryophytes include hornworts, liverworts, mosses, lycophytes, ferns, gymnosperms and angiosperms ( flowering plants ). Embryophytes have diplobiontic life cycles."}
{"name":"Ericaceae","link":"https:\/\/en.wikipedia.org\/wiki\/Ericaceae","img_link":"https:\/\/upload.wikimedia.org\/wikipedia\/commons\/thumb\/6\/64\/Leptecophylla_juniperina.jpg\/220px-Leptecophylla_juniperina.jpg","text":"The Ericaceae ( \/ \u02cc \u025br \u026a \u02c8 k e\u026a s i. a\u026a, - i\u02d0 \/ ) are a family of flowering plants, commonly known as the heath or heather family, found most commonly in acidic and infertile growing conditions. The family is large, with about 4,250 known species spread across 124 genera, making it the 14th most species-rich family of flowering plants. The many well known and economically important members of the Ericaceae include the cranberry, blueberry, huckleberry, rhododendron (including azaleas ), and various common heaths and heathers ( Erica, Cassiope, Daboecia, and Calluna for example)."}
{"name":"Ericales","link":"https:\/\/en.wikipedia.org\/wiki\/Ericales","img_link":"https:\/\/upload.wikimedia.org\/wikipedia\/commons\/thumb\/b\/b3\/RhododendronSimsiiFlowers2.jpg\/220px-RhododendronSimsiiFlowers2.jpg","text":"The Ericales are a large and diverse order of dicotyledons. Species in this order have considerable commercial importance including for tea, persimmon, blueberry, kiwifruit, Brazil nuts, argan, cranberry, sapote, and azalea. The order includes trees, bushes, lianas, and herbaceous plants. Together with ordinary autophytic plants, the Ericales include chlorophyll -deficient mycoheterotrophic plants (e.g., Sarcodes sanguinea ) and carnivorous plants (e.g., genus Sarracenia )."}
{"name":"Fabaceae","link":"https:\/\/en.wikipedia.org\/wiki\/Fabaceae","img_link":"https:\/\/upload.wikimedia.org\/wikipedia\/commons\/thumb\/a\/ac\/Flowering_kudzu.jpg\/220px-Flowering_kudzu.jpg","text":"The Fabaceae ( \/ f \u0259 \u02c8 b e\u026a s i. i\u02d0, - \u02cc a\u026a \/ ) or Leguminosae, commonly known as the legume, pea, or bean family, are a large and agriculturally important family of flowering plants. It includes trees, shrubs, and perennial or annual herbaceous plants, which are easily recognized by their fruit ( legume ) and their compound, stipulate leaves. The family is widely distributed, and is the third-largest land plant family in number of species, behind only the Orchidaceae and Asteraceae, with about 765 genera and nearly 20,000 known species."}
{"name":"Fabales","link":"https:\/\/en.wikipedia.org\/wiki\/Fabales","img_link":"https:\/\/upload.wikimedia.org\/wikipedia\/commons\/thumb\/9\/99\/Senna_occidentalis.jpg\/220px-Senna_occidentalis.jpg","text":"Fabales is an order of flowering plants included in the rosid group of the eudicots in the Angiosperm Phylogeny Group II classification system. In the APG II circumscription, this order includes the families Fabaceae or legumes (including the subfamilies Caesalpinioideae, Mimosoideae, and Faboideae ), Quillajaceae, Polygalaceae or milkworts (including the families Diclidantheraceae, Moutabeaceae, and Xanthophyllaceae ), and Surianaceae. Under the Cronquist system and some other plant classification systems, the order Fabales contains only the family Fabaceae. In the classification system of Dahlgren the Fabales were in the superorder Fabiflorae (also called Fabanae) with three families corresponding to the subfamilies of Fabaceae in APG II. The other families treated in the Fabales by the APG II classification were placed in separate orders by Cronquist, the Polygalaceae within its own order, the Polygalales, and the Quillajaceae and Surianaceae within the Rosales."}
{"name":"Fagaceae","link":"https:\/\/en.wikipedia.org\/wiki\/Fagaceae","img_link":"https:\/\/upload.wikimedia.org\/wikipedia\/commons\/thumb\/a\/a8\/Fagus_sylvatica_020-2.jpg\/220px-Fagus_sylvatica_020-2.jpg","text":"The Fagaceae ( \/ f \u0259 \u02c8 \u0261 e\u026a s i. i\u02d0, - \u02cc a\u026a \/; from Latin fagus 'beech tree') are a family of flowering plants that includes beeches, chestnuts and oaks, and comprises eight genera with about 927 species. Fagaceae in temperate regions are mostly deciduous, whereas in the tropics, many species occur as evergreen trees and shrubs. They are characterized by alternate simple leaves with pinnate venation, unisexual flowers in the form of catkins, and fruit in the form of cup-like ( cupule ) nuts. Their leaves are often lobed, and both petioles and stipules are generally present. Their fruits lack endosperm and lie in a scaly or spiny husk that may or may not enclose the entire nut, which may consist of one to seven seeds. In the oaks, genus Quercus, the fruit is a non-valved nut (usually containing one seed) called an acorn. The husk of the acorn in most oaks only forms a cup in which the nut sits. Other members of the family have fully enclosed nuts. Fagaceae is one of the most ecologically important woody plant families in the Northern Hemisphere, as oaks form the backbone of temperate forest in North America, Europe, and Asia, and are one of the most significant sources of wildlife food."}
{"name":"Fagales","link":"https:\/\/en.wikipedia.org\/wiki\/Fagales","img_link":"https:\/\/upload.wikimedia.org\/wikipedia\/commons\/thumb\/b\/b1\/Buchenwald_1.jpg\/220px-Buchenwald_1.jpg","text":"The Fagales are an order of flowering plants in the rosid group of dicotyledons, including some of the best-known trees. Well-known members of Fagales include: beeches, chestnuts, oaks, walnut, pecan, hickory, birches, alders, hazels, hornbeams, she-oaks, and southern beeches. The order name is derived from genus Fagus (beeches)."}
{"name":"Fagus","link":"https:\/\/en.wikipedia.org\/wiki\/Fagus","img_link":"https:\/\/upload.wikimedia.org\/wikipedia\/commons\/thumb\/b\/ba\/Fagus_sylvatica_Purpurea_JPG4a.jpg\/220px-Fagus_sylvatica_Purpurea_JPG4a.jpg","text":"Beech ( Fagus ) is a genus of deciduous trees in the family Fagaceae, native to subtropical (accessory forest element) and temperate (as dominant element of mesophytic forests) Eurasia and North America. There are 14 accepted species in two distinct subgenera, Englerianae Denk & G.W.Grimm and Fagus. The subgenus Englerianae is found only in East Asia, distinctive for its low branches, often made up of several major trunks with yellowish bark. The better known species of subgenus Fagus are native to Europe, western and eastern Asia and eastern North America. They are high-branching trees with tall, stout trunks and smooth silver-grey bark."}
{"name":"Grossulariaceae","link":"https:\/\/en.wikipedia.org\/wiki\/Grossulariaceae","img_link":"https:\/\/upload.wikimedia.org\/wikipedia\/commons\/thumb\/4\/4c\/Ribes_divaricatum_5391.JPG\/220px-Ribes_divaricatum_5391.JPG","text":"Ribes ( \/ \u02c8 r a\u026a b i\u02d0 z \/ ) is a genus of about 200 known species of flowering plants, most of them native to the temperate regions of the Northern Hemisphere. The species may be known as various kinds of currants, such as redcurrants, blackcurrants, and whitecurrants, or as gooseberries, and some are cultivated for their edible fruit or as ornamental plants. Ribes is the only genus in the family Grossulariaceae."}
{"name":"Halimione","link":"https:\/\/en.wikipedia.org\/wiki\/Halimione","img_link":"https:\/\/upload.wikimedia.org\/wikipedia\/commons\/thumb\/4\/4d\/Halimione_portulacoides_baie-authie_80_13072007_7.jpg\/220px-Halimione_portulacoides_baie-authie_80_13072007_7.jpg","text":"Halimione is a plant genus from the subfamily Chenopodioideae of the family Amaranthaceae. It is a sister genus of Atriplex and is included in that genus by Plants of the World Online."}
{"name":"Humulus","link":"https:\/\/en.wikipedia.org\/wiki\/Humulus","img_link":"https:\/\/upload.wikimedia.org\/wikipedia\/commons\/thumb\/c\/ce\/Humulus.jpg\/220px-Humulus.jpg","text":"Humulus, or hop, is a small genus of flowering plants in the family Cannabaceae. The hop is native to temperate regions of the Northern Hemisphere. Hops are the female flowers (seed cones, strobiles) of the hop species H. lupulus; as a main flavor and aroma ingredient in many beer styles, H. lupulus is widely cultivated for use by the brewing industry."}
{"name":"Imperata","link":"https:\/\/en.wikipedia.org\/wiki\/Imperata","img_link":"https:\/\/upload.wikimedia.org\/wikipedia\/commons\/thumb\/f\/f4\/Imperata_cylindrica_spikes.jpg\/220px-Imperata_cylindrica_spikes.jpg","text":"Imperata is a small but widespread genus of tropical and subtropical grasses, commonly known as satintails."}
{"name":"Juglandaceae","link":"https:\/\/en.wikipedia.org\/wiki\/Juglandaceae","img_link":"https:\/\/upload.wikimedia.org\/wikipedia\/commons\/thumb\/9\/9d\/Juglans_regia_Broadview.jpg\/220px-Juglans_regia_Broadview.jpg","text":"The Juglandaceae are a plant family known as the walnut family. They are trees, or sometimes shrubs, in the order Fagales. Members of this family are native to the Americas, Eurasia, and Southeast Asia."}
{"name":"Juglans","link":"https:\/\/en.wikipedia.org\/wiki\/Juglans","img_link":"https:\/\/upload.wikimedia.org\/wikipedia\/commons\/thumb\/1\/19\/Juglans_major_Morton.jpg\/220px-Juglans_major_Morton.jpg","text":"Walnut trees are any species of tree in the plant genus Juglans, the type genus of the family Juglandaceae, the seeds of which are referred to as walnuts. All species are deciduous trees, 10\u201340 metres (33\u2013131\u00a0ft) tall, with pinnate leaves 200\u2013900 millimetres (7.9\u201335.4\u00a0in), with 5\u201325 leaflets; the shoots have chambered pith, a character shared with the wingnuts ( Pterocarya ), but not the hickories ( Carya ) in the same family."}
{"name":"Juniperus","link":"https:\/\/en.wikipedia.org\/wiki\/Juniperus","img_link":"https:\/\/upload.wikimedia.org\/wikipedia\/commons\/thumb\/1\/10\/Juniperus_osteosperma_1.jpg\/220px-Juniperus_osteosperma_1.jpg","text":"Junipers are coniferous trees and shrubs in the genus Juniperus ( \/ d\u0292 u\u02d0 \u02c8 n \u026a p \u0259r \u0259 s \/ joo- NIP -\u0259r-\u0259s ) of the cypress family Cupressaceae. Depending on the taxonomy, between 50 and 67 species of junipers are widely distributed throughout the Northern Hemisphere as far south as tropical Africa, including the Arctic, parts of Asia, and Central America. The highest-known juniper forest occurs at an altitude of 4,900 metres (16,100\u00a0ft) in southeastern Tibet and the northern Himalayas, creating one of the highest tree lines on earth."}
{"name":"Mahonia","link":"https:\/\/en.wikipedia.org\/wiki\/Mahonia","img_link":"https:\/\/upload.wikimedia.org\/wikipedia\/commons\/thumb\/b\/b8\/Holly1web.jpg\/220px-Holly1web.jpg","text":"Mahonia is a formerly accepted genus of approximately 70 species of shrubs or, rarely, small trees with evergreen leaves in the family Berberidaceae, native to eastern Asia, the Himalaya, North America, and Central America. They are closely related to the genus Berberis and as of 2023 the majority of botanical sources list it as a synonym for Berberis."}
{"name":"Malus","link":"https:\/\/en.wikipedia.org\/wiki\/Malus","img_link":"https:\/\/upload.wikimedia.org\/wikipedia\/commons\/thumb\/2\/2f\/Purple_prince_crabapple_tree.JPG\/220px-Purple_prince_crabapple_tree.JPG","text":"Malus ( \/ \u02c8 m e\u026a l \u0259 s \/ or \/ \u02c8 m \u00e6 l \u0259 s \/ ) is a genus of about 32\u201357 species of small deciduous trees or shrubs in the family Rosaceae, including the domesticated orchard apple, crab apples (sometimes known in North America as crabapples ) and wild apples."}
{"name":"Malvaceae","link":"https:\/\/en.wikipedia.org\/wiki\/Malvaceae","img_link":"https:\/\/upload.wikimedia.org\/wikipedia\/commons\/thumb\/6\/6e\/Malva_parviflora_small.jpg\/220px-Malva_parviflora_small.jpg","text":"Malvaceae ( \/ m \u00e6 l \u02c8 v e\u026a s i \u02cc a\u026a, - s i\u02d0 \u02cc i\u02d0 \/ ), or the mallows, is a family of flowering plants estimated to contain 244 genera with 4225 known species. Well-known members of economic importance include okra, cotton, cacao, roselle and durian. There are also some genera containing familiar ornamentals, such as Alcea (hollyhock), Malva (mallow), and Tilia (lime or linden tree). The genera with the largest numbers of species include Hibiscus (434 species), Pavonia (291 species), Sida (275 species), Ayenia (216 species), Dombeya (197 species), and Sterculia (181 species)."}
{"name":"Malvales","link":"https:\/\/en.wikipedia.org\/wiki\/Malvales","img_link":"https:\/\/upload.wikimedia.org\/wikipedia\/commons\/thumb\/9\/96\/Alcea_setosa.jpg\/220px-Alcea_setosa.jpg","text":"The Malvales are an order of flowering plants. As circumscribed by APG II -system, the order includes about 6000 species within nine families. The order is placed in the eurosids II, which are part of the eudicots."}
{"name":"Mespilus","link":"https:\/\/en.wikipedia.org\/wiki\/Mespilus","img_link":"https:\/\/upload.wikimedia.org\/wikipedia\/commons\/thumb\/9\/99\/Medlar_pomes_and_leaves.jpg\/220px-Medlar_pomes_and_leaves.jpg","text":"Mespilus, commonly called medlar, is a monotypic genus of flowering plants in the family Rosaceae containing the single species Mespilus germanica of southwest Asia. It is also found in some countries in the Balkans, especially in Albanian, North Macedonian and Bulgarian regions, and in western parts of Caucasian Georgia. A second proposed species, Mespilus canescens, discovered in North America in 1990, proved to be a hybrid between M. germanica and one or more species of hawthorn, and is properly known as \u00d7 Crataemespilus canescens."}
{"name":"Myrica","link":"https:\/\/en.wikipedia.org\/wiki\/Myrica","img_link":"https:\/\/upload.wikimedia.org\/wikipedia\/commons\/thumb\/4\/4e\/Gagelstrauch%28Myrica_gale%29female.JPG\/220px-Gagelstrauch%28Myrica_gale%29female.JPG","text":"Myrica \/ m \u026a \u02c8 r a\u026a k \u0259 \/ is a genus of about 35\u201350 species of small trees and shrubs in the family Myricaceae, order Fagales. The genus has a wide distribution, including Africa, Asia, Europe, North America, and South America, and missing only from Antarctica and Oceania. Some botanists split the genus into two genera on the basis of the catkin and fruit structure, restricting Myrica to a few species, and treating the others in Morella."}
{"name":"Myricaceae","link":"https:\/\/en.wikipedia.org\/wiki\/Myricaceae","img_link":"https:\/\/upload.wikimedia.org\/wikipedia\/commons\/thumb\/d\/d6\/Myrica_faya.jpg\/220px-Myrica_faya.jpg","text":"Myricaceae is a small family of dicotyledonous shrubs and small trees in the order Fagales with its type genus Myrica, the sweet gales. There are three genera in the family, although some botanists separate many species from Myrica into a fourth genus Morella. About 55 species are usually accepted in Myrica (with Morella included), one in Canacomyrica, and one in Comptonia."}
{"name":"Nettle (urtica)","link":"https:\/\/en.wikipedia.org\/wiki\/Nettle_(urtica)","img_link":"\/static\/images\/icons\/wikipedia.png","text":"No description available"}
{"name":"Papaver","link":"https:\/\/en.wikipedia.org\/wiki\/Papaver","img_link":"https:\/\/upload.wikimedia.org\/wikipedia\/commons\/thumb\/e\/ed\/Papaver_April_2010-3.jpg\/220px-Papaver_April_2010-3.jpg","text":"Papaver \/ p \u0259 \u02c8 p e\u026a v \u0259r \/ is a genus of 70\u2013100 species of frost-tolerant annuals, biennials, and perennials native to temperate and cold regions of Eurasia, Africa and North America. It is the type genus of the poppy family, Papaveraceae."}
{"name":"Papaveraceae","link":"https:\/\/en.wikipedia.org\/wiki\/Papaveraceae","img_link":"https:\/\/upload.wikimedia.org\/wikipedia\/commons\/thumb\/9\/9a\/2010-06-29_%2828%29_Papaver_rhoeas.jpg\/220px-2010-06-29_%2828%29_Papaver_rhoeas.jpg","text":"The Papaveraceae, \/ p \u0259 \u02cc p \u00e6 v \u0259 \u02c8 r e\u026a s i \u02cc i\u02d0 \/ informally known as the poppy family, are an economically important family of about 42 genera and approximately 775 known species of flowering plants in the order Ranunculales. The family is cosmopolitan, occurring in temperate and subtropical climates (mostly in the northern hemisphere) like Eastern Asia as well as California in North America. It is almost unknown in the tropics. Most are herbaceous plants, but a few are shrubs and small trees. The family currently includes two groups that have been considered to be separate families: Fumariaceae and Pteridophyllaceae. Papaver is the classical name for poppy in Latin."}
{"name":"Pinaceae","link":"https:\/\/en.wikipedia.org\/wiki\/Pinaceae","img_link":"https:\/\/upload.wikimedia.org\/wikipedia\/commons\/thumb\/4\/4e\/Glacier-Lyman-Tamarack.jpg\/220px-Glacier-Lyman-Tamarack.jpg","text":"The Pinaceae ( \/ p \u026a \u02c8 n e\u026a s i\u02d0 \u02cc i\u02d0, - s i \u02cc a\u026a \/ ), or pine family, are conifer trees or shrubs, including many of the well-known conifers of commercial importance such as cedars, firs, hemlocks, pi\u00f1ons, larches, pines and spruces. The family is included in the order Pinales, formerly known as Coniferales. Pinaceae have distinctive cones with woody scales bearing typically two ovules, and are supported as monophyletic by both morphological trait and genetic analysis. They are the largest extant conifer family in species diversity, with between 220 and 250 species (depending on taxonomic opinion) in 11 genera, and the second-largest (after Cupressaceae ) in geographical range, found in most of the Northern Hemisphere, with the majority of the species in temperate climates, but ranging from subarctic to tropical. The family often forms the dominant component of boreal, coastal, and montane forests. One species, Pinus merkusii, grows just south of the equator in Southeast Asia. Major centres of diversity are found in the mountains of southwest China, Mexico, central Japan, and California."}
{"name":"Pinophytina","link":"https:\/\/en.wikipedia.org\/wiki\/Pinophytina","img_link":"\/static\/images\/icons\/wikipedia.png","text":"No description available"}
{"name":"Pinus","link":"https:\/\/en.wikipedia.org\/wiki\/Pinus","img_link":"https:\/\/upload.wikimedia.org\/wikipedia\/commons\/thumb\/e\/ec\/Pinus_densiflora_Kumgangsan.jpg\/220px-Pinus_densiflora_Kumgangsan.jpg","text":"A pine is any conifer tree or shrub in the genus Pinus ( \/ \u02c8 p a\u026a n \u0259 s \/ ) of the family Pinaceae. Pinus is the sole genus in the subfamily Pinoideae."}
{"name":"Plantae","link":"https:\/\/en.wikipedia.org\/wiki\/Plantae","img_link":"https:\/\/upload.wikimedia.org\/wikipedia\/commons\/thumb\/5\/57\/Fr%C3%BChling_bl%C3%BChender_Kirschenbaum.jpg\/127px-Fr%C3%BChling_bl%C3%BChender_Kirschenbaum.jpg","text":"No description available"}
{"name":"Poaceae","link":"https:\/\/en.wikipedia.org\/wiki\/Poaceae","img_link":"https:\/\/upload.wikimedia.org\/wikipedia\/commons\/thumb\/a\/ad\/Meadow_Foxtail_head.jpg\/220px-Meadow_Foxtail_head.jpg","text":"No description available"}
{"name":"Poales","link":"https:\/\/en.wikipedia.org\/wiki\/Poales","img_link":"https:\/\/upload.wikimedia.org\/wikipedia\/commons\/thumb\/4\/42\/Zbo%C5%BCe.jpg\/220px-Zbo%C5%BCe.jpg","text":"The Poales are a large order of flowering plants in the monocotyledons, and includes families of plants such as the grasses, bromeliads, rushes and sedges. Sixteen plant families are currently recognized by botanists to be part of Poales."}
{"name":"Prosopis","link":"https:\/\/en.wikipedia.org\/wiki\/Prosopis","img_link":"https:\/\/upload.wikimedia.org\/wikipedia\/commons\/thumb\/7\/73\/Prosopis_caldenia.jpg\/220px-Prosopis_caldenia.jpg","text":"Prosopis is a genus of flowering plants in the family Fabaceae. It contains around 45 species of spiny trees and shrubs found in subtropical and tropical regions of the Americas, Africa, Western Asia, and South Asia. They often thrive in arid soil and are resistant to drought, on occasion developing extremely deep root systems. Their wood is usually hard, dense and durable. Their fruits are pods and may contain large amounts of sugar. The generic name means \" burdock \" in late Latin and originated in the Greek language."}
{"name":"Prunus","link":"https:\/\/en.wikipedia.org\/wiki\/Prunus","img_link":"https:\/\/upload.wikimedia.org\/wikipedia\/commons\/thumb\/5\/57\/Fr%C3%BChling_bl%C3%BChender_Kirschenbaum.jpg\/220px-Fr%C3%BChling_bl%C3%BChender_Kirschenbaum.jpg","text":"Prunus is a genus of flowering trees and shrubs from the family Rosaceae, which includes plums, cherries, peaches, nectarines, apricots and almonds (collectively stonefruit ). The genus has a cosmopolitan distribution, being native to the temperate regions of North America, the neotropics of South America, and temperate and tropical regions of Eurasia and Africa, There are about 340 accepted species as of March\u00a02024."}
{"name":"Quercus","link":"https:\/\/en.wikipedia.org\/wiki\/Quercus","img_link":"https:\/\/upload.wikimedia.org\/wikipedia\/commons\/thumb\/a\/af\/Quercus_robur.jpg\/220px-Quercus_robur.jpg","text":"No description available"}
{"name":"Ranunculales","link":"https:\/\/en.wikipedia.org\/wiki\/Ranunculales","img_link":"https:\/\/upload.wikimedia.org\/wikipedia\/commons\/thumb\/8\/8a\/Creeping_butercup_close_800.jpg\/220px-Creeping_butercup_close_800.jpg","text":"Ranunculales is an order of flowering plants. Of necessity it contains the family Ranunculaceae, the buttercup family, because the name of the order is based on the name of a genus in that family. Ranunculales belongs to a paraphyletic group known as the basal eudicots. It is the most basal clade in this group; in other words, it is sister to the remaining eudicots. Widely known members include poppies, barberries, hellebores, and buttercups."}
{"name":"Ribes","link":"https:\/\/en.wikipedia.org\/wiki\/Ribes","img_link":"https:\/\/upload.wikimedia.org\/wikipedia\/commons\/thumb\/4\/4c\/Ribes_divaricatum_5391.JPG\/220px-Ribes_divaricatum_5391.JPG","text":"Ribes ( \/ \u02c8 r a\u026a b i\u02d0 z \/ ) is a genus of about 200 known species of flowering plants, most of them native to the temperate regions of the Northern Hemisphere. The species may be known as various kinds of currants, such as redcurrants, blackcurrants, and whitecurrants, or as gooseberries, and some are cultivated for their edible fruit or as ornamental plants. Ribes is the only genus in the family Grossulariaceae."}
{"name":"Rosaceae","link":"https:\/\/en.wikipedia.org\/wiki\/Rosaceae","img_link":"https:\/\/upload.wikimedia.org\/wikipedia\/commons\/thumb\/9\/9b\/Rosa_pouzinii_FlowerCloseup_SierraMadrona.jpg\/220px-Rosa_pouzinii_FlowerCloseup_SierraMadrona.jpg","text":"Rosaceae ( \/ r o\u028a \u02c8 z e\u026a s i\u02d0. i\u02d0, - s i. a\u026a, - s i. e\u026a \/ ), the rose family, is a family of flowering plants that includes 4,828 known species in 91 genera."}
{"name":"Rosales","link":"https:\/\/en.wikipedia.org\/wiki\/Rosales","img_link":"https:\/\/upload.wikimedia.org\/wikipedia\/commons\/thumb\/6\/61\/Illustration_Rosa_majalis0.jpg\/220px-Illustration_Rosa_majalis0.jpg","text":"Rosales ( \/ r o\u028a \u02c8 z e\u026a l i\u02d0 z \/, roh- ZAY -leez ) are an order of flowering plants. Well-known members of Rosales include: roses, strawberries, blackberries and raspberries, apples and pears, plums, peaches and apricots, almonds, rowan and hawthorn, jujube, elms, banyans, figs, mulberries, breadfruit, nettles, hops, and cannabis."}
{"name":"Salicornia","link":"https:\/\/en.wikipedia.org\/wiki\/Salicornia","img_link":"https:\/\/upload.wikimedia.org\/wikipedia\/commons\/thumb\/3\/3b\/Salicornia_europaea_MS_0802.JPG\/220px-Salicornia_europaea_MS_0802.JPG","text":"Salicornia is a genus of succulent, halophytic (salt tolerant) flowering plants in the family Amaranthaceae that grow in salt marshes, on beaches, and among mangroves. Salicornia species are native to North America, Europe, central Asia, and southern Africa. Common names for the genus include glasswort, pickleweed, picklegrass, and marsh samphire; these common names are also used for some species not in Salicornia. To French speakers in Atlantic Canada, they are known colloquially as t\u00e9tines de souris ('mouse tits'). The main European species is often eaten, called marsh samphire in Britain, and the main North American species is occasionally sold in grocery stores or appears on restaurant menus as sea beans, samphire greens or sea asparagus."}
{"name":"Sambucus","link":"https:\/\/en.wikipedia.org\/wiki\/Sambucus","img_link":"https:\/\/upload.wikimedia.org\/wikipedia\/commons\/thumb\/a\/a9\/Sambucus-berries.jpg\/220px-Sambucus-berries.jpg","text":"Sambucus is a genus of flowering plants in the family Adoxaceae. The various species are commonly referred to as elder, elderflower or elderberry."}
{"name":"Saxifragales","link":"https:\/\/en.wikipedia.org\/wiki\/Saxifragales","img_link":"https:\/\/upload.wikimedia.org\/wikipedia\/commons\/thumb\/7\/7a\/20170509Saxifraga_granulata4.jpg\/220px-20170509Saxifraga_granulata4.jpg","text":"No description available"}
{"name":"Silene","link":"https:\/\/en.wikipedia.org\/wiki\/Silene","img_link":"https:\/\/upload.wikimedia.org\/wikipedia\/commons\/thumb\/2\/27\/Silene_dioica_Crozon_060416w.jpg\/220px-Silene_dioica_Crozon_060416w.jpg","text":"Silene is a genus of flowering plants in the family Caryophyllaceae. Containing nearly 900 species, it is the largest genus in the family. Common names include campion and catchfly. Many Silene species are widely distributed, particularly in the northern hemisphere."}
{"name":"Sorbus","link":"https:\/\/en.wikipedia.org\/wiki\/Sorbus","img_link":"https:\/\/upload.wikimedia.org\/wikipedia\/commons\/thumb\/9\/9c\/Sorbus_aucuparia_aka_rowan.jpg\/220px-Sorbus_aucuparia_aka_rowan.jpg","text":"Sorbus is a genus of over 100 species of trees and shrubs in the rose family, Rosaceae. Species of Sorbus ( s.l. ) are commonly known as whitebeam, rowan, mountain-ash and service tree. The exact number of species is disputed depending on the circumscription of the genus, and also due to the number of apomictic microspecies, which some treat as distinct species, but others group in a smaller number of variable species. Recent treatments classify Sorbus in a narrower sense to include only the pinnate leaved species of subgenus Sorbus, raising several of the other subgenera to generic rank."}
{"name":"Spermatophyta","link":"https:\/\/en.wikipedia.org\/wiki\/Spermatophyta","img_link":"https:\/\/upload.wikimedia.org\/wikipedia\/commons\/thumb\/b\/bc\/PinusSylvestris.jpg\/110px-PinusSylvestris.jpg","text":"A seed plant or spermatophyte ( lit. ' seed plant '; from Ancient Greek \u03c3\u03c0\u03ad\u03c1\u03bc\u03b1\u03c4\u03bf\u03c2 ( sp\u00e9rmatos ) 'seed' and \u03c6\u03c5\u03c4\u03cc\u03bd (phyt\u00f3n) 'plant'), also known as a phanerogam (taxon Phanerogamae ) or a phaenogam (taxon Phaenogamae ), is any plant that produces seeds. It is a category of embryophyte (i.e. land plant) that includes most of the familiar land plants, including the flowering plants and the gymnosperms, but not ferns, mosses, or algae."}
{"name":"Stellaria","link":"https:\/\/en.wikipedia.org\/wiki\/Stellaria","img_link":"https:\/\/upload.wikimedia.org\/wikipedia\/commons\/thumb\/e\/e9\/Greater_Stitchwort_close_800.jpg\/220px-Greater_Stitchwort_close_800.jpg","text":"Stellaria is a genus of about 190 species of flowering plants in the family Caryophyllaceae, with a cosmopolitan distribution. Common names include starwort, stitchwort and chickweed."}
{"name":"Streptophyta","link":"https:\/\/en.wikipedia.org\/wiki\/Streptophyta","img_link":"https:\/\/upload.wikimedia.org\/wikipedia\/commons\/thumb\/5\/5d\/Streptophyta-x4.jpg\/220px-Streptophyta-x4.jpg","text":"Streptophyta ( \/ s t r \u025b p \u02c8 t \u0252 f \u026a t \u0259, \u02c8 s t r \u025b p t o\u028a f a\u026a t \u0259 \/ ), informally the streptophytes ( \/ \u02c8 s t r \u025b p t \u0259 f a\u026a t s \/, from the Greek strepto 'twisted', for the morphology of the sperm of some members), is a clade of plants. The composition of the clade varies considerably between authors, but the definition employed here includes land plants and all green algae except the Chlorophyta and the more basal Prasinodermophyta."}
{"name":"Taraxacum","link":"https:\/\/en.wikipedia.org\/wiki\/Taraxacum","img_link":"https:\/\/upload.wikimedia.org\/wikipedia\/commons\/thumb\/4\/4f\/DandelionFlower.jpg\/220px-DandelionFlower.jpg","text":"Taraxacum ( \/ t \u0259 \u02c8 r \u00e6 k s \u0259 k \u0259 m \/ ) is a large genus of flowering plants in the family Asteraceae, which consists of species commonly known as dandelions. The scientific and hobby study of the genus is known as taraxacology. The genus is native to Eurasia but the two most commonplace species worldwide, T.\u00a0officinale (the common dandelion) and T.\u00a0erythrospermum (the red-seeded dandelion), were introduced from Europe into North America, where they are an invasive species. Dandelions thrive in temperate regions and can be found in yards, gardens, sides of roads, among crops, and in many other habitats. Both species are edible in their entirety and have a long history of consumption. The common name dandelion ( \/ \u02c8 d \u00e6 n d \u0259 l a\u026a. \u0259n \/ DAN -d\u0259-ly-\u0259n; from French dent-de-lion 'lion's tooth', referring to the jagged leaves) is also given to specific members of the genus."}
{"name":"Tilia","link":"https:\/\/en.wikipedia.org\/wiki\/Tilia","img_link":"https:\/\/upload.wikimedia.org\/wikipedia\/commons\/thumb\/8\/8d\/Tilia_tomentosa.jpg\/220px-Tilia_tomentosa.jpg","text":"Tilia is a genus of about 30 species of trees or bushes, native throughout most of the temperate Northern Hemisphere. The tree is known as linden for the European species, and basswood for North American species. In Great Britain and Ireland they are commonly called lime trees, although they are not related to the citrus lime. The genus occurs in Europe and eastern North America, but the greatest species diversity is found in Asia. Under the Cronquist classification system, this genus was placed in the family Tiliaceae, but genetic research summarised by the Angiosperm Phylogeny Group has resulted in the incorporation of this genus, and of most of the previous family, into the Fabaceae."}
{"name":"Tracheophyta","link":"https:\/\/en.wikipedia.org\/wiki\/Tracheophyta","img_link":"https:\/\/upload.wikimedia.org\/wikipedia\/commons\/thumb\/8\/8f\/Athyrium_filix-femina_RF.jpg\/220px-Athyrium_filix-femina_RF.jpg","text":"Vascular plants (from Latin vasculum 'duct'), also called tracheophytes ( UK: \/ \u02c8 t r \u00e6 k i\u02d0 \u0259 \u02cc f a\u026a t s \/, US: \/ \u02c8 t r e\u026a k i\u02d0 \u0259 \u02cc f a\u026a t s \/ ) or collectively tracheophyta ( \/ \u02cc t r e\u026a k i\u02d0 \u02c8 \u0252 f \u026a t \u0259 \/; from Ancient Greek \u03c4\u03c1\u03b1\u03c7\u03b5\u1fd6\u03b1 \u1f00\u03c1\u03c4\u03b7\u03c1\u03af\u03b1 ( trakhe\u00eea art\u0113r\u00eda ) 'windpipe' and \u03c6\u03c5\u03c4\u03ac ( phut\u00e1 ) 'plants'), are plants that have lignified tissues (the xylem ) for conducting water and minerals throughout the plant. They also have a specialized non-lignified tissue (the phloem ) to conduct products of photosynthesis. The group includes most land plants ( c. 300,000 accepted known species) other than mosses."}
{"name":"Urticaceae","link":"https:\/\/en.wikipedia.org\/wiki\/Urticaceae","img_link":"https:\/\/upload.wikimedia.org\/wikipedia\/commons\/thumb\/c\/cd\/Urtica_dioica_%28Bl%C3%BCten%29.jpg\/220px-Urtica_dioica_%28Bl%C3%BCten%29.jpg","text":"The Urticaceae \/ \u025c\u02d0r t \u026a \u02c8 k e\u026a s i\u02d0 \/ are a family, the nettle family, of flowering plants. The family name comes from the genus Urtica. The Urticaceae include a number of well-known and useful plants, including nettles in the genus Urtica, ramie ( Boehmeria nivea ), m\u0101maki ( Pipturus albidus ), and ajlai ( Debregeasia saeneb )."}
{"name":"Vaccinium","link":"https:\/\/en.wikipedia.org\/wiki\/Vaccinium","img_link":"https:\/\/upload.wikimedia.org\/wikipedia\/commons\/thumb\/8\/8b\/Vaccinium.jpg\/220px-Vaccinium.jpg","text":"Vaccinium \/ v \u00e6 k \u02c8 s \u026a n i \u0259 m \/ is a common and widespread genus of shrubs or dwarf shrubs in the heath family (Ericaceae). The fruits of many species are eaten by humans and some are of commercial importance, including the cranberry, blueberry, bilberry (whortleberry), lingonberry (cowberry), and huckleberry. Like many other heath plants, they are restricted to acidic soils."}
{"name":"Viburnaceae","link":"https:\/\/en.wikipedia.org\/wiki\/Viburnaceae","img_link":"https:\/\/upload.wikimedia.org\/wikipedia\/commons\/thumb\/b\/b1\/Adoxa_moschatellina01.jpg\/220px-Adoxa_moschatellina01.jpg","text":"Adoxaceae, commonly known as moschatel family, is a small family of flowering plants in the order Dipsacales, now consisting of five genera and about 150\u2013200 species. They are characterised by opposite toothed leaves, small five- or, more rarely, four-petalled flowers in cymose inflorescences, and the fruit being a drupe. They are thus similar to many Cornaceae."}
