{"title":"rye, rye berry","link":"https:\/\/en.wikipedia.org\/wiki\/Rye","QID":"Q12099","img_link":"https:\/\/upload.wikimedia.org\/wikipedia\/commons\/thumb\/7\/79\/Ear_of_rye.jpg\/220px-Ear_of_rye.jpg","text":"No description available","superkingdom":"Archaeplastida","kingdom":"Plantae","subkingdom":"Viridiplantae","infrakingdom":"Streptophyta","superdivision":"Embryophytes","division":"Tracheophyta","subdivision":"Spermatophyta","order":"Poales","family":"Poaceae","genus":"Secale","species":"S. cereale","species_cleaned":"cereale","species_info":{"species_name":"cereale","title":"rye, rye berry","link":"https:\/\/en.wikipedia.org\/wiki\/Rye","img_link":"https:\/\/upload.wikimedia.org\/wikipedia\/commons\/thumb\/7\/79\/Ear_of_rye.jpg\/220px-Ear_of_rye.jpg","text":"No description available"}}
{"title":"durum, durum wheat","link":"https:\/\/en.wikipedia.org\/wiki\/Triticum_durum","QID":"Q131056270","img_link":"https:\/\/upload.wikimedia.org\/wikipedia\/commons\/thumb\/5\/5d\/Triticum_durum.jpg\/220px-Triticum_durum.jpg","text":"Durum wheat ( \/ \u02c8 dj \u028a\u0259r \u0259 m \/ ), also called pasta wheat or macaroni wheat ( Triticum durum or Triticum turgidum subsp. durum ), is a tetraploid species of wheat. It is the second most cultivated species of wheat after common wheat, although it represents only 5% to 8% of global wheat production. It was developed by artificial selection of the domesticated emmer wheat strains formerly grown in Central Europe and the Near East around 7000 BC, which developed a naked, free-threshing form. Like emmer, durum wheat is awned (with bristles). It is the predominant wheat that grows in the Middle East.","superkingdom":"Archaeplastida","kingdom":"Plantae","subkingdom":"Viridiplantae","infrakingdom":"Streptophyta","superdivision":"Embryophytes","division":"Tracheophyta","subdivision":"Spermatophyta","order":"Poales","family":"Poaceae","genus":"Triticum","species":"T. durum","species_cleaned":"durum","species_info":{"species_name":"durum","title":"durum, durum wheat","link":"https:\/\/en.wikipedia.org\/wiki\/Triticum_durum","img_link":"https:\/\/upload.wikimedia.org\/wikipedia\/commons\/thumb\/5\/5d\/Triticum_durum.jpg\/220px-Triticum_durum.jpg","text":"Durum wheat ( \/ \u02c8 dj \u028a\u0259r \u0259 m \/ ), also called pasta wheat or macaroni wheat ( Triticum durum or Triticum turgidum subsp. durum ), is a tetraploid species of wheat. It is the second most cultivated species of wheat after common wheat, although it represents only 5% to 8% of global wheat production. It was developed by artificial selection of the domesticated emmer wheat strains formerly grown in Central Europe and the Near East around 7000 BC, which developed a naked, free-threshing form. Like emmer, durum wheat is awned (with bristles). It is the predominant wheat that grows in the Middle East."}}
{"title":"African rice","link":"https:\/\/en.wikipedia.org\/wiki\/Oryza_glaberrima","QID":"","img_link":"https:\/\/upload.wikimedia.org\/wikipedia\/commons\/thumb\/5\/58\/Oryza_glaberrima_seeds.jpg\/220px-Oryza_glaberrima_seeds.jpg","text":"Oryza glaberrima, commonly known as African rice, is one of the two domesticated rice species. It was first domesticated and grown in West Africa around 3,000 years ago. In agriculture, it has largely been replaced by higher-yielding Asian rice ( O. sativa ), and the number of varieties grown is declining. It still persists, making up an estimated 20% of rice grown in West Africa. It is now rarely sold in West African markets, having been replaced by Asian strains.","superkingdom":"Archaeplastida","kingdom":"Plantae","subkingdom":"Viridiplantae","infrakingdom":"Streptophyta","superdivision":"Embryophytes","division":"Tracheophyta","subdivision":"Spermatophyta","order":"Poales","family":"Poaceae","genus":"Oryza","species":"O. glaberrima","species_cleaned":"glaberrima","species_info":{"species_name":"glaberrima","title":"African rice","link":"https:\/\/en.wikipedia.org\/wiki\/Oryza_glaberrima","img_link":"https:\/\/upload.wikimedia.org\/wikipedia\/commons\/thumb\/5\/58\/Oryza_glaberrima_seeds.jpg\/220px-Oryza_glaberrima_seeds.jpg","text":"Oryza glaberrima, commonly known as African rice, is one of the two domesticated rice species. It was first domesticated and grown in West Africa around 3,000 years ago. In agriculture, it has largely been replaced by higher-yielding Asian rice ( O. sativa ), and the number of varieties grown is declining. It still persists, making up an estimated 20% of rice grown in West Africa. It is now rarely sold in West African markets, having been replaced by Asian strains."}}
{"title":"blackfonio","link":"https:\/\/en.wikipedia.org\/wiki\/Digitaria_iburua","QID":"","img_link":"https:\/\/upload.wikimedia.org\/wikipedia\/commons\/thumb\/4\/47\/Digitaria_iburua_in_Jardin_botanique_de_la_Charme.jpg\/220px-Digitaria_iburua_in_Jardin_botanique_de_la_Charme.jpg","text":"Digitaria iburua, commonly known as iburu, is a grass species native to west and west-central tropical Africa, which is cultivated as a grain crop known as black fonio.","superkingdom":"Archaeplastida","kingdom":"Plantae","subkingdom":"Viridiplantae","infrakingdom":"Streptophyta","superdivision":"Embryophytes","division":"Tracheophyta","subdivision":"Spermatophyta","order":"Poales","family":"Poaceae","genus":"Digitaria","species":"D. iburua","species_cleaned":"iburua","species_info":{"species_name":"iburua","title":"blackfonio","link":"https:\/\/en.wikipedia.org\/wiki\/Digitaria_iburua","img_link":"https:\/\/upload.wikimedia.org\/wikipedia\/commons\/thumb\/4\/47\/Digitaria_iburua_in_Jardin_botanique_de_la_Charme.jpg\/220px-Digitaria_iburua_in_Jardin_botanique_de_la_Charme.jpg","text":"Digitaria iburua, commonly known as iburu, is a grass species native to west and west-central tropical Africa, which is cultivated as a grain crop known as black fonio."}}
{"title":"Wild rice","link":"https:\/\/en.wikipedia.org\/wiki\/Wild_rice","QID":"Q11142858","img_link":"https:\/\/upload.wikimedia.org\/wikipedia\/commons\/thumb\/a\/a4\/Zizania_palustris_%2820150198216%29.jpg\/220px-Zizania_palustris_%2820150198216%29.jpg","text":"Wild rice, also called manoomin, mnomen, ps\u00ed\u014b, Canada rice, Indian rice, or water oats, is any of four species of grasses that form the genus Zizania, and the grain that can be harvested from them. The grain was historically and is still gathered and eaten in North America and, to a lesser extent, China, where the plant's stem is used as a vegetable.","superkingdom":"Archaeplastida","kingdom":"Plantae","subkingdom":"Viridiplantae","infrakingdom":"Streptophyta","superdivision":"Embryophytes","division":"Tracheophyta","subdivision":"Spermatophyta","order":"Poales","family":"Poaceae","genus":"Zizania","species":"Zizania palustris","species_cleaned":"palustris","species_info":{"species_name":"palustris","title":"Wild rice","link":"https:\/\/en.wikipedia.org\/wiki\/Wild_rice","img_link":"https:\/\/upload.wikimedia.org\/wikipedia\/commons\/thumb\/a\/a4\/Zizania_palustris_%2820150198216%29.jpg\/220px-Zizania_palustris_%2820150198216%29.jpg","text":"Wild rice, also called manoomin, mnomen, ps\u00ed\u014b, Canada rice, Indian rice, or water oats, is any of four species of grasses that form the genus Zizania, and the grain that can be harvested from them. The grain was historically and is still gathered and eaten in North America and, to a lesser extent, China, where the plant's stem is used as a vegetable."}}
{"title":"foxtail millet","link":"https:\/\/en.wikipedia.org\/wiki\/Setaria_italica","QID":"","img_link":"https:\/\/upload.wikimedia.org\/wikipedia\/commons\/thumb\/9\/9a\/Japanese_Foxtail_millet_02.jpg\/220px-Japanese_Foxtail_millet_02.jpg","text":"Foxtail millet, scientific name Setaria italica (synonym Panicum italicum L.), is an annual grass grown for human food. It is the second-most widely planted species of millet, and the most grown millet species in Asia. The oldest evidence of foxtail millet cultivation was found along the ancient course of the Yellow River in Cishan, China, carbon dated to be from around 8,000 years before present. Foxtail millet has also been grown in India since antiquity.","superkingdom":"Archaeplastida","kingdom":"Plantae","subkingdom":"Viridiplantae","infrakingdom":"Streptophyta","superdivision":"Embryophytes","division":"Tracheophyta","subdivision":"Spermatophyta","order":"Poales","family":"Poaceae","genus":"Setaria","species":"S. italica","species_cleaned":"italica","species_info":{"species_name":"italica","title":"foxtail millet","link":"https:\/\/en.wikipedia.org\/wiki\/Setaria_italica","img_link":"https:\/\/upload.wikimedia.org\/wikipedia\/commons\/thumb\/9\/9a\/Japanese_Foxtail_millet_02.jpg\/220px-Japanese_Foxtail_millet_02.jpg","text":"Foxtail millet, scientific name Setaria italica (synonym Panicum italicum L.), is an annual grass grown for human food. It is the second-most widely planted species of millet, and the most grown millet species in Asia. The oldest evidence of foxtail millet cultivation was found along the ancient course of the Yellow River in Cishan, China, carbon dated to be from around 8,000 years before present. Foxtail millet has also been grown in India since antiquity."}}
{"title":"proso millet","link":"https:\/\/en.wikipedia.org\/wiki\/Panicum_miliaceum","QID":"","img_link":"https:\/\/upload.wikimedia.org\/wikipedia\/commons\/thumb\/4\/40\/Mature_Proso_Millet_Panicles.jpg\/220px-Mature_Proso_Millet_Panicles.jpg","text":"Panicum miliaceum is a grain crop with many common names, including proso millet, broomcorn millet, common millet, hog millet, Kashfi millet, red millet, and white millet. Archaeobotanical evidence suggests millet was first domesticated about 10,000 BP in Northern China. Major cultivated areas include Northern China, Himachal Pradesh of India, Nepal, Russia, Ukraine, Belarus, the Middle East, Turkey, Romania, and the Great Plains states of the United States. About 500,000 acres (200,000 hectares) are grown each year. The crop is notable both for its extremely short lifecycle, with some varieties producing grain only 60 days after planting, and its low water requirements, producing grain more efficiently per unit of moisture than any other grain species tested. The name \"proso millet\" comes from the pan-Slavic general and generic name for millet ( Serbo-Croatian: proso \/ \u043f\u0440\u043e\u0441\u043e, Czech: proso, Polish: proso, Russian: \u043f\u0440\u043e\u0441\u043e ).","superkingdom":"Archaeplastida","kingdom":"Plantae","subkingdom":"Viridiplantae","infrakingdom":"Streptophyta","superdivision":"Embryophytes","division":"Tracheophyta","subdivision":"Spermatophyta","order":"Poales","family":"Poaceae","genus":"Panicum","species":"P. miliaceum","species_cleaned":"miliaceum","species_info":{"species_name":"miliaceum","title":"proso millet","link":"https:\/\/en.wikipedia.org\/wiki\/Panicum_miliaceum","img_link":"https:\/\/upload.wikimedia.org\/wikipedia\/commons\/thumb\/4\/40\/Mature_Proso_Millet_Panicles.jpg\/220px-Mature_Proso_Millet_Panicles.jpg","text":"Panicum miliaceum is a grain crop with many common names, including proso millet, broomcorn millet, common millet, hog millet, Kashfi millet, red millet, and white millet. Archaeobotanical evidence suggests millet was first domesticated about 10,000 BP in Northern China. Major cultivated areas include Northern China, Himachal Pradesh of India, Nepal, Russia, Ukraine, Belarus, the Middle East, Turkey, Romania, and the Great Plains states of the United States. About 500,000 acres (200,000 hectares) are grown each year. The crop is notable both for its extremely short lifecycle, with some varieties producing grain only 60 days after planting, and its low water requirements, producing grain more efficiently per unit of moisture than any other grain species tested. The name \"proso millet\" comes from the pan-Slavic general and generic name for millet ( Serbo-Croatian: proso \/ \u043f\u0440\u043e\u0441\u043e, Czech: proso, Polish: proso, Russian: \u043f\u0440\u043e\u0441\u043e )."}}
{"title":"buckwheat, buckwheat groat*","link":"https:\/\/en.wikipedia.org\/wiki\/Buckwheat","QID":"Q132734","img_link":"https:\/\/upload.wikimedia.org\/wikipedia\/commons\/thumb\/a\/a7\/Japanese_Buckwheat_Flower.JPG\/220px-Japanese_Buckwheat_Flower.JPG","text":"Buckwheat ( Fagopyrum esculentum ) or common buckwheat is a flowering plant in the knotweed family Polygonaceae cultivated for its grain-like seeds and as a cover crop. Buckwheat originated around the 6th millennium BCE in the region of what is now Yunnan Province in southwestern China. The name \"buckwheat\" is used for several other species, such as Fagopyrum tataricum, a domesticated food plant raised in Asia.","superkingdom":"Archaeplastida","kingdom":"Plantae","subkingdom":"Viridiplantae","infrakingdom":"Streptophyta","superdivision":"Embryophytes","division":"Tracheophyta","subdivision":"Spermatophyta","order":"Caryophyllales","family":"Polygonaceae","genus":"Fagopyrum","species":"F. esculentum","species_cleaned":"esculentum","species_info":{"species_name":"esculentum","title":"buckwheat, buckwheat groat*","link":"https:\/\/en.wikipedia.org\/wiki\/Buckwheat","img_link":"https:\/\/upload.wikimedia.org\/wikipedia\/commons\/thumb\/a\/a7\/Japanese_Buckwheat_Flower.JPG\/220px-Japanese_Buckwheat_Flower.JPG","text":"Buckwheat ( Fagopyrum esculentum ) or common buckwheat is a flowering plant in the knotweed family Polygonaceae cultivated for its grain-like seeds and as a cover crop. Buckwheat originated around the 6th millennium BCE in the region of what is now Yunnan Province in southwestern China. The name \"buckwheat\" is used for several other species, such as Fagopyrum tataricum, a domesticated food plant raised in Asia."}}
{"title":"flax, flaxseed, linseed*","link":"https:\/\/en.wikipedia.org\/wiki\/Flax","QID":"","img_link":"https:\/\/upload.wikimedia.org\/wikipedia\/commons\/thumb\/a\/a8\/K%C3%B6hler%27s_Medizinal-Pflanzen_in_naturgetreuen_Abbildungen_mit_kurz_erl%C3%A4uterndem_Texte_%28Plate_16%29_BHL303594.jpg\/220px-K%C3%B6hler%27s_Medizinal-Pflanzen_in_naturgetreuen_Abbildungen_mit_kurz_erl%C3%A4uterndem_Texte_%28Plate_16%29_BHL303594.jpg","text":"Flax, also known as common flax or linseed, is a flowering plant, Linum usitatissimum, in the family Linaceae. It is cultivated as a food and fiber crop in regions of the world with temperate climates. In 2022, France produced 75% of the world's supply of flax.","superkingdom":"Archaeplastida","kingdom":"Plantae","subkingdom":"","infrakingdom":"","superdivision":"","division":"","subdivision":"","order":"Malpighiales","family":"Linaceae","genus":"Linum","species":"L. usitatissimum","species_cleaned":"usitatissimum","species_info":{"species_name":"usitatissimum","title":"flax, flaxseed, linseed*","link":"https:\/\/en.wikipedia.org\/wiki\/Flax","img_link":"https:\/\/upload.wikimedia.org\/wikipedia\/commons\/thumb\/a\/a8\/K%C3%B6hler%27s_Medizinal-Pflanzen_in_naturgetreuen_Abbildungen_mit_kurz_erl%C3%A4uterndem_Texte_%28Plate_16%29_BHL303594.jpg\/220px-K%C3%B6hler%27s_Medizinal-Pflanzen_in_naturgetreuen_Abbildungen_mit_kurz_erl%C3%A4uterndem_Texte_%28Plate_16%29_BHL303594.jpg","text":"Flax, also known as common flax or linseed, is a flowering plant, Linum usitatissimum, in the family Linaceae. It is cultivated as a food and fiber crop in regions of the world with temperate climates. In 2022, France produced 75% of the world's supply of flax."}}
{"title":"barley, barley groat","link":"https:\/\/en.wikipedia.org\/wiki\/Barley","QID":"Q11577","img_link":"https:\/\/upload.wikimedia.org\/wikipedia\/commons\/thumb\/2\/20\/Barley_%28Hordeum_vulgare%29_-_United_States_National_Arboretum_-_24_May_2009.jpg\/220px-Barley_%28Hordeum_vulgare%29_-_United_States_National_Arboretum_-_24_May_2009.jpg","text":"No description available","superkingdom":"Archaeplastida","kingdom":"Plantae","subkingdom":"Viridiplantae","infrakingdom":"Streptophyta","superdivision":"Embryophytes","division":"Tracheophyta","subdivision":"Spermatophyta","order":"Poales","family":"Poaceae","genus":"Hordeum","species":"H. vulgare","species_cleaned":"vulgare","species_info":{"species_name":"vulgare","title":"barley, barley groat","link":"https:\/\/en.wikipedia.org\/wiki\/Barley","img_link":"https:\/\/upload.wikimedia.org\/wikipedia\/commons\/thumb\/2\/20\/Barley_%28Hordeum_vulgare%29_-_United_States_National_Arboretum_-_24_May_2009.jpg\/220px-Barley_%28Hordeum_vulgare%29_-_United_States_National_Arboretum_-_24_May_2009.jpg","text":"No description available"}}
{"title":"chia,chia seed*","link":"https:\/\/en.wikipedia.org\/wiki\/Salvia_hispanica","QID":"","img_link":"https:\/\/upload.wikimedia.org\/wikipedia\/commons\/thumb\/a\/a8\/Salvia_hispanica_kz2.jpg\/220px-Salvia_hispanica_kz2.jpg","text":"Salvia hispanica, one of several related species commonly known as chia ( \/ \u02c8 t\u0283 i\u02d0 \u0259 \/ ), is a species of flowering plant in the mint family, Lamiaceae, native to central and southern Mexico and Guatemala. It is considered a pseudocereal, cultivated for its edible, hydrophilic chia seed, grown and commonly used as food in several countries of western South America, western Mexico, and the southwestern United States.","superkingdom":"Archaeplastida","kingdom":"Plantae","subkingdom":"","infrakingdom":"","superdivision":"","division":"","subdivision":"","order":"Lamiales","family":"Lamiaceae","genus":"Salvia","species":"S. hispanica","species_cleaned":"hispanica","species_info":{"species_name":"hispanica","title":"chia,chia seed*","link":"https:\/\/en.wikipedia.org\/wiki\/Salvia_hispanica","img_link":"https:\/\/upload.wikimedia.org\/wikipedia\/commons\/thumb\/a\/a8\/Salvia_hispanica_kz2.jpg\/220px-Salvia_hispanica_kz2.jpg","text":"Salvia hispanica, one of several related species commonly known as chia ( \/ \u02c8 t\u0283 i\u02d0 \u0259 \/ ), is a species of flowering plant in the mint family, Lamiaceae, native to central and southern Mexico and Guatemala. It is considered a pseudocereal, cultivated for its edible, hydrophilic chia seed, grown and commonly used as food in several countries of western South America, western Mexico, and the southwestern United States."}}
{"title":"ka\u00f1iwa*","link":"https:\/\/en.wikipedia.org\/wiki\/Chenopodium_pallidicaule","QID":"","img_link":"https:\/\/upload.wikimedia.org\/wikipedia\/commons\/thumb\/e\/e2\/Canihua_%28Chenopodium_pallidicaule%29_at_Atuncolla_near_Sillustani_Juliaca.jpg\/220px-Canihua_%28Chenopodium_pallidicaule%29_at_Atuncolla_near_Sillustani_Juliaca.jpg","text":"Chenopodium pallidicaule, known as ca\u00f1ihua, canihua or ca\u00f1ahua (from Quechua 'qa\u00f1iwa, qa\u00f1awa or qa\u00f1awi') and also ka\u00f1iwa or kaniwa, is a species of goosefoot, similar in character and uses to the closely related quinoa ( Chenopodium quinoa ).","superkingdom":"Archaeplastida","kingdom":"Plantae","subkingdom":"Viridiplantae","infrakingdom":"Streptophyta","superdivision":"Embryophytes","division":"Tracheophyta","subdivision":"Spermatophyta","order":"Caryophyllales","family":"Amaranthaceae","genus":"Chenopodium","species":"C. pallidicaule","species_cleaned":"pallidicaule","species_info":{"species_name":"pallidicaule","title":"ka\u00f1iwa*","link":"https:\/\/en.wikipedia.org\/wiki\/Chenopodium_pallidicaule","img_link":"https:\/\/upload.wikimedia.org\/wikipedia\/commons\/thumb\/e\/e2\/Canihua_%28Chenopodium_pallidicaule%29_at_Atuncolla_near_Sillustani_Juliaca.jpg\/220px-Canihua_%28Chenopodium_pallidicaule%29_at_Atuncolla_near_Sillustani_Juliaca.jpg","text":"Chenopodium pallidicaule, known as ca\u00f1ihua, canihua or ca\u00f1ahua (from Quechua 'qa\u00f1iwa, qa\u00f1awa or qa\u00f1awi') and also ka\u00f1iwa or kaniwa, is a species of goosefoot, similar in character and uses to the closely related quinoa ( Chenopodium quinoa )."}}
{"title":"breadnut*","link":"https:\/\/en.wikipedia.org\/wiki\/Brosimum_alicastrum","QID":"","img_link":"https:\/\/upload.wikimedia.org\/wikipedia\/commons\/thumb\/5\/51\/Brosimum-Alicastrum_02.jpg\/220px-Brosimum-Alicastrum_02.jpg","text":"Brosimum alicastrum, commonly known as breadnut, Maya nut or ramon, and many others, is a tree species in the family Moraceae of flowering plants, whose other genera include figs and mulberries.","superkingdom":"Archaeplastida","kingdom":"Plantae","subkingdom":"","infrakingdom":"","superdivision":"","division":"","subdivision":"","order":"Rosales","family":"Moraceae","genus":"Brosimum","species":"B. alicastrum","species_cleaned":"alicastrum","species_info":{"species_name":"alicastrum","title":"breadnut*","link":"https:\/\/en.wikipedia.org\/wiki\/Brosimum_alicastrum","img_link":"https:\/\/upload.wikimedia.org\/wikipedia\/commons\/thumb\/5\/51\/Brosimum-Alicastrum_02.jpg\/220px-Brosimum-Alicastrum_02.jpg","text":"Brosimum alicastrum, commonly known as breadnut, Maya nut or ramon, and many others, is a tree species in the family Moraceae of flowering plants, whose other genera include figs and mulberries."}}
{"title":"love-lies-bleeding*","link":"https:\/\/en.wikipedia.org\/wiki\/Amaranthus_caudatus","QID":"Q162791","img_link":"https:\/\/upload.wikimedia.org\/wikipedia\/commons\/thumb\/4\/43\/3836_-_Amaranthus_caudatus_%28Zieramaranth%29.JPG\/220px-3836_-_Amaranthus_caudatus_%28Zieramaranth%29.JPG","text":"Amaranthus caudatus (also known as Amaranthus edulis and Amaranthus mantegazzianus ) is a species of annual flowering plant. It goes by common names such as love-lies-bleeding, pendant amaranth, tassel flower, velvet flower, foxtail amaranth, and quelite.","superkingdom":"Archaeplastida","kingdom":"Plantae","subkingdom":"Viridiplantae","infrakingdom":"Streptophyta","superdivision":"Embryophytes","division":"Tracheophyta","subdivision":"Spermatophyta","order":"Caryophyllales","family":"Amaranthaceae","genus":"Amaranthus","species":"Amaranthus caudatus","species_cleaned":"caudatus","species_info":{"species_name":"caudatus","title":"love-lies-bleeding*","link":"https:\/\/en.wikipedia.org\/wiki\/Amaranthus_caudatus","img_link":"https:\/\/upload.wikimedia.org\/wikipedia\/commons\/thumb\/4\/43\/3836_-_Amaranthus_caudatus_%28Zieramaranth%29.JPG\/220px-3836_-_Amaranthus_caudatus_%28Zieramaranth%29.JPG","text":"Amaranthus caudatus (also known as Amaranthus edulis and Amaranthus mantegazzianus ) is a species of annual flowering plant. It goes by common names such as love-lies-bleeding, pendant amaranth, tassel flower, velvet flower, foxtail amaranth, and quelite."}}
{"title":"white fonio","link":"https:\/\/en.wikipedia.org\/wiki\/Digitaria_exilis","QID":"","img_link":"https:\/\/upload.wikimedia.org\/wikipedia\/commons\/thumb\/3\/34\/SEN_Village_Chief_Theodore.jpg\/220px-SEN_Village_Chief_Theodore.jpg","text":"Digitaria exilis, referred to as findi or fundi in areas of Africa, such as The Gambia, with English common names white fonio, fonio millet, and hungry rice or acha rice, is a grass species. It is the most important of a diverse group of wild and domesticated Digitaria species known as fonio that are harvested in the savannas of West Africa. The grains are very small. It has potential to improve nutrition, boost food security, foster rural development and support sustainable use of the land. Despite its valuable characteristics and widespread cultivation, fonio has generally received limited research and development attention, which is also why the species is sometimes referred to as an underutilized crop.","superkingdom":"Archaeplastida","kingdom":"Plantae","subkingdom":"Viridiplantae","infrakingdom":"Streptophyta","superdivision":"Embryophytes","division":"Tracheophyta","subdivision":"Spermatophyta","order":"Poales","family":"Poaceae","genus":"Digitaria","species":"D. exilis","species_cleaned":"exilis","species_info":{"species_name":"exilis","title":"white fonio","link":"https:\/\/en.wikipedia.org\/wiki\/Digitaria_exilis","img_link":"https:\/\/upload.wikimedia.org\/wikipedia\/commons\/thumb\/3\/34\/SEN_Village_Chief_Theodore.jpg\/220px-SEN_Village_Chief_Theodore.jpg","text":"Digitaria exilis, referred to as findi or fundi in areas of Africa, such as The Gambia, with English common names white fonio, fonio millet, and hungry rice or acha rice, is a grass species. It is the most important of a diverse group of wild and domesticated Digitaria species known as fonio that are harvested in the savannas of West Africa. The grains are very small. It has potential to improve nutrition, boost food security, foster rural development and support sustainable use of the land. Despite its valuable characteristics and widespread cultivation, fonio has generally received limited research and development attention, which is also why the species is sometimes referred to as an underutilized crop."}}
{"title":"Asian rice","link":"https:\/\/en.wikipedia.org\/wiki\/Oryza_sativa","QID":"","img_link":"https:\/\/upload.wikimedia.org\/wikipedia\/commons\/thumb\/f\/f2\/Mature_Rice_%28India%29_by_Augustus_Binu.jpg\/220px-Mature_Rice_%28India%29_by_Augustus_Binu.jpg","text":"Oryza sativa, having the common name Asian cultivated rice, is the much more common of the two rice species cultivated as a cereal, the other species being O. glaberrima, African rice. It was first domesticated in the Yangtze River basin in China 13,500 to 8,200 years ago.","superkingdom":"Archaeplastida","kingdom":"Plantae","subkingdom":"Viridiplantae","infrakingdom":"Streptophyta","superdivision":"Embryophytes","division":"Tracheophyta","subdivision":"Spermatophyta","order":"Poales","family":"Poaceae","genus":"Oryza","species":"O. sativa","species_cleaned":"sativa","species_info":{"species_name":"sativa","title":"Asian rice","link":"https:\/\/en.wikipedia.org\/wiki\/Oryza_sativa","img_link":"https:\/\/upload.wikimedia.org\/wikipedia\/commons\/thumb\/f\/f2\/Mature_Rice_%28India%29_by_Augustus_Binu.jpg\/220px-Mature_Rice_%28India%29_by_Augustus_Binu.jpg","text":"Oryza sativa, having the common name Asian cultivated rice, is the much more common of the two rice species cultivated as a cereal, the other species being O. glaberrima, African rice. It was first domesticated in the Yangtze River basin in China 13,500 to 8,200 years ago."}}
{"title":"emmer","link":"https:\/\/en.wikipedia.org\/wiki\/Emmer","QID":"","img_link":"https:\/\/upload.wikimedia.org\/wikipedia\/commons\/thumb\/5\/5f\/Usdaemmer1.jpg\/220px-Usdaemmer1.jpg","text":"No description available","superkingdom":"Archaeplastida","kingdom":"Plantae","subkingdom":"Viridiplantae","infrakingdom":"Streptophyta","superdivision":"Embryophytes","division":"Tracheophyta","subdivision":"Spermatophyta","order":"Poales","family":"Poaceae","genus":"Triticum","species":"T. turgidum","species_cleaned":"turgidum","species_info":{"species_name":"turgidum","title":"emmer","link":"https:\/\/en.wikipedia.org\/wiki\/Emmer","img_link":"https:\/\/upload.wikimedia.org\/wikipedia\/commons\/thumb\/5\/5f\/Usdaemmer1.jpg\/220px-Usdaemmer1.jpg","text":"No description available"}}
{"title":"maize, corn, corn kernel","link":"https:\/\/en.wikipedia.org\/wiki\/Zea_mays","QID":"Q11575","img_link":"https:\/\/upload.wikimedia.org\/wikipedia\/commons\/thumb\/e\/e3\/Zea_mays_-_K%C3%B6hler%E2%80%93s_Medizinal-Pflanzen-283.jpg\/220px-Zea_mays_-_K%C3%B6hler%E2%80%93s_Medizinal-Pflanzen-283.jpg","text":"No description available","superkingdom":"Archaeplastida","kingdom":"Plantae","subkingdom":"Viridiplantae","infrakingdom":"Streptophyta","superdivision":"Embryophytes","division":"Tracheophyta","subdivision":"Spermatophyta","order":"Poales","family":"Poaceae","genus":"Zea","species":"Z. mays","species_cleaned":"mays","species_info":{"species_name":"mays","title":"maize, corn, corn kernel","link":"https:\/\/en.wikipedia.org\/wiki\/Zea_mays","img_link":"https:\/\/upload.wikimedia.org\/wikipedia\/commons\/thumb\/e\/e3\/Zea_mays_-_K%C3%B6hler%E2%80%93s_Medizinal-Pflanzen-283.jpg\/220px-Zea_mays_-_K%C3%B6hler%E2%80%93s_Medizinal-Pflanzen-283.jpg","text":"No description available"}}
{"title":"quinoa*","link":"https:\/\/en.wikipedia.org\/wiki\/Quinoa","QID":"Q90047634","img_link":"https:\/\/upload.wikimedia.org\/wikipedia\/commons\/thumb\/9\/96\/Reismelde.jpg\/220px-Reismelde.jpg","text":"Quinoa ( Chenopodium quinoa; \/ \u02c8 k i\u02d0 n. w \u0251\u02d0, k i \u02c8 n o\u028a. \u0259 \/, from Quechua kinwa or kinuwa ) is a flowering plant in the amaranth family. It is a herbaceous annual plant grown as a crop primarily for its edible seeds; the seeds are rich in protein, dietary fiber, B vitamins and dietary minerals in amounts greater than in many grains. Quinoa is not a grass but rather a pseudocereal botanically related to spinach and amaranth ( Amaranthus spp.), and originated in the Andean region of northwestern South America. It was first used to feed livestock 5,200\u20137,000 years ago, and for human consumption 3,000\u20134,000 years ago in the Lake Titicaca basin of Peru and Bolivia.","superkingdom":"Archaeplastida","kingdom":"Plantae","subkingdom":"Viridiplantae","infrakingdom":"Streptophyta","superdivision":"Embryophytes","division":"Tracheophyta","subdivision":"Spermatophyta","order":"Caryophyllales","family":"Amaranthaceae","genus":"Chenopodium","species":"C. quinoa","species_cleaned":"quinoa","species_info":{"species_name":"quinoa","title":"quinoa*","link":"https:\/\/en.wikipedia.org\/wiki\/Quinoa","img_link":"https:\/\/upload.wikimedia.org\/wikipedia\/commons\/thumb\/9\/96\/Reismelde.jpg\/220px-Reismelde.jpg","text":"Quinoa ( Chenopodium quinoa; \/ \u02c8 k i\u02d0 n. w \u0251\u02d0, k i \u02c8 n o\u028a. \u0259 \/, from Quechua kinwa or kinuwa ) is a flowering plant in the amaranth family. It is a herbaceous annual plant grown as a crop primarily for its edible seeds; the seeds are rich in protein, dietary fiber, B vitamins and dietary minerals in amounts greater than in many grains. Quinoa is not a grass but rather a pseudocereal botanically related to spinach and amaranth ( Amaranthus spp.), and originated in the Andean region of northwestern South America. It was first used to feed livestock 5,200\u20137,000 years ago, and for human consumption 3,000\u20134,000 years ago in the Lake Titicaca basin of Peru and Bolivia."}}
{"title":"spelt, spelt wheat","link":"https:\/\/en.wikipedia.org\/wiki\/Spelt","QID":"Q158767","img_link":"https:\/\/upload.wikimedia.org\/wikipedia\/commons\/thumb\/3\/3b\/Spelt.jpg\/220px-Spelt.jpg","text":"Spelt ( Triticum spelta ), also known as dinkel wheat is a species of wheat. It is a relict crop, eaten in Central Europe and northern Spain. It is high in protein and may be considered a health food.","superkingdom":"Archaeplastida","kingdom":"Plantae","subkingdom":"Viridiplantae","infrakingdom":"Streptophyta","superdivision":"Embryophytes","division":"Tracheophyta","subdivision":"Spermatophyta","order":"Poales","family":"Poaceae","genus":"Triticum","species":"T. spelta","species_cleaned":"spelta","species_info":{"species_name":"spelta","title":"spelt, spelt wheat","link":"https:\/\/en.wikipedia.org\/wiki\/Spelt","img_link":"https:\/\/upload.wikimedia.org\/wikipedia\/commons\/thumb\/3\/3b\/Spelt.jpg\/220px-Spelt.jpg","text":"Spelt ( Triticum spelta ), also known as dinkel wheat is a species of wheat. It is a relict crop, eaten in Central Europe and northern Spain. It is high in protein and may be considered a health food."}}
{"title":"prince-of-Wales feather*","link":"https:\/\/en.wikipedia.org\/wiki\/Amaranthus_hypochondriacus","QID":"Q159611","img_link":"https:\/\/upload.wikimedia.org\/wikipedia\/commons\/thumb\/c\/c3\/%28MHNT%29_Amaranthus_hypochondriacus_-_Mature_inflorescence_-_Les_Martels%2C_Giroussens_Tarn.jpg\/220px-%28MHNT%29_Amaranthus_hypochondriacus_-_Mature_inflorescence_-_Les_Martels%2C_Giroussens_Tarn.jpg","text":"Amaranthus hypochondriacus is an ornamental plant commonly known as Prince-of-Wales feather or prince's-feather. Originally endemic to Mexico, it is called quelite, bledo and quintonil in Spanish.","superkingdom":"Archaeplastida","kingdom":"Plantae","subkingdom":"Viridiplantae","infrakingdom":"Streptophyta","superdivision":"Embryophytes","division":"Tracheophyta","subdivision":"Spermatophyta","order":"Caryophyllales","family":"Amaranthaceae","genus":"Amaranthus","species":"Amaranthus hypochondriacus","species_cleaned":"hypochondriacus","species_info":{"species_name":"hypochondriacus","title":"prince-of-Wales feather*","link":"https:\/\/en.wikipedia.org\/wiki\/Amaranthus_hypochondriacus","img_link":"https:\/\/upload.wikimedia.org\/wikipedia\/commons\/thumb\/c\/c3\/%28MHNT%29_Amaranthus_hypochondriacus_-_Mature_inflorescence_-_Les_Martels%2C_Giroussens_Tarn.jpg\/220px-%28MHNT%29_Amaranthus_hypochondriacus_-_Mature_inflorescence_-_Les_Martels%2C_Giroussens_Tarn.jpg","text":"Amaranthus hypochondriacus is an ornamental plant commonly known as Prince-of-Wales feather or prince's-feather. Originally endemic to Mexico, it is called quelite, bledo and quintonil in Spanish."}}
{"title":"bunch panic","link":"https:\/\/en.wikipedia.org\/w\/index.php?title=Yakirra_australiensis&action=edit&redlink=1","QID":"Q15515529","img_link":"\/static\/images\/icons\/wikipedia.png","text":"No description available","superkingdom":"Archaeplastida","kingdom":"Plantae","subkingdom":"Viridiplantae","infrakingdom":"Streptophyta","superdivision":"Embryophytes","division":"Tracheophyta","subdivision":"Spermatophyta","order":"Poales","family":"Poaceae","genus":"Yakirra","species":"Yakirra australiensis","species_cleaned":"australiensis","species_info":{"species_name":"australiensis","title":"bunch panic","link":"https:\/\/en.wikipedia.org\/w\/index.php?title=Yakirra_australiensis&action=edit&redlink=1","img_link":"\/static\/images\/icons\/wikipedia.png","text":"No description available"}}
{"title":"finger millet","link":"https:\/\/en.wikipedia.org\/wiki\/Eleusine_coracana","QID":"","img_link":"https:\/\/upload.wikimedia.org\/wikipedia\/commons\/thumb\/6\/6c\/Finger_millet_3_11-21-02.jpg\/220px-Finger_millet_3_11-21-02.jpg","text":"Finger millet ( Eleusine coracana ) is an annual herbaceous plant widely grown as a cereal crop in the arid and semiarid areas in Africa and Asia. It is a tetraploid and self-pollinating species probably evolved from its wild relative Eleusine africana.","superkingdom":"Archaeplastida","kingdom":"Plantae","subkingdom":"Viridiplantae","infrakingdom":"Streptophyta","superdivision":"Embryophytes","division":"Tracheophyta","subdivision":"Spermatophyta","order":"Poales","family":"Poaceae","genus":"Eleusine","species":"E. coracana","species_cleaned":"coracana","species_info":{"species_name":"coracana","title":"finger millet","link":"https:\/\/en.wikipedia.org\/wiki\/Eleusine_coracana","img_link":"https:\/\/upload.wikimedia.org\/wikipedia\/commons\/thumb\/6\/6c\/Finger_millet_3_11-21-02.jpg\/220px-Finger_millet_3_11-21-02.jpg","text":"Finger millet ( Eleusine coracana ) is an annual herbaceous plant widely grown as a cereal crop in the arid and semiarid areas in Africa and Asia. It is a tetraploid and self-pollinating species probably evolved from its wild relative Eleusine africana."}}
{"title":"oat, oat groat","link":"https:\/\/en.wikipedia.org\/wiki\/Oat","QID":"","img_link":"https:\/\/upload.wikimedia.org\/wikipedia\/commons\/thumb\/f\/f0\/AvenaSativa3.jpg\/220px-AvenaSativa3.jpg","text":"No description available","superkingdom":"Archaeplastida","kingdom":"Plantae","subkingdom":"Viridiplantae","infrakingdom":"Streptophyta","superdivision":"Embryophytes","division":"Tracheophyta","subdivision":"Spermatophyta","order":"Poales","family":"Poaceae","genus":"Avena","species":"A. sativa","species_cleaned":"sativa","species_info":{"species_name":"sativa","title":"oat, oat groat","link":"https:\/\/en.wikipedia.org\/wiki\/Oat","img_link":"https:\/\/upload.wikimedia.org\/wikipedia\/commons\/thumb\/f\/f0\/AvenaSativa3.jpg\/220px-AvenaSativa3.jpg","text":"No description available"}}
{"title":"einkorn","link":"https:\/\/en.wikipedia.org\/wiki\/Einkorn_wheat","QID":"","img_link":"https:\/\/upload.wikimedia.org\/wikipedia\/commons\/thumb\/5\/59\/Triticum_monococcum0.jpg\/220px-Triticum_monococcum0.jpg","text":"Einkorn wheat (from German Einkorn, literally \"single grain\") is either a wild species of wheat ( Triticum ) or its domesticated form. The wild form is T. boeoticum (syn. T. m. subsp. boeoticum ), and the domesticated form is T. monococcum (syn. T. m. subsp. monococcum ). Einkorn is a diploid species (2 n = 14 chromosomes) of hulled wheat, with tough glumes ( husks ) that tightly enclose the grains. The cultivated form is similar to the wild, except that the ear stays intact when ripe and the seeds are larger. The domestic form is known as petit \u00e9peautre in French, Einkorn in German, \"einkorn\" or \"littlespelt\" in English, piccolo farro in Italian and escanda menor in Spanish. The name refers to the fact that each spikelet contains only one grain.","superkingdom":"Archaeplastida","kingdom":"Plantae","subkingdom":"Viridiplantae","infrakingdom":"Streptophyta","superdivision":"Embryophytes","division":"Tracheophyta","subdivision":"Spermatophyta","order":"Poales","family":"Poaceae","genus":"Triticum","species":"T. monococcum","species_cleaned":"monococcum","species_info":{"species_name":"monococcum","title":"einkorn","link":"https:\/\/en.wikipedia.org\/wiki\/Einkorn_wheat","img_link":"https:\/\/upload.wikimedia.org\/wikipedia\/commons\/thumb\/5\/59\/Triticum_monococcum0.jpg\/220px-Triticum_monococcum0.jpg","text":"Einkorn wheat (from German Einkorn, literally \"single grain\") is either a wild species of wheat ( Triticum ) or its domesticated form. The wild form is T. boeoticum (syn. T. m. subsp. boeoticum ), and the domesticated form is T. monococcum (syn. T. m. subsp. monococcum ). Einkorn is a diploid species (2 n = 14 chromosomes) of hulled wheat, with tough glumes ( husks ) that tightly enclose the grains. The cultivated form is similar to the wild, except that the ear stays intact when ripe and the seeds are larger. The domestic form is known as petit \u00e9peautre in French, Einkorn in German, \"einkorn\" or \"littlespelt\" in English, piccolo farro in Italian and escanda menor in Spanish. The name refers to the fact that each spikelet contains only one grain."}}
{"title":"little millet","link":"https:\/\/en.wikipedia.org\/wiki\/Panicum_sumatrense","QID":"","img_link":"https:\/\/upload.wikimedia.org\/wikipedia\/commons\/thumb\/f\/f8\/A_closeup_fo_Samai_millet_with_husk.JPG\/220px-A_closeup_fo_Samai_millet_with_husk.JPG","text":"Panicum sumatrense, known as little millet, is a species of millet in the family Poaceae.","superkingdom":"Archaeplastida","kingdom":"Plantae","subkingdom":"Viridiplantae","infrakingdom":"Streptophyta","superdivision":"Embryophytes","division":"Tracheophyta","subdivision":"Spermatophyta","order":"Poales","family":"Poaceae","genus":"Panicum","species":"P. sumatrense","species_cleaned":"sumatrense","species_info":{"species_name":"sumatrense","title":"little millet","link":"https:\/\/en.wikipedia.org\/wiki\/Panicum_sumatrense","img_link":"https:\/\/upload.wikimedia.org\/wikipedia\/commons\/thumb\/f\/f8\/A_closeup_fo_Samai_millet_with_husk.JPG\/220px-A_closeup_fo_Samai_millet_with_husk.JPG","text":"Panicum sumatrense, known as little millet, is a species of millet in the family Poaceae."}}
{"title":"barley Mitchell grass","link":"https:\/\/en.wikipedia.org\/wiki\/Astrebla_pectinata","QID":"Q15296246","img_link":"https:\/\/upload.wikimedia.org\/wikipedia\/commons\/thumb\/7\/72\/Astreblaii.jpg\/220px-Astreblaii.jpg","text":"Astrebla pectinata, commonly known as barley Mitchell grass, is a herb of the family Poaceae from the order Poales.","superkingdom":"Archaeplastida","kingdom":"Plantae","subkingdom":"Viridiplantae","infrakingdom":"Streptophyta","superdivision":"Embryophytes","division":"Tracheophyta","subdivision":"Spermatophyta","order":"Poales","family":"Poaceae","genus":"Astrebla","species":"Astrebla pectinata","species_cleaned":"pectinata","species_info":{"species_name":"pectinata","title":"barley Mitchell grass","link":"https:\/\/en.wikipedia.org\/wiki\/Astrebla_pectinata","img_link":"https:\/\/upload.wikimedia.org\/wikipedia\/commons\/thumb\/7\/72\/Astreblaii.jpg\/220px-Astreblaii.jpg","text":"Astrebla pectinata, commonly known as barley Mitchell grass, is a herb of the family Poaceae from the order Poales."}}
{"title":"sesame, sesame seed*","link":"https:\/\/en.wikipedia.org\/wiki\/Sesame","QID":"Q7388064","img_link":"https:\/\/upload.wikimedia.org\/wikipedia\/commons\/thumb\/7\/70\/Sesamum_indicum_-_K%C3%B6hler%E2%80%93s_Medizinal-Pflanzen-129.jpg\/220px-Sesamum_indicum_-_K%C3%B6hler%E2%80%93s_Medizinal-Pflanzen-129.jpg","text":"Sesame ( \/ \u02c8 s \u025b s \u0259 m i \/; Sesamum indicum ) is a plant in the genus Sesamum, also called benne. Numerous wild relatives occur in Africa and a smaller number in India. It is widely naturalized in tropical regions around the world and is cultivated for its edible seeds, which grow in pods. World production in 2018 was 6\u00a0million tonnes (5.9\u00a0million long tons), with Sudan, Myanmar, and India as the largest producers.","superkingdom":"Archaeplastida","kingdom":"Plantae","subkingdom":"","infrakingdom":"","superdivision":"","division":"","subdivision":"","order":"Lamiales","family":"Pedaliaceae","genus":"Sesamum","species":"S. indicum","species_cleaned":"indicum","species_info":{"species_name":"indicum","title":"sesame, sesame seed*","link":"https:\/\/en.wikipedia.org\/wiki\/Sesame","img_link":"https:\/\/upload.wikimedia.org\/wikipedia\/commons\/thumb\/7\/70\/Sesamum_indicum_-_K%C3%B6hler%E2%80%93s_Medizinal-Pflanzen-129.jpg\/220px-Sesamum_indicum_-_K%C3%B6hler%E2%80%93s_Medizinal-Pflanzen-129.jpg","text":"Sesame ( \/ \u02c8 s \u025b s \u0259 m i \/; Sesamum indicum ) is a plant in the genus Sesamum, also called benne. Numerous wild relatives occur in Africa and a smaller number in India. It is widely naturalized in tropical regions around the world and is cultivated for its edible seeds, which grow in pods. World production in 2018 was 6\u00a0million tonnes (5.9\u00a0million long tons), with Sudan, Myanmar, and India as the largest producers."}}
{"title":"wheat,wheat berry","link":"https:\/\/en.wikipedia.org\/wiki\/Triticum_aestivum","QID":"Q161098","img_link":"https:\/\/upload.wikimedia.org\/wikipedia\/commons\/thumb\/a\/a2\/Bl%C3%A9_tendre_%28GRAPELLI%29_AO-5-cliche_Jean_Weber_%285%29_%2823975019962%29.jpg\/220px-Bl%C3%A9_tendre_%28GRAPELLI%29_AO-5-cliche_Jean_Weber_%285%29_%2823975019962%29.jpg","text":"Common wheat ( Triticum aestivum ), also known as bread wheat, is a cultivated wheat species. About 95% of wheat produced worldwide is common wheat; it is the most widely grown of all crops and the cereal with the highest monetary yield.","superkingdom":"Archaeplastida","kingdom":"Plantae","subkingdom":"Viridiplantae","infrakingdom":"Streptophyta","superdivision":"Embryophytes","division":"Tracheophyta","subdivision":"Spermatophyta","order":"Poales","family":"Poaceae","genus":"Triticum","species":"T. aestivum","species_cleaned":"aestivum","species_info":{"species_name":"aestivum","title":"wheat,wheat berry","link":"https:\/\/en.wikipedia.org\/wiki\/Triticum_aestivum","img_link":"https:\/\/upload.wikimedia.org\/wikipedia\/commons\/thumb\/a\/a2\/Bl%C3%A9_tendre_%28GRAPELLI%29_AO-5-cliche_Jean_Weber_%285%29_%2823975019962%29.jpg\/220px-Bl%C3%A9_tendre_%28GRAPELLI%29_AO-5-cliche_Jean_Weber_%285%29_%2823975019962%29.jpg","text":"Common wheat ( Triticum aestivum ), also known as bread wheat, is a cultivated wheat species. About 95% of wheat produced worldwide is common wheat; it is the most widely grown of all crops and the cereal with the highest monetary yield."}}
{"title":"woollybutt grass","link":"https:\/\/en.wikipedia.org\/wiki\/Eragrostis_eriopoda","QID":"Q15512803","img_link":"https:\/\/upload.wikimedia.org\/wikipedia\/commons\/thumb\/4\/41\/Mulga_Plains.jpg\/220px-Mulga_Plains.jpg","text":"Eragrostis eriopoda, the woollybutt grass, is a species of love grass in the family Poaceae, native to most of Australia. It is a major grass species of the mulga savanna. In the same genus as teff, its seeds are edible, but very small.","superkingdom":"Archaeplastida","kingdom":"Plantae","subkingdom":"Viridiplantae","infrakingdom":"Streptophyta","superdivision":"Embryophytes","division":"Tracheophyta","subdivision":"Spermatophyta","order":"Poales","family":"Poaceae","genus":"Eragrostis","species":"Eragrostis eriopoda","species_cleaned":"eriopoda","species_info":{"species_name":"eriopoda","title":"woollybutt grass","link":"https:\/\/en.wikipedia.org\/wiki\/Eragrostis_eriopoda","img_link":"https:\/\/upload.wikimedia.org\/wikipedia\/commons\/thumb\/4\/41\/Mulga_Plains.jpg\/220px-Mulga_Plains.jpg","text":"Eragrostis eriopoda, the woollybutt grass, is a species of love grass in the family Poaceae, native to most of Australia. It is a major grass species of the mulga savanna. In the same genus as teff, its seeds are edible, but very small."}}
{"title":"hanza*","link":"https:\/\/en.wikipedia.org\/wiki\/Boscia_senegalensis","QID":"","img_link":"https:\/\/upload.wikimedia.org\/wikipedia\/commons\/thumb\/e\/ef\/Boscia_senegalensis_-_Unripe_fruits.JPG\/220px-Boscia_senegalensis_-_Unripe_fruits.JPG","text":"Boscia senegalensis, commonly known as hanza, is a member of the family Capparaceae.","superkingdom":"Archaeplastida","kingdom":"Plantae","subkingdom":"","infrakingdom":"","superdivision":"","division":"","subdivision":"","order":"Brassicales","family":"Capparaceae","genus":"Boscia","species":"B. senegalensis","species_cleaned":"senegalensis","species_info":{"species_name":"senegalensis","title":"hanza*","link":"https:\/\/en.wikipedia.org\/wiki\/Boscia_senegalensis","img_link":"https:\/\/upload.wikimedia.org\/wikipedia\/commons\/thumb\/e\/ef\/Boscia_senegalensis_-_Unripe_fruits.JPG\/220px-Boscia_senegalensis_-_Unripe_fruits.JPG","text":"Boscia senegalensis, commonly known as hanza, is a member of the family Capparaceae."}}
{"title":"sorghum","link":"https:\/\/en.wikipedia.org\/wiki\/Sorghum_bicolor","QID":"","img_link":"https:\/\/upload.wikimedia.org\/wikipedia\/commons\/thumb\/8\/84\/Sorghum_bicolor03.jpg\/220px-Sorghum_bicolor03.jpg","text":"No description available","superkingdom":"Archaeplastida","kingdom":"Plantae","subkingdom":"Viridiplantae","infrakingdom":"Streptophyta","superdivision":"Embryophytes","division":"Tracheophyta","subdivision":"Spermatophyta","order":"Poales","family":"Poaceae","genus":"Sorghum","species":"S. bicolor","species_cleaned":"bicolor","species_info":{"species_name":"bicolor","title":"sorghum","link":"https:\/\/en.wikipedia.org\/wiki\/Sorghum_bicolor","img_link":"https:\/\/upload.wikimedia.org\/wikipedia\/commons\/thumb\/8\/84\/Sorghum_bicolor03.jpg\/220px-Sorghum_bicolor03.jpg","text":"No description available"}}
{"title":"Kernza","link":"https:\/\/en.wikipedia.org\/wiki\/Thinopyrum_intermedium","QID":"","img_link":"https:\/\/upload.wikimedia.org\/wikipedia\/commons\/thumb\/3\/3f\/Thinopyrum_intermedium_field.jpg\/220px-Thinopyrum_intermedium_field.jpg","text":"Thinopyrum intermedium, known commonly as intermediate wheatgrass, is a sod -forming perennial grass in the Triticeae tribe of Pooideae native to Europe and Western Asia. It is part of a group of plants commonly called wheatgrasses because of the similarity of their seed heads or ears to common wheat. However, wheatgrasses generally are perennial, while wheat is an annual. It has gained the Royal Horticultural Society 's Award of Garden Merit as an ornamental.","superkingdom":"Archaeplastida","kingdom":"Plantae","subkingdom":"Viridiplantae","infrakingdom":"Streptophyta","superdivision":"Embryophytes","division":"Tracheophyta","subdivision":"Spermatophyta","order":"Poales","family":"Poaceae","genus":"Thinopyrum","species":"T. intermedium","species_cleaned":"intermedium","species_info":{"species_name":"intermedium","title":"Kernza","link":"https:\/\/en.wikipedia.org\/wiki\/Thinopyrum_intermedium","img_link":"https:\/\/upload.wikimedia.org\/wikipedia\/commons\/thumb\/3\/3f\/Thinopyrum_intermedium_field.jpg\/220px-Thinopyrum_intermedium_field.jpg","text":"Thinopyrum intermedium, known commonly as intermediate wheatgrass, is a sod -forming perennial grass in the Triticeae tribe of Pooideae native to Europe and Western Asia. It is part of a group of plants commonly called wheatgrasses because of the similarity of their seed heads or ears to common wheat. However, wheatgrasses generally are perennial, while wheat is an annual. It has gained the Royal Horticultural Society 's Award of Garden Merit as an ornamental."}}
{"title":"pitseed goosefoot*","link":"https:\/\/en.wikipedia.org\/wiki\/Chenopodium_berlandieri","QID":"Q5007012","img_link":"https:\/\/upload.wikimedia.org\/wikipedia\/commons\/thumb\/7\/77\/Chenopodium_berlandieri_NPS-1.jpg\/220px-Chenopodium_berlandieri_NPS-1.jpg","text":"Chenopodium berlandieri, also known by the common names pitseed goosefoot, lamb's quarters (or lambsquarters ), and huauzontle ( Nahuatl ) is an annual herbaceous plant in the family Amaranthaceae.","superkingdom":"Archaeplastida","kingdom":"Plantae","subkingdom":"Viridiplantae","infrakingdom":"Streptophyta","superdivision":"Embryophytes","division":"Tracheophyta","subdivision":"Spermatophyta","order":"Caryophyllales","family":"Amaranthaceae","genus":"Chenopodium","species":"C. berlandieri","species_cleaned":"berlandieri","species_info":{"species_name":"berlandieri","title":"pitseed goosefoot*","link":"https:\/\/en.wikipedia.org\/wiki\/Chenopodium_berlandieri","img_link":"https:\/\/upload.wikimedia.org\/wikipedia\/commons\/thumb\/7\/77\/Chenopodium_berlandieri_NPS-1.jpg\/220px-Chenopodium_berlandieri_NPS-1.jpg","text":"Chenopodium berlandieri, also known by the common names pitseed goosefoot, lamb's quarters (or lambsquarters ), and huauzontle ( Nahuatl ) is an annual herbaceous plant in the family Amaranthaceae."}}
{"title":"kamut","link":"https:\/\/en.wikipedia.org\/wiki\/Khorasan_wheat","QID":"","img_link":"https:\/\/upload.wikimedia.org\/wikipedia\/commons\/thumb\/0\/0f\/Triticum_turgidum_2.jpg\/220px-Triticum_turgidum_2.jpg","text":"Khorasan wheat or Oriental wheat ( Triticum turgidum ssp. turanicum also called Triticum turanicum ) is a tetraploid wheat species. The grain is twice the size of modern-day wheat, and has a rich, nutty flavor.","superkingdom":"Archaeplastida","kingdom":"Plantae","subkingdom":"Viridiplantae","infrakingdom":"Streptophyta","superdivision":"Embryophytes","division":"Tracheophyta","subdivision":"Spermatophyta","order":"Poales","family":"Poaceae","genus":"Triticum","species":"T. turanicum","species_cleaned":"turanicum","species_info":{"species_name":"turanicum","title":"kamut","link":"https:\/\/en.wikipedia.org\/wiki\/Khorasan_wheat","img_link":"https:\/\/upload.wikimedia.org\/wikipedia\/commons\/thumb\/0\/0f\/Triticum_turgidum_2.jpg\/220px-Triticum_turgidum_2.jpg","text":"Khorasan wheat or Oriental wheat ( Triticum turgidum ssp. turanicum also called Triticum turanicum ) is a tetraploid wheat species. The grain is twice the size of modern-day wheat, and has a rich, nutty flavor."}}
{"title":"pearl millet","link":"https:\/\/en.wikipedia.org\/wiki\/Pearl_millet","QID":"","img_link":"https:\/\/upload.wikimedia.org\/wikipedia\/commons\/thumb\/f\/f0\/Grain_millet%2C_early_grain_fill%2C_Tifton%2C_7-3-02.jpg\/220px-Grain_millet%2C_early_grain_fill%2C_Tifton%2C_7-3-02.jpg","text":"Pearl millet ( Cenchrus americanus, commonly known as the synonym Pennisetum glaucum ) is the most widely grown type of millet. It has been grown in Africa and the Indian subcontinent since prehistoric times. The center of diversity, and suggested area of domestication, for the crop is in the Sahel zone of West Africa. Recent archaeobotanical research has confirmed the presence of domesticated pearl millet on the Sahel zone of northern Mali between 2500 and 2000 BC. 2023 was the International Year of Millets, declared by the United Nations General Assembly in 2021.","superkingdom":"Archaeplastida","kingdom":"Plantae","subkingdom":"Viridiplantae","infrakingdom":"Streptophyta","superdivision":"Embryophytes","division":"Tracheophyta","subdivision":"Spermatophyta","order":"Poales","family":"Poaceae","genus":"Cenchrus","species":"P. glaucum","species_cleaned":"glaucum","species_info":{"species_name":"glaucum","title":"pearl millet","link":"https:\/\/en.wikipedia.org\/wiki\/Pearl_millet","img_link":"https:\/\/upload.wikimedia.org\/wikipedia\/commons\/thumb\/f\/f0\/Grain_millet%2C_early_grain_fill%2C_Tifton%2C_7-3-02.jpg\/220px-Grain_millet%2C_early_grain_fill%2C_Tifton%2C_7-3-02.jpg","text":"Pearl millet ( Cenchrus americanus, commonly known as the synonym Pennisetum glaucum ) is the most widely grown type of millet. It has been grown in Africa and the Indian subcontinent since prehistoric times. The center of diversity, and suggested area of domestication, for the crop is in the Sahel zone of West Africa. Recent archaeobotanical research has confirmed the presence of domesticated pearl millet on the Sahel zone of northern Mali between 2500 and 2000 BC. 2023 was the International Year of Millets, declared by the United Nations General Assembly in 2021."}}
{"title":"kangaroo grass","link":"https:\/\/en.wikipedia.org\/wiki\/Themeda_triandra","QID":"Q1038150","img_link":"https:\/\/upload.wikimedia.org\/wikipedia\/commons\/thumb\/5\/53\/Themeda_triandra_-_kangaroo_grass.jpg\/220px-Themeda_triandra_-_kangaroo_grass.jpg","text":"Themeda triandra is a species of C 4 perennial tussock-forming grass widespread in Africa, Australia, Asia and the Pacific. In Australia it is commonly known as kangaroo grass and in East Africa and South Africa it is known as red grass and red oat grass or as rooigras in Afrikaans. Kangaroo grass was formerly thought to be one of two species, and was named Themeda australis.","superkingdom":"Archaeplastida","kingdom":"Plantae","subkingdom":"Viridiplantae","infrakingdom":"Streptophyta","superdivision":"Embryophytes","division":"Tracheophyta","subdivision":"Spermatophyta","order":"Poales","family":"Poaceae","genus":"Themeda","species":"Themeda triandra","species_cleaned":"triandra","species_info":{"species_name":"triandra","title":"kangaroo grass","link":"https:\/\/en.wikipedia.org\/wiki\/Themeda_triandra","img_link":"https:\/\/upload.wikimedia.org\/wikipedia\/commons\/thumb\/5\/53\/Themeda_triandra_-_kangaroo_grass.jpg\/220px-Themeda_triandra_-_kangaroo_grass.jpg","text":"Themeda triandra is a species of C 4 perennial tussock-forming grass widespread in Africa, Australia, Asia and the Pacific. In Australia it is commonly known as kangaroo grass and in East Africa and South Africa it is known as red grass and red oat grass or as rooigras in Afrikaans. Kangaroo grass was formerly thought to be one of two species, and was named Themeda australis."}}
{"title":"teff","link":"https:\/\/en.wikipedia.org\/wiki\/Eragrostis_tef","QID":"","img_link":"https:\/\/upload.wikimedia.org\/wikipedia\/commons\/thumb\/5\/51\/Teff_pluim_Eragrostis_tef.jpg\/220px-Teff_pluim_Eragrostis_tef.jpg","text":"Teff ( Amharic: \u1324\u134d ), also known as Eragrostis tef, Williams lovegrass, or annual bunch grass, is an annual grass, a species of lovegrass native to Ethiopia, where it first originated in the Ethiopian Highlands. It is cultivated for its edible seeds, also known as teff. Teff was one of the earliest plants domesticated. It is one of the most important staple crops in Ethiopia.","superkingdom":"Archaeplastida","kingdom":"Plantae","subkingdom":"Viridiplantae","infrakingdom":"Streptophyta","superdivision":"Embryophytes","division":"Tracheophyta","subdivision":"Spermatophyta","order":"Poales","family":"Poaceae","genus":"Eragrostis","species":"E. tef","species_cleaned":"tef","species_info":{"species_name":"tef","title":"teff","link":"https:\/\/en.wikipedia.org\/wiki\/Eragrostis_tef","img_link":"https:\/\/upload.wikimedia.org\/wikipedia\/commons\/thumb\/5\/51\/Teff_pluim_Eragrostis_tef.jpg\/220px-Teff_pluim_Eragrostis_tef.jpg","text":"Teff ( Amharic: \u1324\u134d ), also known as Eragrostis tef, Williams lovegrass, or annual bunch grass, is an annual grass, a species of lovegrass native to Ethiopia, where it first originated in the Ethiopian Highlands. It is cultivated for its edible seeds, also known as teff. Teff was one of the earliest plants domesticated. It is one of the most important staple crops in Ethiopia."}}
{"title":"wattle signalgrass","link":"https:\/\/en.wikipedia.org\/w\/index.php?title=Brachiaria_piligera&action=edit&redlink=1","QID":"Q15509224","img_link":"\/static\/images\/icons\/wikipedia.png","text":"No description available","superkingdom":"Archaeplastida","kingdom":"Plantae","subkingdom":"Viridiplantae","infrakingdom":"Streptophyta","superdivision":"Embryophytes","division":"Tracheophyta","subdivision":"Spermatophyta","order":"Poales","family":"Poaceae","genus":"Brachiaria","species":"Brachiaria piligera","species_cleaned":"piligera","species_info":{"species_name":"piligera","title":"wattle signalgrass","link":"https:\/\/en.wikipedia.org\/w\/index.php?title=Brachiaria_piligera&action=edit&redlink=1","img_link":"\/static\/images\/icons\/wikipedia.png","text":"No description available"}}
