{"title":"Squash, etc.[2]","link":"https:\/\/en.wikipedia.org\/wiki\/Cucurbita_pepo","QID":"Q7229863","img_link":"https:\/\/upload.wikimedia.org\/wikipedia\/commons\/thumb\/a\/a6\/Cucurbita_pepo_collage_1.png\/220px-Cucurbita_pepo_collage_1.png","text":"Cucurbita pepo is a cultivated plant of the genus Cucurbita. It yields varieties of winter squash and pumpkin, but the most widespread varieties belong to the subspecies Cucurbita pepo subsp. pepo, called summer squash.","superkingdom":"Archaeplastida","kingdom":"Plantae","subkingdom":"Viridiplantae","infrakingdom":"Streptophyta","superdivision":"Embryophytes","division":"Tracheophyta","subdivision":"Spermatophyta","order":"Cucurbitales","family":"Cucurbitaceae","genus":"Cucurbita","species":"Cucurbita pepo","species_cleaned":"pepo","species_info":{"species_name":"pepo","title":"Squash, etc.[2]","link":"https:\/\/en.wikipedia.org\/wiki\/Cucurbita_pepo","img_link":"https:\/\/upload.wikimedia.org\/wikipedia\/commons\/thumb\/a\/a6\/Cucurbita_pepo_collage_1.png\/220px-Cucurbita_pepo_collage_1.png","text":"Cucurbita pepo is a cultivated plant of the genus Cucurbita. It yields varieties of winter squash and pumpkin, but the most widespread varieties belong to the subspecies Cucurbita pepo subsp. pepo, called summer squash."}}
{"title":"Japanese honeysuckle","link":"https:\/\/en.wikipedia.org\/wiki\/Lonicera_japonica","QID":"Q161083","img_link":"https:\/\/upload.wikimedia.org\/wikipedia\/commons\/thumb\/e\/e9\/Honeysuckle-2.jpg\/220px-Honeysuckle-2.jpg","text":"Lonicera japonica, known as Japanese honeysuckle and golden-and-silver honeysuckle, is a species of honeysuckle native to East Asia, including many parts of China. It is often grown as an ornamental plant, but has become an invasive species in a number of countries. It is used in traditional Chinese medicine.","superkingdom":"Archaeplastida","kingdom":"Plantae","subkingdom":"Viridiplantae","infrakingdom":"Streptophyta","superdivision":"Embryophytes","division":"Tracheophyta","subdivision":"Spermatophyta","order":"Dipsacales","family":"Caprifoliaceae","genus":"Lonicera","species":"Lonicera japonica","species_cleaned":"japonica","species_info":{"species_name":"japonica","title":"Japanese honeysuckle","link":"https:\/\/en.wikipedia.org\/wiki\/Lonicera_japonica","img_link":"https:\/\/upload.wikimedia.org\/wikipedia\/commons\/thumb\/e\/e9\/Honeysuckle-2.jpg\/220px-Honeysuckle-2.jpg","text":"Lonicera japonica, known as Japanese honeysuckle and golden-and-silver honeysuckle, is a species of honeysuckle native to East Asia, including many parts of China. It is often grown as an ornamental plant, but has become an invasive species in a number of countries. It is used in traditional Chinese medicine."}}
{"title":"Passion flower","link":"https:\/\/en.wikipedia.org\/wiki\/Passiflora","QID":"Q161185","img_link":"https:\/\/upload.wikimedia.org\/wikipedia\/commons\/thumb\/e\/e5\/OQ_Passion_flower.jpg\/220px-OQ_Passion_flower.jpg","text":"Passiflora, known also as the passion flowers or passion vines, is a genus of about 550 species of flowering plants, the type genus of the family Passifloraceae.","superkingdom":"Archaeplastida","kingdom":"Plantae","subkingdom":"Viridiplantae","infrakingdom":"Streptophyta","superdivision":"Embryophytes","division":"Tracheophyta","subdivision":"Spermatophyta","order":"Malpighiales","family":"Passifloraceae","genus":"Passiflora","species":"Passiflora","species_cleaned":"Passiflora","species_info":{"species_name":"Passiflora","title":"Passion flower","link":"https:\/\/en.wikipedia.org\/wiki\/Passiflora","img_link":"https:\/\/upload.wikimedia.org\/wikipedia\/commons\/thumb\/e\/e5\/OQ_Passion_flower.jpg\/220px-OQ_Passion_flower.jpg","text":"Passiflora, known also as the passion flowers or passion vines, is a genus of about 550 species of flowering plants, the type genus of the family Passifloraceae."}}
{"title":"Asparagus","link":"https:\/\/en.wikipedia.org\/wiki\/Asparagus","QID":"Q28367","img_link":"https:\/\/upload.wikimedia.org\/wikipedia\/commons\/thumb\/3\/3d\/Asparagus-Bundle.jpg\/110px-Asparagus-Bundle.jpg","text":"Asparagus ( Asparagus officinalis ) is a perennial flowering plant species in the genus Asparagus native to Eurasia. Widely cultivated as a vegetable crop, its young shoots are used as a spring vegetable.","superkingdom":"Archaeplastida","kingdom":"Plantae","subkingdom":"Viridiplantae","infrakingdom":"Streptophyta","superdivision":"Embryophytes","division":"Tracheophyta","subdivision":"Spermatophyta","order":"Asparagales","family":"Asparagaceae","genus":"Asparagus","species":"Asparagus officinalis","species_cleaned":"officinalis","species_info":{"species_name":"officinalis","title":"Asparagus","link":"https:\/\/en.wikipedia.org\/wiki\/Asparagus","img_link":"https:\/\/upload.wikimedia.org\/wikipedia\/commons\/thumb\/3\/3d\/Asparagus-Bundle.jpg\/110px-Asparagus-Bundle.jpg","text":"Asparagus ( Asparagus officinalis ) is a perennial flowering plant species in the genus Asparagus native to Eurasia. Widely cultivated as a vegetable crop, its young shoots are used as a spring vegetable."}}
{"title":"Tulip","link":"https:\/\/en.wikipedia.org\/wiki\/Tulipa","QID":"Q93201","img_link":"https:\/\/upload.wikimedia.org\/wikipedia\/commons\/thumb\/9\/9e\/%D7%A6%D7%91%D7%A2%D7%95%D7%A0%D7%99%D7%9D.JPG\/220px-%D7%A6%D7%91%D7%A2%D7%95%D7%A0%D7%99%D7%9D.JPG","text":"Tulips are spring-blooming perennial herbaceous bulbiferous geophytes in the Tulipa genus. Their flowers are usually large, showy, and brightly coloured, generally red, orange, pink, yellow, or white. They often have a different coloured blotch at the base of the tepals, internally. Because of a degree of variability within the populations and a long history of cultivation, classification has been complex and controversial. The tulip is a member of the lily family, Liliaceae, along with 14 other genera, where it is most closely related to Amana, Erythronium, and Gagea in the tribe Lilieae.","superkingdom":"Archaeplastida","kingdom":"Plantae","subkingdom":"Viridiplantae","infrakingdom":"Streptophyta","superdivision":"Embryophytes","division":"Tracheophyta","subdivision":"Spermatophyta","order":"Liliales","family":"Liliaceae","genus":"Tulipa","species":"Tulipa","species_cleaned":"Tulipa","species_info":{"species_name":"Tulipa","title":"Tulip","link":"https:\/\/en.wikipedia.org\/wiki\/Tulipa","img_link":"https:\/\/upload.wikimedia.org\/wikipedia\/commons\/thumb\/9\/9e\/%D7%A6%D7%91%D7%A2%D7%95%D7%A0%D7%99%D7%9D.JPG\/220px-%D7%A6%D7%91%D7%A2%D7%95%D7%A0%D7%99%D7%9D.JPG","text":"Tulips are spring-blooming perennial herbaceous bulbiferous geophytes in the Tulipa genus. Their flowers are usually large, showy, and brightly coloured, generally red, orange, pink, yellow, or white. They often have a different coloured blotch at the base of the tepals, internally. Because of a degree of variability within the populations and a long history of cultivation, classification has been complex and controversial. The tulip is a member of the lily family, Liliaceae, along with 14 other genera, where it is most closely related to Amana, Erythronium, and Gagea in the tribe Lilieae."}}
{"title":"Lavender, etc.","link":"https:\/\/en.wikipedia.org\/wiki\/Lavandula","QID":"Q171892","img_link":"https:\/\/upload.wikimedia.org\/wikipedia\/commons\/thumb\/7\/7e\/Single_lavender_flower02.jpg\/220px-Single_lavender_flower02.jpg","text":"Lavandula (common name lavender ) is a genus of 47 known species of perennial flowering plants in the mints family, Lamiaceae. It is native to the Old World, primarily found across the drier, warmer regions of mainland Eurasia, with an affinity for maritime breezes.","superkingdom":"Archaeplastida","kingdom":"Plantae","subkingdom":"Viridiplantae","infrakingdom":"Streptophyta","superdivision":"Embryophytes","division":"Tracheophyta","subdivision":"Spermatophyta","order":"Lamiales","family":"Lamiaceae","genus":"Lavandula","species":"Lavandula","species_cleaned":"Lavandula","species_info":{"species_name":"Lavandula","title":"Lavender, etc.","link":"https:\/\/en.wikipedia.org\/wiki\/Lavandula","img_link":"https:\/\/upload.wikimedia.org\/wikipedia\/commons\/thumb\/7\/7e\/Single_lavender_flower02.jpg\/220px-Single_lavender_flower02.jpg","text":"Lavandula (common name lavender ) is a genus of 47 known species of perennial flowering plants in the mints family, Lamiaceae. It is native to the Old World, primarily found across the drier, warmer regions of mainland Eurasia, with an affinity for maritime breezes."}}
{"title":"Chrysanthemum","link":"https:\/\/en.wikipedia.org\/wiki\/Chrysanthemum","QID":"Q59882","img_link":"https:\/\/upload.wikimedia.org\/wikipedia\/commons\/thumb\/b\/b5\/Chrysanthemum_nangkingense.jpg\/220px-Chrysanthemum_nangkingense.jpg","text":"Chrysanthemums ( \/ k r \u026a \u02c8 s \u00e6 n \u03b8 \u0259 m \u0259 m z \/ kriss- AN -th\u0259-m\u0259mz ), sometimes called mums or chrysanths, are flowering plants of the genus Chrysanthemum in the family Asteraceae. They are native to East Asia and northeastern Europe. Most species originate from East Asia, and the center of diversity is in China. Countless horticultural varieties and cultivars exist.","superkingdom":"Archaeplastida","kingdom":"Plantae","subkingdom":"Viridiplantae","infrakingdom":"Streptophyta","superdivision":"Embryophytes","division":"Tracheophyta","subdivision":"Spermatophyta","order":"Asterales","family":"Asteraceae","genus":"Chrysanthemum","species":"Chrysanthemum","species_cleaned":"Chrysanthemum","species_info":{"species_name":"Chrysanthemum","title":"Chrysanthemum","link":"https:\/\/en.wikipedia.org\/wiki\/Chrysanthemum","img_link":"https:\/\/upload.wikimedia.org\/wikipedia\/commons\/thumb\/b\/b5\/Chrysanthemum_nangkingense.jpg\/220px-Chrysanthemum_nangkingense.jpg","text":"Chrysanthemums ( \/ k r \u026a \u02c8 s \u00e6 n \u03b8 \u0259 m \u0259 m z \/ kriss- AN -th\u0259-m\u0259mz ), sometimes called mums or chrysanths, are flowering plants of the genus Chrysanthemum in the family Asteraceae. They are native to East Asia and northeastern Europe. Most species originate from East Asia, and the center of diversity is in China. Countless horticultural varieties and cultivars exist."}}
{"title":"Fennel","link":"https:\/\/en.wikipedia.org\/wiki\/Foeniculum_vulgare","QID":"Q43511","img_link":"https:\/\/upload.wikimedia.org\/wikipedia\/commons\/thumb\/c\/c0\/Foeniculum_July_2011-1a.jpg\/220px-Foeniculum_July_2011-1a.jpg","text":"Fennel ( Foeniculum vulgare ) is a flowering plant species in the carrot family. It is a hardy, perennial herb with yellow flowers and feathery leaves. It is indigenous to the shores of the Mediterranean but has become widely naturalized in many parts of the world, especially on dry soils near the sea coast and on riverbanks.","superkingdom":"Archaeplastida","kingdom":"Plantae","subkingdom":"Viridiplantae","infrakingdom":"Streptophyta","superdivision":"Embryophytes","division":"Tracheophyta","subdivision":"Spermatophyta","order":"Apiales","family":"Apiaceae","genus":"Foeniculum","species":"Foeniculum vulgare","species_cleaned":"vulgare","species_info":{"species_name":"vulgare","title":"Fennel","link":"https:\/\/en.wikipedia.org\/wiki\/Foeniculum_vulgare","img_link":"https:\/\/upload.wikimedia.org\/wikipedia\/commons\/thumb\/c\/c0\/Foeniculum_July_2011-1a.jpg\/220px-Foeniculum_July_2011-1a.jpg","text":"Fennel ( Foeniculum vulgare ) is a flowering plant species in the carrot family. It is a hardy, perennial herb with yellow flowers and feathery leaves. It is indigenous to the shores of the Mediterranean but has become widely naturalized in many parts of the world, especially on dry soils near the sea coast and on riverbanks."}}
{"title":"Daylily[5]","link":"https:\/\/en.wikipedia.org\/wiki\/Hemerocallis","QID":"Q156275","img_link":"https:\/\/upload.wikimedia.org\/wikipedia\/commons\/thumb\/6\/66\/Hemerocallis_lilioasphodelus.jpg\/220px-Hemerocallis_lilioasphodelus.jpg","text":"A daylily, day lily or ditch-lily is a flowering plant in the genus Hemerocallis \/ \u02cc h \u025b m \u026a r o\u028a \u02c8 k \u00e6 l \u026a s \/, a member of the family Asphodelaceae, subfamily Hemerocallidoideae, native to Asia. Despite the common name, it is not taxonomically classified in the lily genus. Gardening enthusiasts and horticulturists have long bred Hemerocallis species for their attractive flowers; a select few species of the genus have edible petals, while some are extremely toxic. Thousands of cultivars have been registered by the American Daylily Society, the only internationally recognized registrant according to the International Code of Nomenclature for Cultivated Plants. The plants are perennial, bulbous plants, whose common name alludes to its flowers, which typically last about a day.","superkingdom":"Archaeplastida","kingdom":"Plantae","subkingdom":"Viridiplantae","infrakingdom":"Streptophyta","superdivision":"Embryophytes","division":"Tracheophyta","subdivision":"Spermatophyta","order":"Iridales","family":"Asphodelaceae","genus":"Hemerocallis","species":"Hemerocallis","species_cleaned":"Hemerocallis","species_info":{"species_name":"Hemerocallis","title":"Daylily[5]","link":"https:\/\/en.wikipedia.org\/wiki\/Hemerocallis","img_link":"https:\/\/upload.wikimedia.org\/wikipedia\/commons\/thumb\/6\/66\/Hemerocallis_lilioasphodelus.jpg\/220px-Hemerocallis_lilioasphodelus.jpg","text":"A daylily, day lily or ditch-lily is a flowering plant in the genus Hemerocallis \/ \u02cc h \u025b m \u026a r o\u028a \u02c8 k \u00e6 l \u026a s \/, a member of the family Asphodelaceae, subfamily Hemerocallidoideae, native to Asia. Despite the common name, it is not taxonomically classified in the lily genus. Gardening enthusiasts and horticulturists have long bred Hemerocallis species for their attractive flowers; a select few species of the genus have edible petals, while some are extremely toxic. Thousands of cultivars have been registered by the American Daylily Society, the only internationally recognized registrant according to the International Code of Nomenclature for Cultivated Plants. The plants are perennial, bulbous plants, whose common name alludes to its flowers, which typically last about a day."}}
{"title":"Daisy","link":"https:\/\/en.wikipedia.org\/wiki\/Bellis_perennis","QID":"Q26158","img_link":"https:\/\/upload.wikimedia.org\/wikipedia\/commons\/thumb\/4\/4b\/Bellis_perennis_sl1.jpg\/220px-Bellis_perennis_sl1.jpg","text":"Bellis perennis ( \/ \u02c8 b \u025b l \u0259 s p \u0259 \u02c8 r \u025b n \u0259 s \/ ), the daisy, is a European species of the family Asteraceae, often considered the archetypal species of the name daisy. To distinguish this species from other plants known as daisies, it is sometimes qualified or known as common daisy, lawn daisy or English daisy.","superkingdom":"Archaeplastida","kingdom":"Plantae","subkingdom":"Viridiplantae","infrakingdom":"Streptophyta","superdivision":"Embryophytes","division":"Tracheophyta","subdivision":"Spermatophyta","order":"Asterales","family":"Asteraceae","genus":"Bellis","species":"Bellis perennis","species_cleaned":"perennis","species_info":{"species_name":"perennis","title":"Daisy","link":"https:\/\/en.wikipedia.org\/wiki\/Bellis_perennis","img_link":"https:\/\/upload.wikimedia.org\/wikipedia\/commons\/thumb\/4\/4b\/Bellis_perennis_sl1.jpg\/220px-Bellis_perennis_sl1.jpg","text":"Bellis perennis ( \/ \u02c8 b \u025b l \u0259 s p \u0259 \u02c8 r \u025b n \u0259 s \/ ), the daisy, is a European species of the family Asteraceae, often considered the archetypal species of the name daisy. To distinguish this species from other plants known as daisies, it is sometimes qualified or known as common daisy, lawn daisy or English daisy."}}
{"title":"American elderberry","link":"https:\/\/en.wikipedia.org\/wiki\/Sambucus_canadensis","QID":"Q21877280","img_link":"https:\/\/upload.wikimedia.org\/wikipedia\/commons\/thumb\/e\/e4\/Sambucus_nigra_subsp_canadensis_-_Indiana.jpg\/220px-Sambucus_nigra_subsp_canadensis_-_Indiana.jpg","text":"Sambucus canadensis, the American black elderberry, Canada elderberry, or common elderberry, is a North American species of elderberry.","superkingdom":"Archaeplastida","kingdom":"Plantae","subkingdom":"Viridiplantae","infrakingdom":"Streptophyta","superdivision":"Embryophytes","division":"Tracheophyta","subdivision":"Spermatophyta","order":"Dipsacales","family":"Viburnaceae","genus":"Sambucus","species":"Sambucus canadensis","species_cleaned":"canadensis","species_info":{"species_name":"canadensis","title":"American elderberry","link":"https:\/\/en.wikipedia.org\/wiki\/Sambucus_canadensis","img_link":"https:\/\/upload.wikimedia.org\/wikipedia\/commons\/thumb\/e\/e4\/Sambucus_nigra_subsp_canadensis_-_Indiana.jpg\/220px-Sambucus_nigra_subsp_canadensis_-_Indiana.jpg","text":"Sambucus canadensis, the American black elderberry, Canada elderberry, or common elderberry, is a North American species of elderberry."}}
{"title":"Pansy","link":"https:\/\/en.wikipedia.org\/wiki\/Viola_%C3%97_wittrockiana","QID":"Q12861234","img_link":"https:\/\/upload.wikimedia.org\/wikipedia\/commons\/thumb\/b\/b8\/PansyScan_%28cropped%29.jpg\/220px-PansyScan_%28cropped%29.jpg","text":"No description available","superkingdom":"Archaeplastida","kingdom":"Plantae","subkingdom":"Viridiplantae","infrakingdom":"Streptophyta","superdivision":"Embryophytes","division":"Tracheophyta","subdivision":"Spermatophyta","order":"Malpighiales","family":"Violaceae","genus":"Viola","species":"Viola \u00d7 wittrockiana","species_cleaned":"\u00d7","species_info":{"species_name":"\u00d7","title":"Pansy","link":"https:\/\/en.wikipedia.org\/wiki\/Viola_%C3%97_wittrockiana","img_link":"https:\/\/upload.wikimedia.org\/wikipedia\/commons\/thumb\/b\/b8\/PansyScan_%28cropped%29.jpg\/220px-PansyScan_%28cropped%29.jpg","text":"No description available"}}
{"title":"Purple bauhinia, butterfly tree, orchid tree","link":"https:\/\/en.wikipedia.org\/wiki\/Bauhinia_purpurea","QID":"Q3245410","img_link":"https:\/\/upload.wikimedia.org\/wikipedia\/commons\/thumb\/8\/8e\/Phanera_purpurea_tree_with_fruits_%28Philippines%29.jpg\/220px-Phanera_purpurea_tree_with_fruits_%28Philippines%29.jpg","text":"Bauhinia purpurea is a species of flowering plant in the family Fabaceae, native to the Indian subcontinent and Myanmar, and widely introduced elsewhere in tropical and subtropical areas of the world. Common names include orchid tree, purple bauhinia, camel's foot, butterfly tree, and Hawaiian orchid tree.","superkingdom":"Archaeplastida","kingdom":"Plantae","subkingdom":"Viridiplantae","infrakingdom":"Streptophyta","superdivision":"Embryophytes","division":"Tracheophyta","subdivision":"Spermatophyta","order":"Fabales","family":"Fabaceae","genus":"Bauhinia","species":"Bauhinia purpurea","species_cleaned":"purpurea","species_info":{"species_name":"purpurea","title":"Purple bauhinia, butterfly tree, orchid tree","link":"https:\/\/en.wikipedia.org\/wiki\/Bauhinia_purpurea","img_link":"https:\/\/upload.wikimedia.org\/wikipedia\/commons\/thumb\/8\/8e\/Phanera_purpurea_tree_with_fruits_%28Philippines%29.jpg\/220px-Phanera_purpurea_tree_with_fruits_%28Philippines%29.jpg","text":"Bauhinia purpurea is a species of flowering plant in the family Fabaceae, native to the Indian subcontinent and Myanmar, and widely introduced elsewhere in tropical and subtropical areas of the world. Common names include orchid tree, purple bauhinia, camel's foot, butterfly tree, and Hawaiian orchid tree."}}
{"title":"West-Indian pea","link":"https:\/\/en.wikipedia.org\/wiki\/Sesbania_grandiflora","QID":"Q947251","img_link":"https:\/\/upload.wikimedia.org\/wikipedia\/commons\/thumb\/7\/74\/Starr_050518-1632_Sesbania_grandiflora.jpg\/220px-Starr_050518-1632_Sesbania_grandiflora.jpg","text":"Sesbania grandiflora, common names vegetable hummingbird, katurai, agati, and West Indian pea, is a leguminous tree of family Fabaceae native to Maritime Southeast Asia and Northern Australia. The flowers are eaten in Southeast and South Asia.","superkingdom":"Archaeplastida","kingdom":"Plantae","subkingdom":"Viridiplantae","infrakingdom":"Streptophyta","superdivision":"Embryophytes","division":"Tracheophyta","subdivision":"Spermatophyta","order":"Fabales","family":"Fabaceae","genus":"Sesbania","species":"Sesbania grandiflora","species_cleaned":"grandiflora","species_info":{"species_name":"grandiflora","title":"West-Indian pea","link":"https:\/\/en.wikipedia.org\/wiki\/Sesbania_grandiflora","img_link":"https:\/\/upload.wikimedia.org\/wikipedia\/commons\/thumb\/7\/74\/Starr_050518-1632_Sesbania_grandiflora.jpg\/220px-Starr_050518-1632_Sesbania_grandiflora.jpg","text":"Sesbania grandiflora, common names vegetable hummingbird, katurai, agati, and West Indian pea, is a leguminous tree of family Fabaceae native to Maritime Southeast Asia and Northern Australia. The flowers are eaten in Southeast and South Asia."}}
{"title":"Red clover","link":"https:\/\/en.wikipedia.org\/wiki\/Trifolium_pratense","QID":"Q156635","img_link":"https:\/\/upload.wikimedia.org\/wikipedia\/commons\/thumb\/a\/ae\/Trifolium_pratense_-_Keila2.jpg\/220px-Trifolium_pratense_-_Keila2.jpg","text":"Trifolium pratense (from Latin pr\u0101tum, meaning meadow), red clover, is a herbaceous species of flowering plant in the bean family, Fabaceae. It is native to the Old World, but planted and naturalised in many other regions.","superkingdom":"Archaeplastida","kingdom":"Plantae","subkingdom":"Viridiplantae","infrakingdom":"Streptophyta","superdivision":"Embryophytes","division":"Tracheophyta","subdivision":"Spermatophyta","order":"Fabales","family":"Fabaceae","genus":"Trifolium","species":"Trifolium pratense","species_cleaned":"pratense","species_info":{"species_name":"pratense","title":"Red clover","link":"https:\/\/en.wikipedia.org\/wiki\/Trifolium_pratense","img_link":"https:\/\/upload.wikimedia.org\/wikipedia\/commons\/thumb\/a\/ae\/Trifolium_pratense_-_Keila2.jpg\/220px-Trifolium_pratense_-_Keila2.jpg","text":"Trifolium pratense (from Latin pr\u0101tum, meaning meadow), red clover, is a herbaceous species of flowering plant in the bean family, Fabaceae. It is native to the Old World, but planted and naturalised in many other regions."}}
{"title":"Common violet","link":"https:\/\/en.wikipedia.org\/wiki\/Viola_odorata","QID":"Q108684","img_link":"https:\/\/upload.wikimedia.org\/wikipedia\/commons\/thumb\/7\/7a\/Viola_odorata_fg01.JPG\/220px-Viola_odorata_fg01.JPG","text":"Viola odorata is a species of flowering plant in the family Violaceae native to Eurasia. The small hardy herbaceous perennial is commonly known as wood violet, sweet violet, English violet, common violet, florist's violet, or garden violet.","superkingdom":"Archaeplastida","kingdom":"Plantae","subkingdom":"Viridiplantae","infrakingdom":"Streptophyta","superdivision":"Embryophytes","division":"Tracheophyta","subdivision":"Spermatophyta","order":"Malpighiales","family":"Violaceae","genus":"Viola","species":"Viola odorata","species_cleaned":"odorata","species_info":{"species_name":"odorata","title":"Common violet","link":"https:\/\/en.wikipedia.org\/wiki\/Viola_odorata","img_link":"https:\/\/upload.wikimedia.org\/wikipedia\/commons\/thumb\/7\/7a\/Viola_odorata_fg01.JPG\/220px-Viola_odorata_fg01.JPG","text":"Viola odorata is a species of flowering plant in the family Violaceae native to Eurasia. The small hardy herbaceous perennial is commonly known as wood violet, sweet violet, English violet, common violet, florist's violet, or garden violet."}}
{"title":"Carnation","link":"https:\/\/en.wikipedia.org\/wiki\/Dianthus","QID":"Q156099","img_link":"https:\/\/upload.wikimedia.org\/wikipedia\/commons\/thumb\/4\/42\/Dianthus_caryophyllus_L_%28Clove_pink%29.JPG\/220px-Dianthus_caryophyllus_L_%28Clove_pink%29.JPG","text":"Dianthus ( \/ d a\u026a \u02c8 \u00e6 n \u03b8 \u0259 s \/ dy- AN -th\u0259s ) is a genus of about 340 species of flowering plants in the family Caryophyllaceae, native mainly to Europe and Asia, with a few species in north Africa and in southern Africa, and one species ( D. repens ) in arctic North America. Common names include carnation ( D. caryophyllus ), pink ( D. plumarius and related species) and sweet william ( D. barbatus ).","superkingdom":"Archaeplastida","kingdom":"Plantae","subkingdom":"Viridiplantae","infrakingdom":"Streptophyta","superdivision":"Embryophytes","division":"Tracheophyta","subdivision":"Spermatophyta","order":"Caryophyllales","family":"Caryophyllaceae","genus":"Dianthus","species":"Dianthus","species_cleaned":"Dianthus","species_info":{"species_name":"Dianthus","title":"Carnation","link":"https:\/\/en.wikipedia.org\/wiki\/Dianthus","img_link":"https:\/\/upload.wikimedia.org\/wikipedia\/commons\/thumb\/4\/42\/Dianthus_caryophyllus_L_%28Clove_pink%29.JPG\/220px-Dianthus_caryophyllus_L_%28Clove_pink%29.JPG","text":"Dianthus ( \/ d a\u026a \u02c8 \u00e6 n \u03b8 \u0259 s \/ dy- AN -th\u0259s ) is a genus of about 340 species of flowering plants in the family Caryophyllaceae, native mainly to Europe and Asia, with a few species in north Africa and in southern Africa, and one species ( D. repens ) in arctic North America. Common names include carnation ( D. caryophyllus ), pink ( D. plumarius and related species) and sweet william ( D. barbatus )."}}
{"title":"Lilac","link":"https:\/\/en.wikipedia.org\/wiki\/Syringa_vulgaris","QID":"Q6565319","img_link":"https:\/\/upload.wikimedia.org\/wikipedia\/commons\/thumb\/3\/35\/Lilac_Flower%26Leaves%2C_SC%2C_Vic%2C_13.10.2007.jpg\/220px-Lilac_Flower%26Leaves%2C_SC%2C_Vic%2C_13.10.2007.jpg","text":"Syringa vulgaris, the lilac or common lilac, is a species of flowering plant in the olive family, Oleaceae. Native to the Balkan Peninsula, it is widely cultivated for its scented flowers in Europe (particularly the north and west) and North America.","superkingdom":"Archaeplastida","kingdom":"Plantae","subkingdom":"Viridiplantae","infrakingdom":"Streptophyta","superdivision":"Embryophytes","division":"Tracheophyta","subdivision":"Spermatophyta","order":"Lamiales","family":"Oleaceae","genus":"Syringa","species":"Syringa vulgaris","species_cleaned":"vulgaris","species_info":{"species_name":"vulgaris","title":"Lilac","link":"https:\/\/en.wikipedia.org\/wiki\/Syringa_vulgaris","img_link":"https:\/\/upload.wikimedia.org\/wikipedia\/commons\/thumb\/3\/35\/Lilac_Flower%26Leaves%2C_SC%2C_Vic%2C_13.10.2007.jpg\/220px-Lilac_Flower%26Leaves%2C_SC%2C_Vic%2C_13.10.2007.jpg","text":"Syringa vulgaris, the lilac or common lilac, is a species of flowering plant in the olive family, Oleaceae. Native to the Balkan Peninsula, it is widely cultivated for its scented flowers in Europe (particularly the north and west) and North America."}}
{"title":"Basil","link":"https:\/\/en.wikipedia.org\/wiki\/Ocimum_basilicum","QID":"Q38859","img_link":"https:\/\/upload.wikimedia.org\/wikipedia\/commons\/thumb\/9\/90\/Basil-Basilico-Ocimum_basilicum-albahaca.jpg\/220px-Basil-Basilico-Ocimum_basilicum-albahaca.jpg","text":"Basil ( \/ \u02c8 b \u00e6 z \u0259l \/, BAZ -\u0259l; US also \/ \u02c8 b e\u026a z \u0259l \/, BAY -z\u0259l; Ocimum basilicum ( \/ \u02c8 \u0252 s \u026a m \u0259m b \u0259 \u02c8 z \u026a l \u026a k \u0259m \/, OS -ih-m\u0259m b\u0259- ZIL -ih-k\u0259m ) ), also called great basil, is a culinary herb of the family Lamiaceae (mints). It is a tender plant, and is used in cuisines worldwide. In Western cuisine, the generic term \"basil\" refers to the variety also known as Genovese basil or sweet basil. Basil is native to tropical regions from Central Africa to Southeast Asia. In temperate climates basil is treated as an annual plant, but it can be grown as a short-lived perennial or biennial in warmer horticultural zones with tropical or Mediterranean climates.","superkingdom":"Archaeplastida","kingdom":"Plantae","subkingdom":"Viridiplantae","infrakingdom":"Streptophyta","superdivision":"Embryophytes","division":"Tracheophyta","subdivision":"Spermatophyta","order":"Lamiales","family":"Lamiaceae","genus":"Ocimum","species":"Ocimum basilicum","species_cleaned":"basilicum","species_info":{"species_name":"basilicum","title":"Basil","link":"https:\/\/en.wikipedia.org\/wiki\/Ocimum_basilicum","img_link":"https:\/\/upload.wikimedia.org\/wikipedia\/commons\/thumb\/9\/90\/Basil-Basilico-Ocimum_basilicum-albahaca.jpg\/220px-Basil-Basilico-Ocimum_basilicum-albahaca.jpg","text":"Basil ( \/ \u02c8 b \u00e6 z \u0259l \/, BAZ -\u0259l; US also \/ \u02c8 b e\u026a z \u0259l \/, BAY -z\u0259l; Ocimum basilicum ( \/ \u02c8 \u0252 s \u026a m \u0259m b \u0259 \u02c8 z \u026a l \u026a k \u0259m \/, OS -ih-m\u0259m b\u0259- ZIL -ih-k\u0259m ) ), also called great basil, is a culinary herb of the family Lamiaceae (mints). It is a tender plant, and is used in cuisines worldwide. In Western cuisine, the generic term \"basil\" refers to the variety also known as Genovese basil or sweet basil. Basil is native to tropical regions from Central Africa to Southeast Asia. In temperate climates basil is treated as an annual plant, but it can be grown as a short-lived perennial or biennial in warmer horticultural zones with tropical or Mediterranean climates."}}
{"title":"Chicory","link":"https:\/\/en.wikipedia.org\/wiki\/Cichorium_intybus","QID":"Q2544599","img_link":"https:\/\/upload.wikimedia.org\/wikipedia\/commons\/thumb\/9\/97\/Wegwarte_Cichorium_intybus.jpg\/220px-Wegwarte_Cichorium_intybus.jpg","text":"Common chicory ( Cichorium intybus ) is a somewhat woody, perennial herbaceous plant of the family Asteraceae, usually with bright blue flowers, rarely white or pink. Native to Europe, it has been introduced to the Americas and Australia.","superkingdom":"Archaeplastida","kingdom":"Plantae","subkingdom":"Viridiplantae","infrakingdom":"Streptophyta","superdivision":"Embryophytes","division":"Tracheophyta","subdivision":"Spermatophyta","order":"Asterales","family":"Asteraceae","genus":"Cichorium","species":"Cichorium intybus","species_cleaned":"intybus","species_info":{"species_name":"intybus","title":"Chicory","link":"https:\/\/en.wikipedia.org\/wiki\/Cichorium_intybus","img_link":"https:\/\/upload.wikimedia.org\/wikipedia\/commons\/thumb\/9\/97\/Wegwarte_Cichorium_intybus.jpg\/220px-Wegwarte_Cichorium_intybus.jpg","text":"Common chicory ( Cichorium intybus ) is a somewhat woody, perennial herbaceous plant of the family Asteraceae, usually with bright blue flowers, rarely white or pink. Native to Europe, it has been introduced to the Americas and Australia."}}
{"title":"Camomile","link":"https:\/\/en.wikipedia.org\/wiki\/Matricaria_recutita","QID":"Q3978815","img_link":"https:\/\/upload.wikimedia.org\/wikipedia\/commons\/thumb\/c\/c8\/Matricaria_February_2008-1.jpg\/220px-Matricaria_February_2008-1.jpg","text":"Matricaria chamomilla (synonym: Matricaria recutita ), commonly known as chamomile (also spelled camomile ), German chamomile, Hungarian chamomile (kamilla), wild chamomile, blue chamomile, or scented mayweed, is an annual plant of the composite family Asteraceae. Commonly, the name M. recutita is applied to the herbal product chamomile, although other species are also used as chamomile. The plant is commonly used to make a tea.","superkingdom":"Archaeplastida","kingdom":"Plantae","subkingdom":"Viridiplantae","infrakingdom":"Streptophyta","superdivision":"Embryophytes","division":"Tracheophyta","subdivision":"Spermatophyta","order":"Asterales","family":"Asteraceae","genus":"Matricaria","species":"Matricaria recutita","species_cleaned":"recutita","species_info":{"species_name":"recutita","title":"Camomile","link":"https:\/\/en.wikipedia.org\/wiki\/Matricaria_recutita","img_link":"https:\/\/upload.wikimedia.org\/wikipedia\/commons\/thumb\/c\/c8\/Matricaria_February_2008-1.jpg\/220px-Matricaria_February_2008-1.jpg","text":"Matricaria chamomilla (synonym: Matricaria recutita ), commonly known as chamomile (also spelled camomile ), German chamomile, Hungarian chamomile (kamilla), wild chamomile, blue chamomile, or scented mayweed, is an annual plant of the composite family Asteraceae. Commonly, the name M. recutita is applied to the herbal product chamomile, although other species are also used as chamomile. The plant is commonly used to make a tea."}}
{"title":"French marigold","link":"https:\/\/en.wikipedia.org\/wiki\/Tagetes_tenuifolia","QID":"Q572693","img_link":"https:\/\/upload.wikimedia.org\/wikipedia\/commons\/thumb\/2\/28\/Tagetes_tenuifolia_g122.JPG\/220px-Tagetes_tenuifolia_g122.JPG","text":"Tagetes tenuifolia, the signet marigold, golden marigold or lemon marigold, is a North American species of the wild marigold in the family Asteraceae.","superkingdom":"Archaeplastida","kingdom":"Plantae","subkingdom":"Viridiplantae","infrakingdom":"Streptophyta","superdivision":"Embryophytes","division":"Tracheophyta","subdivision":"Spermatophyta","order":"Asterales","family":"Asteraceae","genus":"Tagetes","species":"Tagetes tenuifolia","species_cleaned":"tenuifolia","species_info":{"species_name":"tenuifolia","title":"French marigold","link":"https:\/\/en.wikipedia.org\/wiki\/Tagetes_tenuifolia","img_link":"https:\/\/upload.wikimedia.org\/wikipedia\/commons\/thumb\/2\/28\/Tagetes_tenuifolia_g122.JPG\/220px-Tagetes_tenuifolia_g122.JPG","text":"Tagetes tenuifolia, the signet marigold, golden marigold or lemon marigold, is a North American species of the wild marigold in the family Asteraceae."}}
{"title":"Okra","link":"https:\/\/en.wikipedia.org\/wiki\/Abelmoschus_esculentus","QID":"Q80531","img_link":"https:\/\/upload.wikimedia.org\/wikipedia\/commons\/thumb\/9\/95\/Hong_Kong_Okra_Aug_25_2012.JPG\/220px-Hong_Kong_Okra_Aug_25_2012.JPG","text":"Okra ( US: \/ \u02c8 o\u028a k r \u0259 \/, UK: \/ \u02c8 \u0252 k r \u0259 \/ ), Abelmoschus esculentus, known in some English-speaking countries as lady's fingers, is a flowering plant in the mallow family native to East Africa. Cultivated in tropical, subtropical, and warm temperate regions around the world for its edible green seed pods, okra is featured in the cuisines of many countries.","superkingdom":"Archaeplastida","kingdom":"Plantae","subkingdom":"Viridiplantae","infrakingdom":"Streptophyta","superdivision":"Embryophytes","division":"Tracheophyta","subdivision":"Spermatophyta","order":"Malvales","family":"Malvaceae","genus":"Abelmoschus","species":"Abelmoschus esculentus","species_cleaned":"esculentus","species_info":{"species_name":"esculentus","title":"Okra","link":"https:\/\/en.wikipedia.org\/wiki\/Abelmoschus_esculentus","img_link":"https:\/\/upload.wikimedia.org\/wikipedia\/commons\/thumb\/9\/95\/Hong_Kong_Okra_Aug_25_2012.JPG\/220px-Hong_Kong_Okra_Aug_25_2012.JPG","text":"Okra ( US: \/ \u02c8 o\u028a k r \u0259 \/, UK: \/ \u02c8 \u0252 k r \u0259 \/ ), Abelmoschus esculentus, known in some English-speaking countries as lady's fingers, is a flowering plant in the mallow family native to East Africa. Cultivated in tropical, subtropical, and warm temperate regions around the world for its edible green seed pods, okra is featured in the cuisines of many countries."}}
{"title":"French marigold","link":"https:\/\/en.wikipedia.org\/wiki\/Tagetes_patula","QID":"Q644934","img_link":"https:\/\/upload.wikimedia.org\/wikipedia\/commons\/thumb\/e\/e7\/French_marigold_Tagetes_patula.jpg\/220px-French_marigold_Tagetes_patula.jpg","text":"Tagetes patula, the French marigold, is a species of flowering plant in the family Asteraceae, native to Mexico and Guatemala with several naturalised populations in many other countries. It is widely cultivated as an easily grown bedding plant with hundreds of cultivars, which often have bright yellow to orange flowers.","superkingdom":"Archaeplastida","kingdom":"Plantae","subkingdom":"Viridiplantae","infrakingdom":"Streptophyta","superdivision":"Embryophytes","division":"Tracheophyta","subdivision":"Spermatophyta","order":"Asterales","family":"Asteraceae","genus":"Tagetes","species":"Tagetes patula","species_cleaned":"patula","species_info":{"species_name":"patula","title":"French marigold","link":"https:\/\/en.wikipedia.org\/wiki\/Tagetes_patula","img_link":"https:\/\/upload.wikimedia.org\/wikipedia\/commons\/thumb\/e\/e7\/French_marigold_Tagetes_patula.jpg\/220px-French_marigold_Tagetes_patula.jpg","text":"Tagetes patula, the French marigold, is a species of flowering plant in the family Asteraceae, native to Mexico and Guatemala with several naturalised populations in many other countries. It is widely cultivated as an easily grown bedding plant with hundreds of cultivars, which often have bright yellow to orange flowers."}}
{"title":"Common dandelion","link":"https:\/\/en.wikipedia.org\/wiki\/Taraxacum_officinale","QID":"Q131219","img_link":"https:\/\/upload.wikimedia.org\/wikipedia\/commons\/thumb\/b\/b2\/Taraxacum_officinale_-_K%C3%B6hler%E2%80%93s_Medizinal-Pflanzen-135.jpg\/220px-Taraxacum_officinale_-_K%C3%B6hler%E2%80%93s_Medizinal-Pflanzen-135.jpg","text":"Taraxacum officinale, the dandelion or common dandelion, is a herbaceous perennial flowering plant in the daisy family, Asteraceae. The common dandelion is well known for its yellow flower heads that turn into round balls of many silver-tufted fruits that disperse in the wind. These balls are called \"clocks\" in both British and American English. The name \"blowball\" is also used.","superkingdom":"Archaeplastida","kingdom":"Plantae","subkingdom":"Viridiplantae","infrakingdom":"Streptophyta","superdivision":"Embryophytes","division":"Tracheophyta","subdivision":"Spermatophyta","order":"Asterales","family":"Asteraceae","genus":"Taraxacum","species":"Taraxacum officinale","species_cleaned":"officinale","species_info":{"species_name":"officinale","title":"Common dandelion","link":"https:\/\/en.wikipedia.org\/wiki\/Taraxacum_officinale","img_link":"https:\/\/upload.wikimedia.org\/wikipedia\/commons\/thumb\/b\/b2\/Taraxacum_officinale_-_K%C3%B6hler%E2%80%93s_Medizinal-Pflanzen-135.jpg\/220px-Taraxacum_officinale_-_K%C3%B6hler%E2%80%93s_Medizinal-Pflanzen-135.jpg","text":"Taraxacum officinale, the dandelion or common dandelion, is a herbaceous perennial flowering plant in the daisy family, Asteraceae. The common dandelion is well known for its yellow flower heads that turn into round balls of many silver-tufted fruits that disperse in the wind. These balls are called \"clocks\" in both British and American English. The name \"blowball\" is also used."}}
{"title":"Moth Orchid","link":"https:\/\/en.wikipedia.org\/wiki\/Phalaenopsis","QID":"Q133897","img_link":"https:\/\/upload.wikimedia.org\/wikipedia\/commons\/thumb\/1\/1e\/Phalaenopsis_philippinensis_NationalOrchidGarden-Singapore.jpg\/220px-Phalaenopsis_philippinensis_NationalOrchidGarden-Singapore.jpg","text":"Phalaenopsis ( \/ \u02cc f \u00e6 l \u026a \u02c8 n \u0252 p s \u026a s \/ ), also known as moth orchids, is a genus of about seventy species of plants in the family Orchidaceae. Orchids in this genus are monopodial epiphytes or lithophytes with long, coarse roots, short, leafy stems and long-lasting, flat flowers arranged in a flowering stem that often branches near the end. Orchids in this genus are native to Asia, New Guinea, and Australia, but mostly occur in Indonesia and the Philippines.","superkingdom":"Archaeplastida","kingdom":"Plantae","subkingdom":"Viridiplantae","infrakingdom":"Streptophyta","superdivision":"Embryophytes","division":"Tracheophyta","subdivision":"Spermatophyta","order":"Asparagales","family":"Orchidaceae","genus":"Phalaenopsis","species":"Phalaenopsis","species_cleaned":"Phalaenopsis","species_info":{"species_name":"Phalaenopsis","title":"Moth Orchid","link":"https:\/\/en.wikipedia.org\/wiki\/Phalaenopsis","img_link":"https:\/\/upload.wikimedia.org\/wikipedia\/commons\/thumb\/1\/1e\/Phalaenopsis_philippinensis_NationalOrchidGarden-Singapore.jpg\/220px-Phalaenopsis_philippinensis_NationalOrchidGarden-Singapore.jpg","text":"Phalaenopsis ( \/ \u02cc f \u00e6 l \u026a \u02c8 n \u0252 p s \u026a s \/ ), also known as moth orchids, is a genus of about seventy species of plants in the family Orchidaceae. Orchids in this genus are monopodial epiphytes or lithophytes with long, coarse roots, short, leafy stems and long-lasting, flat flowers arranged in a flowering stem that often branches near the end. Orchids in this genus are native to Asia, New Guinea, and Australia, but mostly occur in Indonesia and the Philippines."}}
{"title":"Cabbage, etc.","link":"https:\/\/en.wikipedia.org\/wiki\/Brassica_oleracea","QID":"Q146212","img_link":"https:\/\/upload.wikimedia.org\/wikipedia\/commons\/thumb\/1\/11\/Brassica_oleracea0.jpg\/220px-Brassica_oleracea0.jpg","text":"Brassica oleracea is a plant of the family Brassicaceae, also known as wild cabbage in its uncultivated form. The species evidently originated from feral populations of related plants in the Eastern Mediterranean, where it was most likely first cultivated. It has many common cultivars used as vegetables, including cabbage, broccoli, cauliflower, kale, Brussels sprouts, collard greens, Savoy cabbage, kohlrabi, and gai\u00a0lan.","superkingdom":"Archaeplastida","kingdom":"Plantae","subkingdom":"Viridiplantae","infrakingdom":"Streptophyta","superdivision":"Embryophytes","division":"Tracheophyta","subdivision":"Spermatophyta","order":"Brassicales","family":"Brassicaceae","genus":"Brassica","species":"Brassica oleracea","species_cleaned":"oleracea","species_info":{"species_name":"oleracea","title":"Cabbage, etc.","link":"https:\/\/en.wikipedia.org\/wiki\/Brassica_oleracea","img_link":"https:\/\/upload.wikimedia.org\/wikipedia\/commons\/thumb\/1\/11\/Brassica_oleracea0.jpg\/220px-Brassica_oleracea0.jpg","text":"Brassica oleracea is a plant of the family Brassicaceae, also known as wild cabbage in its uncultivated form. The species evidently originated from feral populations of related plants in the Eastern Mediterranean, where it was most likely first cultivated. It has many common cultivars used as vegetables, including cabbage, broccoli, cauliflower, kale, Brussels sprouts, collard greens, Savoy cabbage, kohlrabi, and gai\u00a0lan."}}
{"title":"Lovage","link":"https:\/\/en.wikipedia.org\/wiki\/Levisticum_officinale","QID":"Q27615","img_link":"https:\/\/upload.wikimedia.org\/wikipedia\/commons\/thumb\/7\/78\/Liebst%C3%B6ckel.JPG\/220px-Liebst%C3%B6ckel.JPG","text":"Lovage ( \/ \u02c8 l \u028c v \u026a d\u0292 \/ LUV -ij; Levisticum officinale ) is a tall perennial plant, the sole species in the genus Levisticum in the family Apiaceae, subfamily Apioideae. It has been long cultivated in Europe and the leaves are used as a herb, the roots as a vegetable, and the seeds as a spice, especially in southern European cuisine. Its flavour and smell are reminiscent both of celery and parsley, only more intense and spicier than either. The seeds can be used in the same way as fennel seeds.","superkingdom":"Archaeplastida","kingdom":"Plantae","subkingdom":"Viridiplantae","infrakingdom":"Streptophyta","superdivision":"Embryophytes","division":"Tracheophyta","subdivision":"Spermatophyta","order":"Apiales","family":"Apiaceae","genus":"Levisticum","species":"Levisticum officinale","species_cleaned":"officinale","species_info":{"species_name":"officinale","title":"Lovage","link":"https:\/\/en.wikipedia.org\/wiki\/Levisticum_officinale","img_link":"https:\/\/upload.wikimedia.org\/wikipedia\/commons\/thumb\/7\/78\/Liebst%C3%B6ckel.JPG\/220px-Liebst%C3%B6ckel.JPG","text":"Lovage ( \/ \u02c8 l \u028c v \u026a d\u0292 \/ LUV -ij; Levisticum officinale ) is a tall perennial plant, the sole species in the genus Levisticum in the family Apiaceae, subfamily Apioideae. It has been long cultivated in Europe and the leaves are used as a herb, the roots as a vegetable, and the seeds as a spice, especially in southern European cuisine. Its flavour and smell are reminiscent both of celery and parsley, only more intense and spicier than either. The seeds can be used in the same way as fennel seeds."}}
{"title":"Bergamot, etc.","link":"https:\/\/en.wikipedia.org\/wiki\/Monarda_didyma","QID":"Q164010","img_link":"https:\/\/upload.wikimedia.org\/wikipedia\/commons\/thumb\/b\/b5\/Indianernessel_-_Goldmelisse.JPG\/220px-Indianernessel_-_Goldmelisse.JPG","text":"Monarda didyma, the crimson beebalm, scarlet beebalm, scarlet monarda, Eau-de-Cologne plant, Oswego tea, or bergamot, is a North American aromatic herb in the family Lamiaceae.","superkingdom":"Archaeplastida","kingdom":"Plantae","subkingdom":"Viridiplantae","infrakingdom":"Streptophyta","superdivision":"Embryophytes","division":"Tracheophyta","subdivision":"Spermatophyta","order":"Lamiales","family":"Lamiaceae","genus":"Monarda","species":"Monarda didyma","species_cleaned":"didyma","species_info":{"species_name":"didyma","title":"Bergamot, etc.","link":"https:\/\/en.wikipedia.org\/wiki\/Monarda_didyma","img_link":"https:\/\/upload.wikimedia.org\/wikipedia\/commons\/thumb\/b\/b5\/Indianernessel_-_Goldmelisse.JPG\/220px-Indianernessel_-_Goldmelisse.JPG","text":"Monarda didyma, the crimson beebalm, scarlet beebalm, scarlet monarda, Eau-de-Cologne plant, Oswego tea, or bergamot, is a North American aromatic herb in the family Lamiaceae."}}
{"title":"Apple, etc.","link":"https:\/\/en.wikipedia.org\/wiki\/Malus","QID":"Q104819","img_link":"https:\/\/upload.wikimedia.org\/wikipedia\/commons\/thumb\/2\/2f\/Purple_prince_crabapple_tree.JPG\/220px-Purple_prince_crabapple_tree.JPG","text":"Malus ( \/ \u02c8 m e\u026a l \u0259 s \/ or \/ \u02c8 m \u00e6 l \u0259 s \/ ) is a genus of about 32\u201357 species of small deciduous trees or shrubs in the family Rosaceae, including the domesticated orchard apple, crab apples (sometimes known in North America as crabapples ) and wild apples.","superkingdom":"Archaeplastida","kingdom":"Plantae","subkingdom":"Viridiplantae","infrakingdom":"Streptophyta","superdivision":"Embryophytes","division":"Tracheophyta","subdivision":"Spermatophyta","order":"Rosales","family":"Rosaceae","genus":"Malus","species":"Malus","species_cleaned":"Malus","species_info":{"species_name":"Malus","title":"Apple, etc.","link":"https:\/\/en.wikipedia.org\/wiki\/Malus","img_link":"https:\/\/upload.wikimedia.org\/wikipedia\/commons\/thumb\/2\/2f\/Purple_prince_crabapple_tree.JPG\/220px-Purple_prince_crabapple_tree.JPG","text":"Malus ( \/ \u02c8 m e\u026a l \u0259 s \/ or \/ \u02c8 m \u00e6 l \u0259 s \/ ) is a genus of about 32\u201357 species of small deciduous trees or shrubs in the family Rosaceae, including the domesticated orchard apple, crab apples (sometimes known in North America as crabapples ) and wild apples."}}
{"title":"Linden, etc.","link":"https:\/\/en.wikipedia.org\/wiki\/Tilia","QID":"Q127849","img_link":"https:\/\/upload.wikimedia.org\/wikipedia\/commons\/thumb\/8\/8d\/Tilia_tomentosa.jpg\/220px-Tilia_tomentosa.jpg","text":"Tilia is a genus of about 30 species of trees or bushes, native throughout most of the temperate Northern Hemisphere. The tree is known as linden for the European species, and basswood for North American species. In Great Britain and Ireland they are commonly called lime trees, although they are not related to the citrus lime. The genus occurs in Europe and eastern North America, but the greatest species diversity is found in Asia. Under the Cronquist classification system, this genus was placed in the family Tiliaceae, but genetic research summarised by the Angiosperm Phylogeny Group has resulted in the incorporation of this genus, and of most of the previous family, into the Fabaceae.","superkingdom":"Archaeplastida","kingdom":"Plantae","subkingdom":"Viridiplantae","infrakingdom":"Streptophyta","superdivision":"Embryophytes","division":"Tracheophyta","subdivision":"Spermatophyta","order":"Malvales","family":"Malvaceae","genus":"Tilia","species":"Tilia","species_cleaned":"Tilia","species_info":{"species_name":"Tilia","title":"Linden, etc.","link":"https:\/\/en.wikipedia.org\/wiki\/Tilia","img_link":"https:\/\/upload.wikimedia.org\/wikipedia\/commons\/thumb\/8\/8d\/Tilia_tomentosa.jpg\/220px-Tilia_tomentosa.jpg","text":"Tilia is a genus of about 30 species of trees or bushes, native throughout most of the temperate Northern Hemisphere. The tree is known as linden for the European species, and basswood for North American species. In Great Britain and Ireland they are commonly called lime trees, although they are not related to the citrus lime. The genus occurs in Europe and eastern North America, but the greatest species diversity is found in Asia. Under the Cronquist classification system, this genus was placed in the family Tiliaceae, but genetic research summarised by the Angiosperm Phylogeny Group has resulted in the incorporation of this genus, and of most of the previous family, into the Fabaceae."}}
{"title":"Mint, etc.","link":"https:\/\/en.wikipedia.org\/wiki\/Mentha","QID":"Q47859","img_link":"https:\/\/upload.wikimedia.org\/wikipedia\/commons\/thumb\/4\/4d\/Mentha_spicata-IMG_6186.jpg\/250px-Mentha_spicata-IMG_6186.jpg","text":"Mentha, also known as mint (from Greek \u03bc\u03af\u03bd\u03b8\u03b1 m\u00edntha, Linear B mi-ta ), is a genus of flowering plants in the mint family, Lamiaceae. It is estimated that 13 to 24 species exist, but the exact distinction between species is unclear. Hybridization occurs naturally where some species' ranges overlap. Many hybrids and cultivars are known.","superkingdom":"Archaeplastida","kingdom":"Plantae","subkingdom":"Viridiplantae","infrakingdom":"Streptophyta","superdivision":"Embryophytes","division":"Tracheophyta","subdivision":"Spermatophyta","order":"Lamiales","family":"Lamiaceae","genus":"Mentha","species":"Mentha","species_cleaned":"Mentha","species_info":{"species_name":"Mentha","title":"Mint, etc.","link":"https:\/\/en.wikipedia.org\/wiki\/Mentha","img_link":"https:\/\/upload.wikimedia.org\/wikipedia\/commons\/thumb\/4\/4d\/Mentha_spicata-IMG_6186.jpg\/250px-Mentha_spicata-IMG_6186.jpg","text":"Mentha, also known as mint (from Greek \u03bc\u03af\u03bd\u03b8\u03b1 m\u00edntha, Linear B mi-ta ), is a genus of flowering plants in the mint family, Lamiaceae. It is estimated that 13 to 24 species exist, but the exact distinction between species is unclear. Hybridization occurs naturally where some species' ranges overlap. Many hybrids and cultivars are known."}}
{"title":"Chervil","link":"https:\/\/en.wikipedia.org\/wiki\/Anthriscus_cerefolium","QID":"Q218462","img_link":"https:\/\/upload.wikimedia.org\/wikipedia\/commons\/thumb\/5\/51\/Illustration_Anthriscus_cerefolium0.jpg\/220px-Illustration_Anthriscus_cerefolium0.jpg","text":"Chervil ( \/ \u02c8 t\u0283 \u025c\u02d0r \u02cc v \u026a l \/; Anthriscus cerefolium ), sometimes called French parsley or garden chervil (to distinguish it from similar plants also called chervil), is a delicate annual herb related to parsley. It was formerly called myrhis due to its volatile oil with an aroma similar to the resinous substance myrrh. It is commonly used to season mild-flavoured dishes and is a constituent of the French herb mixture fines herbes.","superkingdom":"Archaeplastida","kingdom":"Plantae","subkingdom":"Viridiplantae","infrakingdom":"Streptophyta","superdivision":"Embryophytes","division":"Tracheophyta","subdivision":"Spermatophyta","order":"Apiales","family":"Apiaceae","genus":"Myrrhis","species":"Anthriscus cerefolium","species_cleaned":"cerefolium","species_info":{"species_name":"cerefolium","title":"Chervil","link":"https:\/\/en.wikipedia.org\/wiki\/Anthriscus_cerefolium","img_link":"https:\/\/upload.wikimedia.org\/wikipedia\/commons\/thumb\/5\/51\/Illustration_Anthriscus_cerefolium0.jpg\/220px-Illustration_Anthriscus_cerefolium0.jpg","text":"Chervil ( \/ \u02c8 t\u0283 \u025c\u02d0r \u02cc v \u026a l \/; Anthriscus cerefolium ), sometimes called French parsley or garden chervil (to distinguish it from similar plants also called chervil), is a delicate annual herb related to parsley. It was formerly called myrhis due to its volatile oil with an aroma similar to the resinous substance myrrh. It is commonly used to season mild-flavoured dishes and is a constituent of the French herb mixture fines herbes."}}
{"title":"","link":"https:\/\/en.wikipedia.org\/wiki\/Cymbopetalum_costaricense","QID":"Q15354432","img_link":"https:\/\/upload.wikimedia.org\/wikipedia\/commons\/thumb\/d\/d6\/Cymbopetalum_costaricense_%28Donn._Sm.%29_Saff..jpg\/220px-Cymbopetalum_costaricense_%28Donn._Sm.%29_Saff..jpg","text":"Cymbopetalum costaricense is a species of plant in the family Annonaceae. The specific epithet refers to the country of Costa Rica which is in the plant's range. It grows as a tree.","superkingdom":"Archaeplastida","kingdom":"Plantae","subkingdom":"Viridiplantae","infrakingdom":"Streptophyta","superdivision":"Embryophytes","division":"Tracheophyta","subdivision":"Spermatophyta","order":"Magnoliales","family":"Annonaceae","genus":"Cymbopetalum","species":"Cymbopetalum costaricense","species_cleaned":"costaricense","species_info":{"species_name":"costaricense","title":"","link":"https:\/\/en.wikipedia.org\/wiki\/Cymbopetalum_costaricense","img_link":"https:\/\/upload.wikimedia.org\/wikipedia\/commons\/thumb\/d\/d6\/Cymbopetalum_costaricense_%28Donn._Sm.%29_Saff..jpg\/220px-Cymbopetalum_costaricense_%28Donn._Sm.%29_Saff..jpg","text":"Cymbopetalum costaricense is a species of plant in the family Annonaceae. The specific epithet refers to the country of Costa Rica which is in the plant's range. It grows as a tree."}}
{"title":"Cornflower","link":"https:\/\/en.wikipedia.org\/wiki\/Centaurea_cyanus","QID":"Q156921","img_link":"https:\/\/upload.wikimedia.org\/wikipedia\/commons\/thumb\/2\/2e\/Centaurea_cyanus_scan.jpg\/220px-Centaurea_cyanus_scan.jpg","text":"Centaurea cyanus, commonly known as cornflower or bachelor's button, is an annual flowering plant in the family Asteraceae native to Europe. In the past, it often grew as a weed in cornfields (in the broad sense of \"corn\", referring to grains, such as wheat, barley, rye, or oats), hence its name. It is now endangered in its native habitat by agricultural intensification, particularly by over-use of herbicides. However, Centaurea cyanus is now also naturalised in many other parts of the world, including North America and parts of Australia through introduction as an ornamental plant in gardens and as a seed contaminant in crop seeds.","superkingdom":"Archaeplastida","kingdom":"Plantae","subkingdom":"Viridiplantae","infrakingdom":"Streptophyta","superdivision":"Embryophytes","division":"Tracheophyta","subdivision":"Spermatophyta","order":"Asterales","family":"Asteraceae","genus":"Centaurea","species":"Centaurea cyanus","species_cleaned":"cyanus","species_info":{"species_name":"cyanus","title":"Cornflower","link":"https:\/\/en.wikipedia.org\/wiki\/Centaurea_cyanus","img_link":"https:\/\/upload.wikimedia.org\/wikipedia\/commons\/thumb\/2\/2e\/Centaurea_cyanus_scan.jpg\/220px-Centaurea_cyanus_scan.jpg","text":"Centaurea cyanus, commonly known as cornflower or bachelor's button, is an annual flowering plant in the family Asteraceae native to Europe. In the past, it often grew as a weed in cornfields (in the broad sense of \"corn\", referring to grains, such as wheat, barley, rye, or oats), hence its name. It is now endangered in its native habitat by agricultural intensification, particularly by over-use of herbicides. However, Centaurea cyanus is now also naturalised in many other parts of the world, including North America and parts of Australia through introduction as an ornamental plant in gardens and as a seed contaminant in crop seeds."}}
{"title":"Chinese hibiscus","link":"https:\/\/en.wikipedia.org\/wiki\/Hibiscus_rosa-sinensis","QID":"Q159534","img_link":"https:\/\/upload.wikimedia.org\/wikipedia\/commons\/thumb\/2\/21\/Hibiscus_Brilliant.jpg\/220px-Hibiscus_Brilliant.jpg","text":"Hibiscus \u00d7 rosa-sinensis, known colloquially as Chinese hibiscus, China rose, Hawaiian hibiscus, rose mallow and shoeblack plant, is a cultigen of tropical hibiscus, a flowering plant in the Hibisceae tribe of the family Malvaceae. It is an artificial hybrid created in cultivation in pre-European times by Polynesians in the west Pacific from the species Hibiscus cooperi and H.\u00a0kaute. It is widely cultivated as an ornamental plant in the tropics and subtropics.","superkingdom":"Archaeplastida","kingdom":"Plantae","subkingdom":"Viridiplantae","infrakingdom":"Streptophyta","superdivision":"Embryophytes","division":"Tracheophyta","subdivision":"Spermatophyta","order":"Malvales","family":"Malvaceae","genus":"Hibiscus","species":"Hibiscus rosa-sinensis","species_cleaned":"rosa-sinensis","species_info":{"species_name":"rosa-sinensis","title":"Chinese hibiscus","link":"https:\/\/en.wikipedia.org\/wiki\/Hibiscus_rosa-sinensis","img_link":"https:\/\/upload.wikimedia.org\/wikipedia\/commons\/thumb\/2\/21\/Hibiscus_Brilliant.jpg\/220px-Hibiscus_Brilliant.jpg","text":"Hibiscus \u00d7 rosa-sinensis, known colloquially as Chinese hibiscus, China rose, Hawaiian hibiscus, rose mallow and shoeblack plant, is a cultigen of tropical hibiscus, a flowering plant in the Hibisceae tribe of the family Malvaceae. It is an artificial hybrid created in cultivation in pre-European times by Polynesians in the west Pacific from the species Hibiscus cooperi and H.\u00a0kaute. It is widely cultivated as an ornamental plant in the tropics and subtropics."}}
{"title":"Common bean","link":"https:\/\/en.wikipedia.org\/wiki\/Phaseolus_vulgaris","QID":"Q42339","img_link":"https:\/\/upload.wikimedia.org\/wikipedia\/commons\/thumb\/c\/ca\/Snijboon_peulen_Phaseolus_vulgaris.jpg\/220px-Snijboon_peulen_Phaseolus_vulgaris.jpg","text":"Phaseolus vulgaris, the common bean, is a herbaceous annual plant grown worldwide for its edible dry seeds or green, unripe pods. Its leaf is also occasionally used as a vegetable and the straw as fodder. Its botanical classification, along with other Phaseolus species, is as a member of the legume family, Fabaceae. Like most members of this family, common beans acquire the nitrogen they require through an association with rhizobia, which are nitrogen-fixing bacteria.","superkingdom":"Archaeplastida","kingdom":"Plantae","subkingdom":"Viridiplantae","infrakingdom":"Streptophyta","superdivision":"Embryophytes","division":"Tracheophyta","subdivision":"Spermatophyta","order":"Fabales","family":"Fabaceae","genus":"Phaseolus","species":"Phaseolus vulgaris","species_cleaned":"vulgaris","species_info":{"species_name":"vulgaris","title":"Common bean","link":"https:\/\/en.wikipedia.org\/wiki\/Phaseolus_vulgaris","img_link":"https:\/\/upload.wikimedia.org\/wikipedia\/commons\/thumb\/c\/ca\/Snijboon_peulen_Phaseolus_vulgaris.jpg\/220px-Snijboon_peulen_Phaseolus_vulgaris.jpg","text":"Phaseolus vulgaris, the common bean, is a herbaceous annual plant grown worldwide for its edible dry seeds or green, unripe pods. Its leaf is also occasionally used as a vegetable and the straw as fodder. Its botanical classification, along with other Phaseolus species, is as a member of the legume family, Fabaceae. Like most members of this family, common beans acquire the nitrogen they require through an association with rhizobia, which are nitrogen-fixing bacteria."}}
{"title":"Pineapple sage","link":"https:\/\/en.wikipedia.org\/wiki\/Salvia_elegans","QID":"Q1521008","img_link":"https:\/\/upload.wikimedia.org\/wikipedia\/commons\/thumb\/1\/1c\/Salvia_elegans.jpg\/220px-Salvia_elegans.jpg","text":"Salvia elegans, a species with several varieties including pineapple sage and tangerine sage, is a perennial shrub native to Mexico.","superkingdom":"Archaeplastida","kingdom":"Plantae","subkingdom":"Viridiplantae","infrakingdom":"Streptophyta","superdivision":"Embryophytes","division":"Tracheophyta","subdivision":"Spermatophyta","order":"Lamiales","family":"Lamiaceae","genus":"Salvia","species":"Salvia elegans","species_cleaned":"elegans","species_info":{"species_name":"elegans","title":"Pineapple sage","link":"https:\/\/en.wikipedia.org\/wiki\/Salvia_elegans","img_link":"https:\/\/upload.wikimedia.org\/wikipedia\/commons\/thumb\/1\/1c\/Salvia_elegans.jpg\/220px-Salvia_elegans.jpg","text":"Salvia elegans, a species with several varieties including pineapple sage and tangerine sage, is a perennial shrub native to Mexico."}}
{"title":"Arugula","link":"https:\/\/en.wikipedia.org\/wiki\/Eruca_sativa","QID":"Q156884","img_link":"https:\/\/upload.wikimedia.org\/wikipedia\/commons\/thumb\/5\/50\/Eruca_vesicaria_re.jpg\/220px-Eruca_vesicaria_re.jpg","text":"Rocket, eruca, or arugula ( Eruca vesicaria; syns. Eruca sativa Mill., E. vesicaria subsp. sativa (Miller) Thell., Brassica eruca L.) is an edible annual plant in the family Brassicaceae used as a leaf vegetable for its fresh, tart, bitter, and peppery flavor. Its other common names include garden rocket (in Great Britain, Australia, South Africa, Ireland, and New Zealand), as well as colewort, roquette, ruchetta, rucola, rucoli, and rugula.","superkingdom":"Archaeplastida","kingdom":"Plantae","subkingdom":"Viridiplantae","infrakingdom":"Streptophyta","superdivision":"Embryophytes","division":"Tracheophyta","subdivision":"Spermatophyta","order":"Brassicales","family":"Brassicaceae","genus":"Eruca","species":"Eruca sativa","species_cleaned":"sativa","species_info":{"species_name":"sativa","title":"Arugula","link":"https:\/\/en.wikipedia.org\/wiki\/Eruca_sativa","img_link":"https:\/\/upload.wikimedia.org\/wikipedia\/commons\/thumb\/5\/50\/Eruca_vesicaria_re.jpg\/220px-Eruca_vesicaria_re.jpg","text":"Rocket, eruca, or arugula ( Eruca vesicaria; syns. Eruca sativa Mill., E. vesicaria subsp. sativa (Miller) Thell., Brassica eruca L.) is an edible annual plant in the family Brassicaceae used as a leaf vegetable for its fresh, tart, bitter, and peppery flavor. Its other common names include garden rocket (in Great Britain, Australia, South Africa, Ireland, and New Zealand), as well as colewort, roquette, ruchetta, rucola, rucoli, and rugula."}}
{"title":"Starflower[1]","link":"https:\/\/en.wikipedia.org\/wiki\/Borago_officinalis","QID":"Q147075","img_link":"https:\/\/upload.wikimedia.org\/wikipedia\/commons\/thumb\/7\/75\/Borage_starflower_Rohtopurasruoho_01.jpg\/220px-Borage_starflower_Rohtopurasruoho_01.jpg","text":"Borage ( \/ \u02c8 b \u028cr \u026a d\u0292 \/ or \/ \u02c8 b \u0252r \u026a d\u0292 \/; Borago officinalis ), also known as starflower, is an annual herb in the flowering plant family Boraginaceae native to the Mediterranean region. Although the plant contains small amounts of pyrrolizidine alkaloids, some parts are edible and its seeds provide oil.","superkingdom":"Archaeplastida","kingdom":"Plantae","subkingdom":"Viridiplantae","infrakingdom":"Streptophyta","superdivision":"Embryophytes","division":"Tracheophyta","subdivision":"Spermatophyta","order":"Boraginales","family":"Boraginaceae","genus":"Borago","species":"Borago officinalis","species_cleaned":"officinalis","species_info":{"species_name":"officinalis","title":"Starflower[1]","link":"https:\/\/en.wikipedia.org\/wiki\/Borago_officinalis","img_link":"https:\/\/upload.wikimedia.org\/wikipedia\/commons\/thumb\/7\/75\/Borage_starflower_Rohtopurasruoho_01.jpg\/220px-Borage_starflower_Rohtopurasruoho_01.jpg","text":"Borage ( \/ \u02c8 b \u028cr \u026a d\u0292 \/ or \/ \u02c8 b \u0252r \u026a d\u0292 \/; Borago officinalis ), also known as starflower, is an annual herb in the flowering plant family Boraginaceae native to the Mediterranean region. Although the plant contains small amounts of pyrrolizidine alkaloids, some parts are edible and its seeds provide oil."}}
{"title":"Common sage","link":"https:\/\/en.wikipedia.org\/wiki\/Salvia_officinalis","QID":"Q1111359","img_link":"https:\/\/upload.wikimedia.org\/wikipedia\/commons\/thumb\/5\/5a\/Salvia_officinalis0.jpg\/220px-Salvia_officinalis0.jpg","text":"Salvia officinalis, the common sage or sage, is a perennial, evergreen subshrub, with woody stems, grayish leaves, and blue to purplish flowers. It is a member of the mint family Lamiaceae and native to the Mediterranean region, though it has been naturalized in many places throughout the world. It has a long history of medicinal and culinary use, and in modern times it has been used as an ornamental garden plant. The common name \"sage\" is also used for closely related species and cultivars.","superkingdom":"Archaeplastida","kingdom":"Plantae","subkingdom":"Viridiplantae","infrakingdom":"Streptophyta","superdivision":"Embryophytes","division":"Tracheophyta","subdivision":"Spermatophyta","order":"Lamiales","family":"Lamiaceae","genus":"Salvia","species":"Salvia officinalis","species_cleaned":"officinalis","species_info":{"species_name":"officinalis","title":"Common sage","link":"https:\/\/en.wikipedia.org\/wiki\/Salvia_officinalis","img_link":"https:\/\/upload.wikimedia.org\/wikipedia\/commons\/thumb\/5\/5a\/Salvia_officinalis0.jpg\/220px-Salvia_officinalis0.jpg","text":"Salvia officinalis, the common sage or sage, is a perennial, evergreen subshrub, with woody stems, grayish leaves, and blue to purplish flowers. It is a member of the mint family Lamiaceae and native to the Mediterranean region, though it has been naturalized in many places throughout the world. It has a long history of medicinal and culinary use, and in modern times it has been used as an ornamental garden plant. The common name \"sage\" is also used for closely related species and cultivars."}}
{"title":"Rose","link":"https:\/\/en.wikipedia.org\/wiki\/Rose","QID":"Q223878","img_link":"https:\/\/upload.wikimedia.org\/wikipedia\/commons\/thumb\/e\/e6\/Rosa_rubiginosa_1.jpg\/220px-Rosa_rubiginosa_1.jpg","text":"No description available","superkingdom":"Archaeplastida","kingdom":"Plantae","subkingdom":"Viridiplantae","infrakingdom":"Streptophyta","superdivision":"Embryophytes","division":"Tracheophyta","subdivision":"Spermatophyta","order":"Rosales","family":"Rosaceae","genus":"RosaL.[1]","species":"Rosa","species_cleaned":"Rosa","species_info":{"species_name":"Rosa","title":"Rose","link":"https:\/\/en.wikipedia.org\/wiki\/Rose","img_link":"https:\/\/upload.wikimedia.org\/wikipedia\/commons\/thumb\/e\/e6\/Rosa_rubiginosa_1.jpg\/220px-Rosa_rubiginosa_1.jpg","text":"No description available"}}
{"title":"Thyme","link":"https:\/\/en.wikipedia.org\/wiki\/Thymus_(plant)","QID":"Q163987","img_link":"https:\/\/upload.wikimedia.org\/wikipedia\/commons\/thumb\/1\/1b\/Thymus_camphoratus_kz07.jpg\/220px-Thymus_camphoratus_kz07.jpg","text":"The genus Thymus ( \/ \u02c8 t a\u026a m \u0259 s \/ TY -m\u0259s; thymes ) contains about 350 species of aromatic perennial herbaceous plants and subshrubs in the family Lamiaceae. It is native to the Old World.","superkingdom":"Archaeplastida","kingdom":"Plantae","subkingdom":"Viridiplantae","infrakingdom":"Streptophyta","superdivision":"Embryophytes","division":"Tracheophyta","subdivision":"Spermatophyta","order":"Lamiales","family":"Lamiaceae","genus":"ThymusL.[1]","species":"Thymus","species_cleaned":"Thymus","species_info":{"species_name":"Thymus","title":"Thyme","link":"https:\/\/en.wikipedia.org\/wiki\/Thymus_(plant)","img_link":"https:\/\/upload.wikimedia.org\/wikipedia\/commons\/thumb\/1\/1b\/Thymus_camphoratus_kz07.jpg\/220px-Thymus_camphoratus_kz07.jpg","text":"The genus Thymus ( \/ \u02c8 t a\u026a m \u0259 s \/ TY -m\u0259s; thymes ) contains about 350 species of aromatic perennial herbaceous plants and subshrubs in the family Lamiaceae. It is native to the Old World."}}
{"title":"Heart's ease, etc.","link":"https:\/\/en.wikipedia.org\/wiki\/Viola_tricolor","QID":"Q190326","img_link":"https:\/\/upload.wikimedia.org\/wikipedia\/commons\/thumb\/c\/c0\/Violatricolorarvensis.jpg\/220px-Violatricolorarvensis.jpg","text":"Viola tricolor is a common European wild flower, growing as an annual or short-lived perennial. The species is also known as wild pansy, Johnny Jump up (though this name is also applied to similar species such as the yellow pansy), heartsease, heart's ease, heart's delight, tickle-my-fancy, Jack-jump-up-and-kiss-me, come-and-cuddle-me, three faces in a hood, love-in-idleness, and pink of my john.","superkingdom":"Archaeplastida","kingdom":"Plantae","subkingdom":"Viridiplantae","infrakingdom":"Streptophyta","superdivision":"Embryophytes","division":"Tracheophyta","subdivision":"Spermatophyta","order":"Malpighiales","family":"Violaceae","genus":"Viola","species":"Viola tricolor","species_cleaned":"tricolor","species_info":{"species_name":"tricolor","title":"Heart's ease, etc.","link":"https:\/\/en.wikipedia.org\/wiki\/Viola_tricolor","img_link":"https:\/\/upload.wikimedia.org\/wikipedia\/commons\/thumb\/c\/c0\/Violatricolorarvensis.jpg\/220px-Violatricolorarvensis.jpg","text":"Viola tricolor is a common European wild flower, growing as an annual or short-lived perennial. The species is also known as wild pansy, Johnny Jump up (though this name is also applied to similar species such as the yellow pansy), heartsease, heart's ease, heart's delight, tickle-my-fancy, Jack-jump-up-and-kiss-me, come-and-cuddle-me, three faces in a hood, love-in-idleness, and pink of my john."}}
{"title":"Sacred earflower[3][4]","link":"https:\/\/en.wikipedia.org\/wiki\/Cymbopetalum_penduliflorum","QID":"Q15354746","img_link":"https:\/\/upload.wikimedia.org\/wikipedia\/commons\/thumb\/4\/41\/Cymbopetalum_penduliflorum_22475100.jpg\/220px-Cymbopetalum_penduliflorum_22475100.jpg","text":"Cymbopetalum penduliflorum is a species of plant in family Annonaceae. The specific epithet penduliflorum derives from the Latin pendulus (pendent or hanging) and florum (flowered).","superkingdom":"Archaeplastida","kingdom":"Plantae","subkingdom":"Viridiplantae","infrakingdom":"Streptophyta","superdivision":"Embryophytes","division":"Tracheophyta","subdivision":"Spermatophyta","order":"Magnoliales","family":"Annonaceae","genus":"Cymbopetalum","species":"Cymbopetalum penduliflorum","species_cleaned":"penduliflorum","species_info":{"species_name":"penduliflorum","title":"Sacred earflower[3][4]","link":"https:\/\/en.wikipedia.org\/wiki\/Cymbopetalum_penduliflorum","img_link":"https:\/\/upload.wikimedia.org\/wikipedia\/commons\/thumb\/4\/41\/Cymbopetalum_penduliflorum_22475100.jpg\/220px-Cymbopetalum_penduliflorum_22475100.jpg","text":"Cymbopetalum penduliflorum is a species of plant in family Annonaceae. The specific epithet penduliflorum derives from the Latin pendulus (pendent or hanging) and florum (flowered)."}}
{"title":"Banana blossom","link":"https:\/\/en.wikipedia.org\/wiki\/Musa_(genus)","QID":"Q227613","img_link":"https:\/\/upload.wikimedia.org\/wikipedia\/commons\/thumb\/b\/bb\/Starr_050826-4195_Musa_sp..jpg\/220px-Starr_050826-4195_Musa_sp..jpg","text":"Musa is one of three genera in the family Musaceae. The genus includes 83 species of flowering plants producing edible bananas and plantains, and fiber ( abac\u00e1 ), used to make paper and cloth. Though they grow as high as trees, banana and plantain plants are not woody and their apparent \" stem \" is made up of the bases of the huge leaf stalks. Thus, they are technically gigantic herbaceous plants.","superkingdom":"Archaeplastida","kingdom":"Plantae","subkingdom":"","infrakingdom":"","superdivision":"","division":"","subdivision":"","order":"Zingiberales","family":"Musaceae","genus":"MusaL.[1]","species":"Musa","species_cleaned":"Musa","species_info":{"species_name":"Musa","title":"Banana blossom","link":"https:\/\/en.wikipedia.org\/wiki\/Musa_(genus)","img_link":"https:\/\/upload.wikimedia.org\/wikipedia\/commons\/thumb\/b\/bb\/Starr_050826-4195_Musa_sp..jpg\/220px-Starr_050826-4195_Musa_sp..jpg","text":"Musa is one of three genera in the family Musaceae. The genus includes 83 species of flowering plants producing edible bananas and plantains, and fiber ( abac\u00e1 ), used to make paper and cloth. Though they grow as high as trees, banana and plantain plants are not woody and their apparent \" stem \" is made up of the bases of the huge leaf stalks. Thus, they are technically gigantic herbaceous plants."}}
{"title":"Rosemary","link":"https:\/\/en.wikipedia.org\/wiki\/Rosmarinus_officinalis","QID":"Q122679","img_link":"https:\/\/upload.wikimedia.org\/wikipedia\/commons\/thumb\/a\/a3\/Rosemary_in_bloom.JPG\/220px-Rosemary_in_bloom.JPG","text":"Salvia rosmarinus ( \/ \u02c8 s \u00e6 l v i \u0259 \u02cc r \u0252 s m \u0259 \u02c8 r a\u026a n \u0259 s \/ ), commonly known as rosemary, is a shrub with fragrant, evergreen, needle-like leaves and white, pink, purple, or blue flowers. It is native to the Mediterranean region, as well as Portugal and Spain. Until 2017, it was known by the scientific name Rosmarinus officinalis ( \/ \u02cc r \u0252 s m \u0259 \u02c8 r a\u026a n \u0259 s \u0259 \u02cc f \u026a s \u026a \u02c8 n e\u026a l \u026a s \/ ), now a synonym.","superkingdom":"Archaeplastida","kingdom":"Plantae","subkingdom":"Viridiplantae","infrakingdom":"Streptophyta","superdivision":"Embryophytes","division":"Tracheophyta","subdivision":"Spermatophyta","order":"Lamiales","family":"Lamiaceae","genus":"Rosmarinus","species":"Rosmarinus officinalis","species_cleaned":"officinalis","species_info":{"species_name":"officinalis","title":"Rosemary","link":"https:\/\/en.wikipedia.org\/wiki\/Rosmarinus_officinalis","img_link":"https:\/\/upload.wikimedia.org\/wikipedia\/commons\/thumb\/a\/a3\/Rosemary_in_bloom.JPG\/220px-Rosemary_in_bloom.JPG","text":"Salvia rosmarinus ( \/ \u02c8 s \u00e6 l v i \u0259 \u02cc r \u0252 s m \u0259 \u02c8 r a\u026a n \u0259 s \/ ), commonly known as rosemary, is a shrub with fragrant, evergreen, needle-like leaves and white, pink, purple, or blue flowers. It is native to the Mediterranean region, as well as Portugal and Spain. Until 2017, it was known by the scientific name Rosmarinus officinalis ( \/ \u02cc r \u0252 s m \u0259 \u02c8 r a\u026a n \u0259 s \u0259 \u02cc f \u026a s \u026a \u02c8 n e\u026a l \u026a s \/ ), now a synonym."}}
{"title":"Sunflower","link":"https:\/\/en.wikipedia.org\/wiki\/Helianthus_annuus","QID":"Q171497","img_link":"https:\/\/upload.wikimedia.org\/wikipedia\/commons\/thumb\/4\/40\/Sunflower_sky_backdrop.jpg\/220px-Sunflower_sky_backdrop.jpg","text":"The common sunflower ( Helianthus annuus ) is a species of large annual forb of the daisy family Asteraceae. The common sunflower is harvested for its edible oily seeds, which are often eaten as a snack food. They are also used in the production of cooking oil, as food for livestock, as bird food, and as a plantings in domestic gardens for aesthetics. Wild plants are known for their multiple flower heads, whereas the domestic sunflower often possesses a single large flower head atop an unbranched stem.","superkingdom":"Archaeplastida","kingdom":"Plantae","subkingdom":"Viridiplantae","infrakingdom":"Streptophyta","superdivision":"Embryophytes","division":"Tracheophyta","subdivision":"Spermatophyta","order":"Asterales","family":"Asteraceae","genus":"Helianthus","species":"Helianthus annuus","species_cleaned":"annuus","species_info":{"species_name":"annuus","title":"Sunflower","link":"https:\/\/en.wikipedia.org\/wiki\/Helianthus_annuus","img_link":"https:\/\/upload.wikimedia.org\/wikipedia\/commons\/thumb\/4\/40\/Sunflower_sky_backdrop.jpg\/220px-Sunflower_sky_backdrop.jpg","text":"The common sunflower ( Helianthus annuus ) is a species of large annual forb of the daisy family Asteraceae. The common sunflower is harvested for its edible oily seeds, which are often eaten as a snack food. They are also used in the production of cooking oil, as food for livestock, as bird food, and as a plantings in domestic gardens for aesthetics. Wild plants are known for their multiple flower heads, whereas the domestic sunflower often possesses a single large flower head atop an unbranched stem."}}
{"title":"Garden nasturtium, Indian cress, monks cress.","link":"https:\/\/en.wikipedia.org\/wiki\/Tropaeolum_majus","QID":"Q156288","img_link":"https:\/\/upload.wikimedia.org\/wikipedia\/commons\/thumb\/8\/87\/Tropaeolum_majus_2005_G1.jpg\/220px-Tropaeolum_majus_2005_G1.jpg","text":"Tropaeolum majus, the garden nasturtium, nasturtium, Indian cress or monk's cress, is a species of flowering plant in the family Tropaeolaceae, originating in the Andes from Bolivia north to Colombia. An easily-grown annual or short-lived perennial with disc-shaped leaves and brilliant yellow, orange or red flowers, it is of cultivated, probably hybrid origin. It is not closely related to the genus Nasturtium (which includes watercress ).","superkingdom":"Archaeplastida","kingdom":"Plantae","subkingdom":"Viridiplantae","infrakingdom":"Streptophyta","superdivision":"Embryophytes","division":"Tracheophyta","subdivision":"Spermatophyta","order":"Brassicales","family":"Tropaeolaceae","genus":"Tropaeolum","species":"Tropaeolum majus","species_cleaned":"majus","species_info":{"species_name":"majus","title":"Garden nasturtium, Indian cress, monks cress.","link":"https:\/\/en.wikipedia.org\/wiki\/Tropaeolum_majus","img_link":"https:\/\/upload.wikimedia.org\/wikipedia\/commons\/thumb\/8\/87\/Tropaeolum_majus_2005_G1.jpg\/220px-Tropaeolum_majus_2005_G1.jpg","text":"Tropaeolum majus, the garden nasturtium, nasturtium, Indian cress or monk's cress, is a species of flowering plant in the family Tropaeolaceae, originating in the Andes from Bolivia north to Colombia. An easily-grown annual or short-lived perennial with disc-shaped leaves and brilliant yellow, orange or red flowers, it is of cultivated, probably hybrid origin. It is not closely related to the genus Nasturtium (which includes watercress )."}}
{"title":"Geranium","link":"https:\/\/en.wikipedia.org\/wiki\/Pelargonium","QID":"Q146118","img_link":"https:\/\/upload.wikimedia.org\/wikipedia\/commons\/thumb\/0\/0d\/Pelargonium_cucullatum_Contour_Path_Rhodes_Mem.JPG\/220px-Pelargonium_cucullatum_Contour_Path_Rhodes_Mem.JPG","text":"Pelargonium ( \/ \u02cc p \u025b l \u0251\u02d0r \u02c8 \u0261 o\u028a n i. \u0259 m \/ ) is a genus of flowering plants that includes about 280 species of perennials, succulents, and shrubs, commonly called geraniums, pelargoniums, or storksbills. Geranium is also the botanical name and common name of a separate genus of related plants, also known as cranesbills. Both genera belong to the family Geraniaceae, and Carl Linnaeus originally included all the species in one genus, Geranium; they were later separated into two genera by Charles Louis L'H\u00e9ritier de Brutelle in 1789.","superkingdom":"Archaeplastida","kingdom":"Plantae","subkingdom":"Viridiplantae","infrakingdom":"Streptophyta","superdivision":"Embryophytes","division":"Tracheophyta","subdivision":"Spermatophyta","order":"Geraniales","family":"Geraniaceae","genus":"Pelargonium","species":"Pelargonium","species_cleaned":"Pelargonium","species_info":{"species_name":"Pelargonium","title":"Geranium","link":"https:\/\/en.wikipedia.org\/wiki\/Pelargonium","img_link":"https:\/\/upload.wikimedia.org\/wikipedia\/commons\/thumb\/0\/0d\/Pelargonium_cucullatum_Contour_Path_Rhodes_Mem.JPG\/220px-Pelargonium_cucullatum_Contour_Path_Rhodes_Mem.JPG","text":"Pelargonium ( \/ \u02cc p \u025b l \u0251\u02d0r \u02c8 \u0261 o\u028a n i. \u0259 m \/ ) is a genus of flowering plants that includes about 280 species of perennials, succulents, and shrubs, commonly called geraniums, pelargoniums, or storksbills. Geranium is also the botanical name and common name of a separate genus of related plants, also known as cranesbills. Both genera belong to the family Geraniaceae, and Carl Linnaeus originally included all the species in one genus, Geranium; they were later separated into two genera by Charles Louis L'H\u00e9ritier de Brutelle in 1789."}}
{"title":"Woodruff, etc.","link":"https:\/\/en.wikipedia.org\/wiki\/Galium_odoratum","QID":"Q161090","img_link":"https:\/\/upload.wikimedia.org\/wikipedia\/commons\/thumb\/3\/32\/Waldmeister%28Mai%29.JPG\/220px-Waldmeister%28Mai%29.JPG","text":"Galium odoratum, the sweet woodruff or sweetscented bedstraw, is a flowering perennial plant in the family Rubiaceae, native to much of Europe from Spain and Ireland to Russia, as well as Western Siberia, Turkey, Iran, the Caucasus, China and Japan. It is also sparingly naturalised in scattered locations in the United States and Canada. It is widely cultivated for its flowers and its sweet-smelling foliage.","superkingdom":"Archaeplastida","kingdom":"Plantae","subkingdom":"Viridiplantae","infrakingdom":"Streptophyta","superdivision":"Embryophytes","division":"Tracheophyta","subdivision":"Spermatophyta","order":"Gentianales","family":"Rubiaceae","genus":"Galium","species":"Galium odoratum","species_cleaned":"odoratum","species_info":{"species_name":"odoratum","title":"Woodruff, etc.","link":"https:\/\/en.wikipedia.org\/wiki\/Galium_odoratum","img_link":"https:\/\/upload.wikimedia.org\/wikipedia\/commons\/thumb\/3\/32\/Waldmeister%28Mai%29.JPG\/220px-Waldmeister%28Mai%29.JPG","text":"Galium odoratum, the sweet woodruff or sweetscented bedstraw, is a flowering perennial plant in the family Rubiaceae, native to much of Europe from Spain and Ireland to Russia, as well as Western Siberia, Turkey, Iran, the Caucasus, China and Japan. It is also sparingly naturalised in scattered locations in the United States and Canada. It is widely cultivated for its flowers and its sweet-smelling foliage."}}
{"title":"Marigold","link":"https:\/\/en.wikipedia.org\/wiki\/Calendula_officinalis","QID":"Q145930","img_link":"https:\/\/upload.wikimedia.org\/wikipedia\/commons\/thumb\/a\/a7\/Pot_marigold.jpg\/220px-Pot_marigold.jpg","text":"Calendula officinalis, the pot marigold, common marigold, ruddles, Mary's gold or Scotch marigold, is a flowering plant in the daisy family, Asteraceae. It is probably native to southern Europe, but its long history of cultivation makes its precise origin unknown, and it is widely naturalised.","superkingdom":"Archaeplastida","kingdom":"Plantae","subkingdom":"Viridiplantae","infrakingdom":"Streptophyta","superdivision":"Embryophytes","division":"Tracheophyta","subdivision":"Spermatophyta","order":"Asterales","family":"Asteraceae","genus":"Calendula","species":"Calendula officinalis","species_cleaned":"officinalis","species_info":{"species_name":"officinalis","title":"Marigold","link":"https:\/\/en.wikipedia.org\/wiki\/Calendula_officinalis","img_link":"https:\/\/upload.wikimedia.org\/wikipedia\/commons\/thumb\/a\/a7\/Pot_marigold.jpg\/220px-Pot_marigold.jpg","text":"Calendula officinalis, the pot marigold, common marigold, ruddles, Mary's gold or Scotch marigold, is a flowering plant in the daisy family, Asteraceae. It is probably native to southern Europe, but its long history of cultivation makes its precise origin unknown, and it is widely naturalised."}}
