{"title":"Hazel","link":"https:\/\/en.wikipedia.org\/wiki\/Corylus_avellana","QID":"Q124969","img_link":"https:\/\/upload.wikimedia.org\/wikipedia\/commons\/thumb\/6\/60\/Corylus_avellana.jpg\/220px-Corylus_avellana.jpg","text":"Corylus avellana, the common hazel, is a species of flowering plant in the birch family Betulaceae. The shrubs usually grow 3\u20138 metres (10\u201326 feet) tall. The nut is round, in contrast to the longer filbert nut. Common hazel is native to Europe and Western Asia.","superkingdom":"Archaeplastida","kingdom":"Plantae","subkingdom":"Viridiplantae","infrakingdom":"Streptophyta","superdivision":"Embryophytes","division":"Tracheophyta","subdivision":"Spermatophyta","order":"Fagales","family":"Betulaceae","genus":"Corylus","species":"Corylus avellana","species_cleaned":"avellana","species_info":{"species_name":"avellana","title":"Hazel","link":"https:\/\/en.wikipedia.org\/wiki\/Corylus_avellana","img_link":"https:\/\/upload.wikimedia.org\/wikipedia\/commons\/thumb\/6\/60\/Corylus_avellana.jpg\/220px-Corylus_avellana.jpg","text":"Corylus avellana, the common hazel, is a species of flowering plant in the birch family Betulaceae. The shrubs usually grow 3\u20138 metres (10\u201326 feet) tall. The nut is round, in contrast to the longer filbert nut. Common hazel is native to Europe and Western Asia."}}
{"title":"Bog-myrtle, sweet willow, Dutch myrtle, sweetgale","link":"https:\/\/en.wikipedia.org\/wiki\/Myrica_gale","QID":"Q161681","img_link":"https:\/\/upload.wikimedia.org\/wikipedia\/commons\/thumb\/b\/ba\/Myrica-gale-hunlig.JPG\/220px-Myrica-gale-hunlig.JPG","text":"Myrica gale is a species of flowering plant in the family Myricaceae native to parts of Eurasia and North America. Common names include bog-myrtle, sweet willow, Dutch myrtle, and sweetgale.","superkingdom":"Archaeplastida","kingdom":"Plantae","subkingdom":"Viridiplantae","infrakingdom":"Streptophyta","superdivision":"Embryophytes","division":"Tracheophyta","subdivision":"Spermatophyta","order":"Fagales","family":"Myricaceae","genus":"Myrica","species":"Myrica gale","species_cleaned":"gale","species_info":{"species_name":"gale","title":"Bog-myrtle, sweet willow, Dutch myrtle, sweetgale","link":"https:\/\/en.wikipedia.org\/wiki\/Myrica_gale","img_link":"https:\/\/upload.wikimedia.org\/wikipedia\/commons\/thumb\/b\/ba\/Myrica-gale-hunlig.JPG\/220px-Myrica-gale-hunlig.JPG","text":"Myrica gale is a species of flowering plant in the family Myricaceae native to parts of Eurasia and North America. Common names include bog-myrtle, sweet willow, Dutch myrtle, and sweetgale."}}
{"title":"Bullace, damson, other wild plums","link":"https:\/\/en.wikipedia.org\/wiki\/Prunus_domestica","QID":"Q44120","img_link":"https:\/\/upload.wikimedia.org\/wikipedia\/commons\/thumb\/6\/67\/Fruits_Prunus_domestica.jpg\/220px-Fruits_Prunus_domestica.jpg","text":"Prunus domestica is a species of flowering plant in the family Rosaceae. A deciduous tree, it includes many varieties of the fruit trees known as plums in English, though not all plums belong to this species. The greengages and damsons also belong to subspecies of P.\u00a0domestica.","superkingdom":"Archaeplastida","kingdom":"Plantae","subkingdom":"Viridiplantae","infrakingdom":"Streptophyta","superdivision":"Embryophytes","division":"Tracheophyta","subdivision":"Spermatophyta","order":"Rosales","family":"Rosaceae","genus":"Prunus","species":"Prunus domestica","species_cleaned":"domestica","species_info":{"species_name":"domestica","title":"Bullace, damson, other wild plums","link":"https:\/\/en.wikipedia.org\/wiki\/Prunus_domestica","img_link":"https:\/\/upload.wikimedia.org\/wikipedia\/commons\/thumb\/6\/67\/Fruits_Prunus_domestica.jpg\/220px-Fruits_Prunus_domestica.jpg","text":"Prunus domestica is a species of flowering plant in the family Rosaceae. A deciduous tree, it includes many varieties of the fruit trees known as plums in English, though not all plums belong to this species. The greengages and damsons also belong to subspecies of P.\u00a0domestica."}}
{"title":"Elder","link":"https:\/\/en.wikipedia.org\/wiki\/Sambucus_nigra","QID":"Q22701","img_link":"https:\/\/upload.wikimedia.org\/wikipedia\/commons\/thumb\/6\/61\/Sambucus_nigra_004.jpg\/220px-Sambucus_nigra_004.jpg","text":"Sambucus nigra is a species complex of flowering plants in the family Viburnaceae native to most of Europe. Common names include elder, elderberry, black elder, European elder, European elderberry, and European black elderberry. It grows in a variety of conditions including both wet and dry fertile soils, primarily in sunny locations. The plant is widely grown as an ornamental shrub or small tree.","superkingdom":"Archaeplastida","kingdom":"Plantae","subkingdom":"Viridiplantae","infrakingdom":"Streptophyta","superdivision":"Embryophytes","division":"Tracheophyta","subdivision":"Spermatophyta","order":"Dipsacales","family":"Viburnaceae","genus":"Sambucus","species":"Sambucus nigra","species_cleaned":"nigra","species_info":{"species_name":"nigra","title":"Elder","link":"https:\/\/en.wikipedia.org\/wiki\/Sambucus_nigra","img_link":"https:\/\/upload.wikimedia.org\/wikipedia\/commons\/thumb\/6\/61\/Sambucus_nigra_004.jpg\/220px-Sambucus_nigra_004.jpg","text":"Sambucus nigra is a species complex of flowering plants in the family Viburnaceae native to most of Europe. Common names include elder, elderberry, black elder, European elder, European elderberry, and European black elderberry. It grows in a variety of conditions including both wet and dry fertile soils, primarily in sunny locations. The plant is widely grown as an ornamental shrub or small tree."}}
{"title":"Good-King-Henry","link":"https:\/\/en.wikipedia.org\/wiki\/Chenopodium_bonus-henricus","QID":"Q163805","img_link":"https:\/\/upload.wikimedia.org\/wikipedia\/commons\/thumb\/5\/58\/Illustration_Chenopodium_bonus-henricus0.jpg\/220px-Illustration_Chenopodium_bonus-henricus0.jpg","text":"Blitum bonus-henricus ( syn. Chenopodium bonus-henricus ), also called Good-King-Henry, poor-man's asparagus, perennial goosefoot, Lincolnshire spinach, Markery, English mercury, or mercury goosefoot, is a species of goosefoot which is native to much of central and southern Europe.","superkingdom":"Archaeplastida","kingdom":"Plantae","subkingdom":"Viridiplantae","infrakingdom":"Streptophyta","superdivision":"Embryophytes","division":"Tracheophyta","subdivision":"Spermatophyta","order":"Caryophyllales","family":"Chenopodiaceae","genus":"Blitum","species":"Chenopodium bonus-henricus","species_cleaned":"bonus-henricus","species_info":{"species_name":"bonus-henricus","title":"Good-King-Henry","link":"https:\/\/en.wikipedia.org\/wiki\/Chenopodium_bonus-henricus","img_link":"https:\/\/upload.wikimedia.org\/wikipedia\/commons\/thumb\/5\/58\/Illustration_Chenopodium_bonus-henricus0.jpg\/220px-Illustration_Chenopodium_bonus-henricus0.jpg","text":"Blitum bonus-henricus ( syn. Chenopodium bonus-henricus ), also called Good-King-Henry, poor-man's asparagus, perennial goosefoot, Lincolnshire spinach, Markery, English mercury, or mercury goosefoot, is a species of goosefoot which is native to much of central and southern Europe."}}
{"title":"Yarrow","link":"https:\/\/en.wikipedia.org\/wiki\/Achillea_millefolium","QID":"Q25408","img_link":"https:\/\/upload.wikimedia.org\/wikipedia\/commons\/thumb\/1\/1a\/Achillea_millefolium_%28bright%29.jpg\/220px-Achillea_millefolium_%28bright%29.jpg","text":"Achillea millefolium, commonly known as yarrow ( \/ \u02c8 j \u00e6 r o\u028a \/ ) or common yarrow, is a flowering plant in the family Asteraceae. Growing to 1 metre ( 3 + 1 \u2044 2 feet) tall, it is characterized by small whitish flowers, a tall stem of fernlike leaves, and a pungent odor.","superkingdom":"Archaeplastida","kingdom":"Plantae","subkingdom":"Viridiplantae","infrakingdom":"Streptophyta","superdivision":"Embryophytes","division":"Tracheophyta","subdivision":"Spermatophyta","order":"Asterales","family":"Asteraceae","genus":"Achillea","species":"Achillea millefolium","species_cleaned":"millefolium","species_info":{"species_name":"millefolium","title":"Yarrow","link":"https:\/\/en.wikipedia.org\/wiki\/Achillea_millefolium","img_link":"https:\/\/upload.wikimedia.org\/wikipedia\/commons\/thumb\/1\/1a\/Achillea_millefolium_%28bright%29.jpg\/220px-Achillea_millefolium_%28bright%29.jpg","text":"Achillea millefolium, commonly known as yarrow ( \/ \u02c8 j \u00e6 r o\u028a \/ ) or common yarrow, is a flowering plant in the family Asteraceae. Growing to 1 metre ( 3 + 1 \u2044 2 feet) tall, it is characterized by small whitish flowers, a tall stem of fernlike leaves, and a pungent odor."}}
{"title":"Scots pine","link":"https:\/\/en.wikipedia.org\/wiki\/Pinus_sylvestris","QID":"Q133128","img_link":"https:\/\/upload.wikimedia.org\/wikipedia\/commons\/thumb\/9\/91\/Skuleskogen_pine.jpg\/220px-Skuleskogen_pine.jpg","text":"Pinus sylvestris, the Scots pine (UK), Scotch pine (US), Baltic pine, or European red pine is a species of tree in the pine family Pinaceae that is native to Eurasia. It can readily be identified by its combination of fairly short, blue-green leaves and orange-red bark.","superkingdom":"Archaeplastida","kingdom":"Plantae","subkingdom":"Viridiplantae","infrakingdom":"Streptophyta","superdivision":"Cycadophytanae","division":"Embryophyta siphonogama","subdivision":"Pinophytina","order":"Coniferales","family":"Pinaceae","genus":"Pinus","species":"Pinus sylvestris","species_cleaned":"sylvestris","species_info":{"species_name":"sylvestris","title":"Scots pine","link":"https:\/\/en.wikipedia.org\/wiki\/Pinus_sylvestris","img_link":"https:\/\/upload.wikimedia.org\/wikipedia\/commons\/thumb\/9\/91\/Skuleskogen_pine.jpg\/220px-Skuleskogen_pine.jpg","text":"Pinus sylvestris, the Scots pine (UK), Scotch pine (US), Baltic pine, or European red pine is a species of tree in the pine family Pinaceae that is native to Eurasia. It can readily be identified by its combination of fairly short, blue-green leaves and orange-red bark."}}
{"title":"Wild lowbush blueberry","link":"https:\/\/en.wikipedia.org\/wiki\/Vaccinium_angustifolium","QID":"Q512441","img_link":"https:\/\/upload.wikimedia.org\/wikipedia\/commons\/thumb\/8\/88\/Vaccinium_angustifolium%2C_Pancake_Bay_PP.jpg\/220px-Vaccinium_angustifolium%2C_Pancake_Bay_PP.jpg","text":"Vaccinium angustifolium, commonly known as the wild lowbush blueberry, is a species of blueberry native to eastern and central Canada and the northeastern United States. It is the most common commercially used wild blueberry and is considered the \"low sweet\" berry.","superkingdom":"Archaeplastida","kingdom":"Plantae","subkingdom":"Viridiplantae","infrakingdom":"Streptophyta","superdivision":"Embryophytes","division":"Tracheophyta","subdivision":"Spermatophyta","order":"Ericales","family":"Ericaceae","genus":"Vaccinium","species":"Vaccinium angustifolium","species_cleaned":"angustifolium","species_info":{"species_name":"angustifolium","title":"Wild lowbush blueberry","link":"https:\/\/en.wikipedia.org\/wiki\/Vaccinium_angustifolium","img_link":"https:\/\/upload.wikimedia.org\/wikipedia\/commons\/thumb\/8\/88\/Vaccinium_angustifolium%2C_Pancake_Bay_PP.jpg\/220px-Vaccinium_angustifolium%2C_Pancake_Bay_PP.jpg","text":"Vaccinium angustifolium, commonly known as the wild lowbush blueberry, is a species of blueberry native to eastern and central Canada and the northeastern United States. It is the most common commercially used wild blueberry and is considered the \"low sweet\" berry."}}
{"title":"English \/ French oak","link":"https:\/\/en.wikipedia.org\/wiki\/Quercus_robur","QID":"Q165145","img_link":"https:\/\/upload.wikimedia.org\/wikipedia\/commons\/thumb\/a\/af\/Quercus_robur.jpg\/220px-Quercus_robur.jpg","text":"Quercus robur, the pedunculate oak or English oak, is a species of flowering plant in the beech and oak family, Fagaceae. It is a large tree, native to most of Europe and western Asia, and is widely cultivated in other temperate regions. It grows on soils of near neutral acidity in the lowlands and is notable for its value to natural ecosystems, supporting a very wide diversity of herbivorous insects and other pests, predators and pathogens.","superkingdom":"Archaeplastida","kingdom":"Plantae","subkingdom":"Viridiplantae","infrakingdom":"Streptophyta","superdivision":"Embryophytes","division":"Tracheophyta","subdivision":"Spermatophyta","order":"Fagales","family":"Fagaceae","genus":"Quercus","species":"Quercus robur","species_cleaned":"robur","species_info":{"species_name":"robur","title":"English \/ French oak","link":"https:\/\/en.wikipedia.org\/wiki\/Quercus_robur","img_link":"https:\/\/upload.wikimedia.org\/wikipedia\/commons\/thumb\/a\/af\/Quercus_robur.jpg\/220px-Quercus_robur.jpg","text":"Quercus robur, the pedunculate oak or English oak, is a species of flowering plant in the beech and oak family, Fagaceae. It is a large tree, native to most of Europe and western Asia, and is widely cultivated in other temperate regions. It grows on soils of near neutral acidity in the lowlands and is notable for its value to natural ecosystems, supporting a very wide diversity of herbivorous insects and other pests, predators and pathogens."}}
{"title":"Barberry","link":"https:\/\/en.wikipedia.org\/wiki\/Berberis_vulgaris","QID":"Q158563","img_link":"https:\/\/upload.wikimedia.org\/wikipedia\/commons\/thumb\/a\/a0\/Illustration_Berberis_vulgaris0.jpg\/220px-Illustration_Berberis_vulgaris0.jpg","text":"Berberis vulgaris, also known as common barberry, European barberry or simply barberry, is a shrub in the genus Berberis native to the Old World. It produces edible but sharply acidic berries, which people in many countries eat as a tart and refreshing fruit.","superkingdom":"Archaeplastida","kingdom":"Plantae","subkingdom":"Viridiplantae","infrakingdom":"Streptophyta","superdivision":"Embryophytes","division":"Tracheophyta","subdivision":"Spermatophyta","order":"Ranunculales","family":"Berberidaceae","genus":"Berberis","species":"Berberis vulgaris","species_cleaned":"vulgaris","species_info":{"species_name":"vulgaris","title":"Barberry","link":"https:\/\/en.wikipedia.org\/wiki\/Berberis_vulgaris","img_link":"https:\/\/upload.wikimedia.org\/wikipedia\/commons\/thumb\/a\/a0\/Illustration_Berberis_vulgaris0.jpg\/220px-Illustration_Berberis_vulgaris0.jpg","text":"Berberis vulgaris, also known as common barberry, European barberry or simply barberry, is a shrub in the genus Berberis native to the Old World. It produces edible but sharply acidic berries, which people in many countries eat as a tart and refreshing fruit."}}
{"title":"Mesquite","link":"https:\/\/en.wikipedia.org\/wiki\/Prosopis_juliflora","QID":"Q600793","img_link":"https:\/\/upload.wikimedia.org\/wikipedia\/commons\/thumb\/8\/83\/Prosopis_juliflora.jpg\/220px-Prosopis_juliflora.jpg","text":"Neltuma juliflora ( Spanish: bayahonda blanca, Cuji in Venezuela, Trupillo in Colombia, Aippia in the Wayuunaiki language and long-thorn kiawe in Hawaii ), formerly Prosopis juliflora, is a shrub or small tree in the family Fabaceae, a kind of mesquite. It is native to Mexico, South America and the Caribbean. It has become established as an invasive weed in Africa, Asia, Australia and elsewhere. It is a contributing factor to continuing transmission of malaria, especially during dry periods when sugar sources from native plants are largely unavailable to mosquitoes.","superkingdom":"Archaeplastida","kingdom":"Plantae","subkingdom":"Viridiplantae","infrakingdom":"Streptophyta","superdivision":"Embryophytes","division":"Tracheophyta","subdivision":"Spermatophyta","order":"Fabales","family":"Fabaceae","genus":"Prosopis","species":"Prosopis juliflora","species_cleaned":"juliflora","species_info":{"species_name":"juliflora","title":"Mesquite","link":"https:\/\/en.wikipedia.org\/wiki\/Prosopis_juliflora","img_link":"https:\/\/upload.wikimedia.org\/wikipedia\/commons\/thumb\/8\/83\/Prosopis_juliflora.jpg\/220px-Prosopis_juliflora.jpg","text":"Neltuma juliflora ( Spanish: bayahonda blanca, Cuji in Venezuela, Trupillo in Colombia, Aippia in the Wayuunaiki language and long-thorn kiawe in Hawaii ), formerly Prosopis juliflora, is a shrub or small tree in the family Fabaceae, a kind of mesquite. It is native to Mexico, South America and the Caribbean. It has become established as an invasive weed in Africa, Asia, Australia and elsewhere. It is a contributing factor to continuing transmission of malaria, especially during dry periods when sugar sources from native plants are largely unavailable to mosquitoes."}}
{"title":"Wild service-tree","link":"https:\/\/en.wikipedia.org\/wiki\/Sorbus_torminalis","QID":"Q147459","img_link":"https:\/\/upload.wikimedia.org\/wikipedia\/commons\/thumb\/9\/93\/Sorbus_torminalis_fruits-001.jpg\/220px-Sorbus_torminalis_fruits-001.jpg","text":"Torminalis is a genus of plants in the rose family, Rosaceae. The genus was formerly included within the genus Sorbus as the section Torminaria, but the simple-leafed species traditionally classified in Sorbus are now considered to form a separate monophyletic group. It is monotypic, being represented by the single species Torminalis glaberrima, commonly known as wild service tree, chequers, and checker tree. This tree is native to Europe, parts of northern Africa and western Asia.","superkingdom":"Archaeplastida","kingdom":"Plantae","subkingdom":"Viridiplantae","infrakingdom":"Streptophyta","superdivision":"Embryophytes","division":"Tracheophyta","subdivision":"Spermatophyta","order":"Rosales","family":"Rosaceae","genus":"Sorbus","species":"Sorbus torminalis","species_cleaned":"torminalis","species_info":{"species_name":"torminalis","title":"Wild service-tree","link":"https:\/\/en.wikipedia.org\/wiki\/Sorbus_torminalis","img_link":"https:\/\/upload.wikimedia.org\/wikipedia\/commons\/thumb\/9\/93\/Sorbus_torminalis_fruits-001.jpg\/220px-Sorbus_torminalis_fruits-001.jpg","text":"Torminalis is a genus of plants in the rose family, Rosaceae. The genus was formerly included within the genus Sorbus as the section Torminaria, but the simple-leafed species traditionally classified in Sorbus are now considered to form a separate monophyletic group. It is monotypic, being represented by the single species Torminalis glaberrima, commonly known as wild service tree, chequers, and checker tree. This tree is native to Europe, parts of northern Africa and western Asia."}}
{"title":"Amaranth, pigweed, tumbleweed","link":"https:\/\/en.wikipedia.org\/wiki\/Amaranthus_retroflexus","QID":"Q157663","img_link":"https:\/\/upload.wikimedia.org\/wikipedia\/commons\/thumb\/6\/6b\/Amaranthus_retroflexus_flower1.jpg\/220px-Amaranthus_retroflexus_flower1.jpg","text":"Amaranthus retroflexus is a species of flowering plant in the family Amaranthaceae with several common names, including red-root amaranth, redroot pigweed, red-rooted pigweed, common amaranth, pigweed amaranth, and common tumbleweed.","superkingdom":"Archaeplastida","kingdom":"Plantae","subkingdom":"Viridiplantae","infrakingdom":"Streptophyta","superdivision":"Embryophytes","division":"Tracheophyta","subdivision":"Spermatophyta","order":"Caryophyllales","family":"Amaranthaceae","genus":"Amaranthus","species":"Amaranthus retroflexus","species_cleaned":"retroflexus","species_info":{"species_name":"retroflexus","title":"Amaranth, pigweed, tumbleweed","link":"https:\/\/en.wikipedia.org\/wiki\/Amaranthus_retroflexus","img_link":"https:\/\/upload.wikimedia.org\/wikipedia\/commons\/thumb\/6\/6b\/Amaranthus_retroflexus_flower1.jpg\/220px-Amaranthus_retroflexus_flower1.jpg","text":"Amaranthus retroflexus is a species of flowering plant in the family Amaranthaceae with several common names, including red-root amaranth, redroot pigweed, red-rooted pigweed, common amaranth, pigweed amaranth, and common tumbleweed."}}
{"title":"Juniper","link":"https:\/\/en.wikipedia.org\/wiki\/Juniperus_communis","QID":"Q26325","img_link":"https:\/\/upload.wikimedia.org\/wikipedia\/commons\/thumb\/a\/a1\/Jeneverbes.jpg\/220px-Jeneverbes.jpg","text":"Juniperus communis, the common juniper, is a species of small tree or shrub in the cypress family Cupressaceae. An evergreen conifer, it has the largest geographical range of any woody plant, with a circumpolar distribution throughout the cool temperate Northern Hemisphere.","superkingdom":"Archaeplastida","kingdom":"Plantae","subkingdom":"Viridiplantae","infrakingdom":"Streptophyta","superdivision":"Cycadophytanae","division":"Embryophyta siphonogama","subdivision":"Pinophytina","order":"Cupressales","family":"Cupressaceae","genus":"Juniperus","species":"Juniperus communis","species_cleaned":"communis","species_info":{"species_name":"communis","title":"Juniper","link":"https:\/\/en.wikipedia.org\/wiki\/Juniperus_communis","img_link":"https:\/\/upload.wikimedia.org\/wikipedia\/commons\/thumb\/a\/a1\/Jeneverbes.jpg\/220px-Jeneverbes.jpg","text":"Juniperus communis, the common juniper, is a species of small tree or shrub in the cypress family Cupressaceae. An evergreen conifer, it has the largest geographical range of any woody plant, with a circumpolar distribution throughout the cool temperate Northern Hemisphere."}}
{"title":"Walnut","link":"https:\/\/en.wikipedia.org\/wiki\/Juglans_regia","QID":"Q46871","img_link":"https:\/\/upload.wikimedia.org\/wikipedia\/commons\/thumb\/7\/74\/Noyer_centenaire_en_automne.JPG\/220px-Noyer_centenaire_en_automne.JPG","text":"Juglans regia, the common walnut or Persian walnut amongst other regional names, is a species of walnut. It is native to Eurasia in at least southwest and central Asia and southeast Europe, but its exact natural area is obscure due to its long history of cultivation.","superkingdom":"Archaeplastida","kingdom":"Plantae","subkingdom":"Viridiplantae","infrakingdom":"Streptophyta","superdivision":"Embryophytes","division":"Tracheophyta","subdivision":"Spermatophyta","order":"Fagales","family":"Juglandaceae","genus":"Juglans","species":"Juglans regia","species_cleaned":"regia","species_info":{"species_name":"regia","title":"Walnut","link":"https:\/\/en.wikipedia.org\/wiki\/Juglans_regia","img_link":"https:\/\/upload.wikimedia.org\/wikipedia\/commons\/thumb\/7\/74\/Noyer_centenaire_en_automne.JPG\/220px-Noyer_centenaire_en_automne.JPG","text":"Juglans regia, the common walnut or Persian walnut amongst other regional names, is a species of walnut. It is native to Eurasia in at least southwest and central Asia and southeast Europe, but its exact natural area is obscure due to its long history of cultivation."}}
{"title":"Beech","link":"https:\/\/en.wikipedia.org\/wiki\/Fagus_sylvatica","QID":"Q146149","img_link":"https:\/\/upload.wikimedia.org\/wikipedia\/commons\/thumb\/e\/e4\/Fagus-sylvatica-cansiglio-forest-italy.jpg\/220px-Fagus-sylvatica-cansiglio-forest-italy.jpg","text":"Fagus sylvatica, the European beech or common beech, is a large, graceful deciduous tree in the beech family with smooth silvery-gray bark, large leaf area, and a short trunk with low branches.","superkingdom":"Archaeplastida","kingdom":"Plantae","subkingdom":"Viridiplantae","infrakingdom":"Streptophyta","superdivision":"Embryophytes","division":"Tracheophyta","subdivision":"Spermatophyta","order":"Fagales","family":"Fagaceae","genus":"Fagus","species":"Fagus sylvatica","species_cleaned":"sylvatica","species_info":{"species_name":"sylvatica","title":"Beech","link":"https:\/\/en.wikipedia.org\/wiki\/Fagus_sylvatica","img_link":"https:\/\/upload.wikimedia.org\/wikipedia\/commons\/thumb\/e\/e4\/Fagus-sylvatica-cansiglio-forest-italy.jpg\/220px-Fagus-sylvatica-cansiglio-forest-italy.jpg","text":"Fagus sylvatica, the European beech or common beech, is a large, graceful deciduous tree in the beech family with smooth silvery-gray bark, large leaf area, and a short trunk with low branches."}}
{"title":"Wax currant","link":"https:\/\/en.wikipedia.org\/wiki\/Ribes_cereum","QID":"Q4425192","img_link":"https:\/\/upload.wikimedia.org\/wikipedia\/commons\/thumb\/f\/f0\/Ribes_cereum_var_cereum_2.jpg\/220px-Ribes_cereum_var_cereum_2.jpg","text":"Ribes cereum is a species of currant known by the common names wax currant and squaw currant; the pedicellare variety is known as whisky currant. The species is native to western North America.","superkingdom":"Archaeplastida","kingdom":"Plantae","subkingdom":"Viridiplantae","infrakingdom":"Streptophyta","superdivision":"Embryophytes","division":"Tracheophyta","subdivision":"Spermatophyta","order":"Saxifragales","family":"Grossulariaceae","genus":"Ribes","species":"Ribes cereum","species_cleaned":"cereum","species_info":{"species_name":"cereum","title":"Wax currant","link":"https:\/\/en.wikipedia.org\/wiki\/Ribes_cereum","img_link":"https:\/\/upload.wikimedia.org\/wikipedia\/commons\/thumb\/f\/f0\/Ribes_cereum_var_cereum_2.jpg\/220px-Ribes_cereum_var_cereum_2.jpg","text":"Ribes cereum is a species of currant known by the common names wax currant and squaw currant; the pedicellare variety is known as whisky currant. The species is native to western North America."}}
{"title":"Fat-hen, wild spinach","link":"https:\/\/en.wikipedia.org\/wiki\/Chenopodium_album","QID":"Q158610","img_link":"https:\/\/upload.wikimedia.org\/wikipedia\/commons\/thumb\/b\/b7\/Melganzenvoet_bloeiwijze_Chenopodium_album.jpg\/220px-Melganzenvoet_bloeiwijze_Chenopodium_album.jpg","text":"Chenopodium album is a fast-growing annual plant in the flowering plant family Amaranthaceae. Though cultivated in some regions, the plant is elsewhere considered a weed. Common names include lamb's quarters, melde, goosefoot, wild spinach and fat-hen, though the latter two are also applied to other species of the genus Chenopodium, for which reason it is often distinguished as white goosefoot.","superkingdom":"Archaeplastida","kingdom":"Plantae","subkingdom":"Viridiplantae","infrakingdom":"Streptophyta","superdivision":"Embryophytes","division":"Tracheophyta","subdivision":"Spermatophyta","order":"Caryophyllales","family":"Chenopodiaceae","genus":"Chenopodium","species":"Chenopodium album","species_cleaned":"album","species_info":{"species_name":"album","title":"Fat-hen, wild spinach","link":"https:\/\/en.wikipedia.org\/wiki\/Chenopodium_album","img_link":"https:\/\/upload.wikimedia.org\/wikipedia\/commons\/thumb\/b\/b7\/Melganzenvoet_bloeiwijze_Chenopodium_album.jpg\/220px-Melganzenvoet_bloeiwijze_Chenopodium_album.jpg","text":"Chenopodium album is a fast-growing annual plant in the flowering plant family Amaranthaceae. Though cultivated in some regions, the plant is elsewhere considered a weed. Common names include lamb's quarters, melde, goosefoot, wild spinach and fat-hen, though the latter two are also applied to other species of the genus Chenopodium, for which reason it is often distinguished as white goosefoot."}}
{"title":"Sweet chestnut","link":"https:\/\/en.wikipedia.org\/wiki\/Castanea_sativa","QID":"Q22699","img_link":"https:\/\/upload.wikimedia.org\/wikipedia\/commons\/thumb\/9\/9d\/Chestnuts.jpg\/220px-Chestnuts.jpg","text":"The sweet chestnut ( Castanea sativa ), also known as the Spanish chestnut or just chestnut, is a species of tree in the family Fagaceae, native to Southern Europe and Asia Minor, and widely cultivated throughout the temperate world. A substantial, long-lived deciduous tree, it produces an edible seed, the chestnut, which has been used in cooking since ancient times.","superkingdom":"Archaeplastida","kingdom":"Plantae","subkingdom":"Viridiplantae","infrakingdom":"Streptophyta","superdivision":"Embryophytes","division":"Tracheophyta","subdivision":"Spermatophyta","order":"Fagales","family":"Fagaceae","genus":"Castanea","species":"Castanea sativa","species_cleaned":"sativa","species_info":{"species_name":"sativa","title":"Sweet chestnut","link":"https:\/\/en.wikipedia.org\/wiki\/Castanea_sativa","img_link":"https:\/\/upload.wikimedia.org\/wikipedia\/commons\/thumb\/9\/9d\/Chestnuts.jpg\/220px-Chestnuts.jpg","text":"The sweet chestnut ( Castanea sativa ), also known as the Spanish chestnut or just chestnut, is a species of tree in the family Fagaceae, native to Southern Europe and Asia Minor, and widely cultivated throughout the temperate world. A substantial, long-lived deciduous tree, it produces an edible seed, the chestnut, which has been used in cooking since ancient times."}}
{"title":"Juneberry","link":"https:\/\/en.wikipedia.org\/wiki\/Amelanchier_lamarckii","QID":"Q161702","img_link":"https:\/\/upload.wikimedia.org\/wikipedia\/commons\/thumb\/9\/9a\/Busch_Jakobsberg.jpg\/220px-Busch_Jakobsberg.jpg","text":"Amelanchier \u00d7 lamarckii, also called juneberry, serviceberry or shadbush, is a large deciduous flowering shrub or small tree in the family Rosaceae.","superkingdom":"Archaeplastida","kingdom":"Plantae","subkingdom":"Viridiplantae","infrakingdom":"Streptophyta","superdivision":"Embryophytes","division":"Tracheophyta","subdivision":"Spermatophyta","order":"Rosales","family":"Rosaceae","genus":"Amelanchier","species":"Amelanchier lamarckii","species_cleaned":"lamarckii","species_info":{"species_name":"lamarckii","title":"Juneberry","link":"https:\/\/en.wikipedia.org\/wiki\/Amelanchier_lamarckii","img_link":"https:\/\/upload.wikimedia.org\/wikipedia\/commons\/thumb\/9\/9a\/Busch_Jakobsberg.jpg\/220px-Busch_Jakobsberg.jpg","text":"Amelanchier \u00d7 lamarckii, also called juneberry, serviceberry or shadbush, is a large deciduous flowering shrub or small tree in the family Rosaceae."}}
{"title":"Lime","link":"https:\/\/en.wikipedia.org\/wiki\/Tilia_%C3%97_europaea","QID":"Q163760","img_link":"https:\/\/upload.wikimedia.org\/wikipedia\/commons\/thumb\/e\/e2\/Common_limes%2C_avenue.jpg\/220px-Common_limes%2C_avenue.jpg","text":"Tilia \u00d7 europaea, generally known as the European lime, common lime (British Isles) or common linden, is a naturally occurring hybrid between Tilia cordata (small-leaved lime) and Tilia platyphyllos (large-leaved lime). It occurs in the wild in Europe at scattered localities wherever the two parent species are both native. It is not closely related to the lime fruit tree, a citrus species.","superkingdom":"Archaeplastida","kingdom":"Plantae","subkingdom":"Viridiplantae","infrakingdom":"Streptophyta","superdivision":"Embryophytes","division":"Tracheophyta","subdivision":"Spermatophyta","order":"Malvales","family":"Malvaceae","genus":"Tilia","species":"Tilia \u00d7 europaea","species_cleaned":"\u00d7","species_info":{"species_name":"\u00d7","title":"Lime","link":"https:\/\/en.wikipedia.org\/wiki\/Tilia_%C3%97_europaea","img_link":"https:\/\/upload.wikimedia.org\/wikipedia\/commons\/thumb\/e\/e2\/Common_limes%2C_avenue.jpg\/220px-Common_limes%2C_avenue.jpg","text":"Tilia \u00d7 europaea, generally known as the European lime, common lime (British Isles) or common linden, is a naturally occurring hybrid between Tilia cordata (small-leaved lime) and Tilia platyphyllos (large-leaved lime). It occurs in the wild in Europe at scattered localities wherever the two parent species are both native. It is not closely related to the lime fruit tree, a citrus species."}}
{"title":"Flowering currant","link":"https:\/\/en.wikipedia.org\/wiki\/Ribes_sanguineum","QID":"Q149372","img_link":"https:\/\/upload.wikimedia.org\/wikipedia\/commons\/thumb\/9\/99\/Pink_Flowering_Currant_closeup%2C_Ribes_sanguineum.jpg\/220px-Pink_Flowering_Currant_closeup%2C_Ribes_sanguineum.jpg","text":"Ribes sanguineum, the flowering currant, redflower currant, red-flowering currant, or red currant is a North American species of flowering plant in the family Grossulariaceae, native to the western United States and Canada.","superkingdom":"Archaeplastida","kingdom":"Plantae","subkingdom":"Viridiplantae","infrakingdom":"Streptophyta","superdivision":"Embryophytes","division":"Tracheophyta","subdivision":"Spermatophyta","order":"Saxifragales","family":"Grossulariaceae","genus":"Ribes","species":"Ribes sanguineum","species_cleaned":"sanguineum","species_info":{"species_name":"sanguineum","title":"Flowering currant","link":"https:\/\/en.wikipedia.org\/wiki\/Ribes_sanguineum","img_link":"https:\/\/upload.wikimedia.org\/wikipedia\/commons\/thumb\/9\/99\/Pink_Flowering_Currant_closeup%2C_Ribes_sanguineum.jpg\/220px-Pink_Flowering_Currant_closeup%2C_Ribes_sanguineum.jpg","text":"Ribes sanguineum, the flowering currant, redflower currant, red-flowering currant, or red currant is a North American species of flowering plant in the family Grossulariaceae, native to the western United States and Canada."}}
{"title":"Samphire, glasswort, pickleweed, sea beans, sea asparagus","link":"https:\/\/en.wikipedia.org\/wiki\/Salicornia","QID":"Q159525","img_link":"https:\/\/upload.wikimedia.org\/wikipedia\/commons\/thumb\/3\/3b\/Salicornia_europaea_MS_0802.JPG\/220px-Salicornia_europaea_MS_0802.JPG","text":"Salicornia is a genus of succulent, halophytic (salt tolerant) flowering plants in the family Amaranthaceae that grow in salt marshes, on beaches, and among mangroves. Salicornia species are native to North America, Europe, central Asia, and southern Africa. Common names for the genus include glasswort, pickleweed, picklegrass, and marsh samphire; these common names are also used for some species not in Salicornia. To French speakers in Atlantic Canada, they are known colloquially as t\u00e9tines de souris ('mouse tits'). The main European species is often eaten, called marsh samphire in Britain, and the main North American species is occasionally sold in grocery stores or appears on restaurant menus as sea beans, samphire greens or sea asparagus.","superkingdom":"Archaeplastida","kingdom":"Plantae","subkingdom":"Viridiplantae","infrakingdom":"Streptophyta","superdivision":"Embryophytes","division":"Tracheophyta","subdivision":"Spermatophyta","order":"Caryophyllales","family":"Chenopodiaceae","genus":"Salicornia","species":"Salicornia","species_cleaned":"Salicornia","species_info":{"species_name":"Salicornia","title":"Samphire, glasswort, pickleweed, sea beans, sea asparagus","link":"https:\/\/en.wikipedia.org\/wiki\/Salicornia","img_link":"https:\/\/upload.wikimedia.org\/wikipedia\/commons\/thumb\/3\/3b\/Salicornia_europaea_MS_0802.JPG\/220px-Salicornia_europaea_MS_0802.JPG","text":"Salicornia is a genus of succulent, halophytic (salt tolerant) flowering plants in the family Amaranthaceae that grow in salt marshes, on beaches, and among mangroves. Salicornia species are native to North America, Europe, central Asia, and southern Africa. Common names for the genus include glasswort, pickleweed, picklegrass, and marsh samphire; these common names are also used for some species not in Salicornia. To French speakers in Atlantic Canada, they are known colloquially as t\u00e9tines de souris ('mouse tits'). The main European species is often eaten, called marsh samphire in Britain, and the main North American species is occasionally sold in grocery stores or appears on restaurant menus as sea beans, samphire greens or sea asparagus."}}
{"title":"Chickweed","link":"https:\/\/en.wikipedia.org\/wiki\/Stellaria_media","QID":"Q158711","img_link":"https:\/\/upload.wikimedia.org\/wikipedia\/commons\/thumb\/0\/05\/Kaldari_Stellaria_media_01.jpg\/220px-Kaldari_Stellaria_media_01.jpg","text":"Stellaria media, chickweed, is an annual flowering plant in the family Caryophyllaceae. It is native to Eurasia and naturalized throughout the world, where it is a weed of waste ground, farmland and gardens. It is sometimes grown as a salad crop or for poultry consumption.","superkingdom":"Archaeplastida","kingdom":"Plantae","subkingdom":"Viridiplantae","infrakingdom":"Streptophyta","superdivision":"Embryophytes","division":"Tracheophyta","subdivision":"Spermatophyta","order":"Caryophyllales","family":"Caryophyllaceae","genus":"Stellaria","species":"Stellaria media","species_cleaned":"media","species_info":{"species_name":"media","title":"Chickweed","link":"https:\/\/en.wikipedia.org\/wiki\/Stellaria_media","img_link":"https:\/\/upload.wikimedia.org\/wikipedia\/commons\/thumb\/0\/05\/Kaldari_Stellaria_media_01.jpg\/220px-Kaldari_Stellaria_media_01.jpg","text":"Stellaria media, chickweed, is an annual flowering plant in the family Caryophyllaceae. It is native to Eurasia and naturalized throughout the world, where it is a weed of waste ground, farmland and gardens. It is sometimes grown as a salad crop or for poultry consumption."}}
{"title":"Bladder campion, maidenstears","link":"https:\/\/en.wikipedia.org\/wiki\/Silene_vulgaris","QID":"Q511103","img_link":"https:\/\/upload.wikimedia.org\/wikipedia\/commons\/thumb\/2\/21\/Bladder_Campion.jpg\/220px-Bladder_Campion.jpg","text":"Silene vulgaris, the bladder campion or maidenstears, is a plant species of the genus Silene within the family Caryophyllaceae. Native to the Old World, the plant has been naturalized elsewhere, including North America. The young shoots and leaves are edible.","superkingdom":"Archaeplastida","kingdom":"Plantae","subkingdom":"Viridiplantae","infrakingdom":"Streptophyta","superdivision":"Embryophytes","division":"Tracheophyta","subdivision":"Spermatophyta","order":"Caryophyllales","family":"Caryophyllaceae","genus":"Silene","species":"Silene vulgaris","species_cleaned":"vulgaris","species_info":{"species_name":"vulgaris","title":"Bladder campion, maidenstears","link":"https:\/\/en.wikipedia.org\/wiki\/Silene_vulgaris","img_link":"https:\/\/upload.wikimedia.org\/wikipedia\/commons\/thumb\/2\/21\/Bladder_Campion.jpg\/220px-Bladder_Campion.jpg","text":"Silene vulgaris, the bladder campion or maidenstears, is a plant species of the genus Silene within the family Caryophyllaceae. Native to the Old World, the plant has been naturalized elsewhere, including North America. The young shoots and leaves are edible."}}
{"title":"Stinging nettle","link":"https:\/\/en.wikipedia.org\/wiki\/Urtica_dioica","QID":"Q155909","img_link":"https:\/\/upload.wikimedia.org\/wikipedia\/commons\/thumb\/0\/01\/Br%C3%A4nn%C3%A4ssla_%28Urtica_Dioica%29.jpg\/220px-Br%C3%A4nn%C3%A4ssla_%28Urtica_Dioica%29.jpg","text":"Urtica dioica, often known as common nettle, burn nettle, stinging nettle (although not all plants of this species sting) or nettle leaf, or just a nettle or stinger, is a herbaceous perennial flowering plant in the family Urticaceae. Originally native to Europe, much of temperate Asia and western North Africa, it is now found worldwide. The species is divided into six subspecies, five of which have many hollow stinging hairs called trichomes on the leaves and stems, which act like hypodermic needles, injecting histamine and other chemicals that produce a stinging sensation upon contact (\"contact urticaria\", a form of contact dermatitis ).","superkingdom":"Archaeplastida","kingdom":"Plantae","subkingdom":"Viridiplantae","infrakingdom":"Streptophyta","superdivision":"Embryophytes","division":"Tracheophyta","subdivision":"Spermatophyta","order":"Rosales","family":"Urticaceae","genus":"Nettle (urtica)","species":"Urtica dioica","species_cleaned":"dioica","species_info":{"species_name":"dioica","title":"Stinging nettle","link":"https:\/\/en.wikipedia.org\/wiki\/Urtica_dioica","img_link":"https:\/\/upload.wikimedia.org\/wikipedia\/commons\/thumb\/0\/01\/Br%C3%A4nn%C3%A4ssla_%28Urtica_Dioica%29.jpg\/220px-Br%C3%A4nn%C3%A4ssla_%28Urtica_Dioica%29.jpg","text":"Urtica dioica, often known as common nettle, burn nettle, stinging nettle (although not all plants of this species sting) or nettle leaf, or just a nettle or stinger, is a herbaceous perennial flowering plant in the family Urticaceae. Originally native to Europe, much of temperate Asia and western North Africa, it is now found worldwide. The species is divided into six subspecies, five of which have many hollow stinging hairs called trichomes on the leaves and stems, which act like hypodermic needles, injecting histamine and other chemicals that produce a stinging sensation upon contact (\"contact urticaria\", a form of contact dermatitis )."}}
{"title":"Sloe, blackthorn","link":"https:\/\/en.wikipedia.org\/wiki\/Prunus_spinosa","QID":"Q129018","img_link":"https:\/\/upload.wikimedia.org\/wikipedia\/commons\/thumb\/7\/7f\/Closeup_of_blackthorn_aka_sloe_aka_prunus_spinosa_sweden_20050924.jpg\/220px-Closeup_of_blackthorn_aka_sloe_aka_prunus_spinosa_sweden_20050924.jpg","text":"Prunus spinosa, called blackthorn or sloe, is an Old World species of flowering plant in the rose family, Rosaceae. It is locally naturalized in parts of the New World.","superkingdom":"Archaeplastida","kingdom":"Plantae","subkingdom":"Viridiplantae","infrakingdom":"Streptophyta","superdivision":"Embryophytes","division":"Tracheophyta","subdivision":"Spermatophyta","order":"Rosales","family":"Rosaceae","genus":"Prunus","species":"Prunus spinosa","species_cleaned":"spinosa","species_info":{"species_name":"spinosa","title":"Sloe, blackthorn","link":"https:\/\/en.wikipedia.org\/wiki\/Prunus_spinosa","img_link":"https:\/\/upload.wikimedia.org\/wikipedia\/commons\/thumb\/7\/7f\/Closeup_of_blackthorn_aka_sloe_aka_prunus_spinosa_sweden_20050924.jpg\/220px-Closeup_of_blackthorn_aka_sloe_aka_prunus_spinosa_sweden_20050924.jpg","text":"Prunus spinosa, called blackthorn or sloe, is an Old World species of flowering plant in the rose family, Rosaceae. It is locally naturalized in parts of the New World."}}
{"title":"Medlar","link":"https:\/\/en.wikipedia.org\/wiki\/Mespilus_germanica","QID":"Q146186","img_link":"https:\/\/upload.wikimedia.org\/wikipedia\/commons\/thumb\/9\/99\/Medlar_pomes_and_leaves.jpg\/220px-Medlar_pomes_and_leaves.jpg","text":"Mespilus germanica, known as the medlar or common medlar, is a large shrub or small tree in the rose family Rosaceae. When the genus Mespilus is included in the genus Crataegus, the correct name for this species is Crataegus germanica ( L. ) Kuntze.","superkingdom":"Archaeplastida","kingdom":"Plantae","subkingdom":"Viridiplantae","infrakingdom":"Streptophyta","superdivision":"Embryophytes","division":"Tracheophyta","subdivision":"Spermatophyta","order":"Rosales","family":"Rosaceae","genus":"Mespilus","species":"Mespilus germanica","species_cleaned":"germanica","species_info":{"species_name":"germanica","title":"Medlar","link":"https:\/\/en.wikipedia.org\/wiki\/Mespilus_germanica","img_link":"https:\/\/upload.wikimedia.org\/wikipedia\/commons\/thumb\/9\/99\/Medlar_pomes_and_leaves.jpg\/220px-Medlar_pomes_and_leaves.jpg","text":"Mespilus germanica, known as the medlar or common medlar, is a large shrub or small tree in the rose family Rosaceae. When the genus Mespilus is included in the genus Crataegus, the correct name for this species is Crataegus germanica ( L. ) Kuntze."}}
{"title":"Hawthorn, may-tree","link":"https:\/\/en.wikipedia.org\/wiki\/Crataegus_monogyna","QID":"Q161511","img_link":"https:\/\/upload.wikimedia.org\/wikipedia\/commons\/thumb\/f\/fb\/Hawthorn_fruit.JPG\/220px-Hawthorn_fruit.JPG","text":"Crataegus monogyna, known as common hawthorn, one-seed hawthorn, or single-seeded hawthorn, is a species of flowering plant in the rose family, Rosaceae. It grows to about 10 metres (33 feet) tall, producing hermaphrodite flowers in late spring. The berry-like pomes (known as haws) contain a stone-encased seed.","superkingdom":"Archaeplastida","kingdom":"Plantae","subkingdom":"Viridiplantae","infrakingdom":"Streptophyta","superdivision":"Embryophytes","division":"Tracheophyta","subdivision":"Spermatophyta","order":"Rosales","family":"Rosaceae","genus":"Crataegus","species":"Crataegus monogyna","species_cleaned":"monogyna","species_info":{"species_name":"monogyna","title":"Hawthorn, may-tree","link":"https:\/\/en.wikipedia.org\/wiki\/Crataegus_monogyna","img_link":"https:\/\/upload.wikimedia.org\/wikipedia\/commons\/thumb\/f\/fb\/Hawthorn_fruit.JPG\/220px-Hawthorn_fruit.JPG","text":"Crataegus monogyna, known as common hawthorn, one-seed hawthorn, or single-seeded hawthorn, is a species of flowering plant in the rose family, Rosaceae. It grows to about 10 metres (33 feet) tall, producing hermaphrodite flowers in late spring. The berry-like pomes (known as haws) contain a stone-encased seed."}}
{"title":"Sea purslane","link":"https:\/\/en.wikipedia.org\/wiki\/Halimione_portulacoides","QID":"Q888227","img_link":"https:\/\/upload.wikimedia.org\/wikipedia\/commons\/thumb\/4\/46\/Sea_Purslane.jpg\/220px-Sea_Purslane.jpg","text":"Halimione portulacoides, commonly known as sea purslane, is a shrub found in Eurasia.","superkingdom":"Archaeplastida","kingdom":"Plantae","subkingdom":"Viridiplantae","infrakingdom":"Streptophyta","superdivision":"Embryophytes","division":"Tracheophyta","subdivision":"Spermatophyta","order":"Caryophyllales","family":"Chenopodiaceae","genus":"Halimione","species":"Halimione portulacoides","species_cleaned":"portulacoides","species_info":{"species_name":"portulacoides","title":"Sea purslane","link":"https:\/\/en.wikipedia.org\/wiki\/Halimione_portulacoides","img_link":"https:\/\/upload.wikimedia.org\/wikipedia\/commons\/thumb\/4\/46\/Sea_Purslane.jpg\/220px-Sea_Purslane.jpg","text":"Halimione portulacoides, commonly known as sea purslane, is a shrub found in Eurasia."}}
{"title":"Dandelion","link":"https:\/\/en.wikipedia.org\/wiki\/Taraxacum_officinale","QID":"Q131219","img_link":"https:\/\/upload.wikimedia.org\/wikipedia\/commons\/thumb\/b\/b2\/Taraxacum_officinale_-_K%C3%B6hler%E2%80%93s_Medizinal-Pflanzen-135.jpg\/220px-Taraxacum_officinale_-_K%C3%B6hler%E2%80%93s_Medizinal-Pflanzen-135.jpg","text":"Taraxacum officinale, the dandelion or common dandelion, is a herbaceous perennial flowering plant in the daisy family, Asteraceae. The common dandelion is well known for its yellow flower heads that turn into round balls of many silver-tufted fruits that disperse in the wind. These balls are called \"clocks\" in both British and American English. The name \"blowball\" is also used.","superkingdom":"Archaeplastida","kingdom":"Plantae","subkingdom":"Viridiplantae","infrakingdom":"Streptophyta","superdivision":"Embryophytes","division":"Tracheophyta","subdivision":"Spermatophyta","order":"Asterales","family":"Asteraceae","genus":"Taraxacum","species":"Taraxacum officinale","species_cleaned":"officinale","species_info":{"species_name":"officinale","title":"Dandelion","link":"https:\/\/en.wikipedia.org\/wiki\/Taraxacum_officinale","img_link":"https:\/\/upload.wikimedia.org\/wikipedia\/commons\/thumb\/b\/b2\/Taraxacum_officinale_-_K%C3%B6hler%E2%80%93s_Medizinal-Pflanzen-135.jpg\/220px-Taraxacum_officinale_-_K%C3%B6hler%E2%80%93s_Medizinal-Pflanzen-135.jpg","text":"Taraxacum officinale, the dandelion or common dandelion, is a herbaceous perennial flowering plant in the daisy family, Asteraceae. The common dandelion is well known for its yellow flower heads that turn into round balls of many silver-tufted fruits that disperse in the wind. These balls are called \"clocks\" in both British and American English. The name \"blowball\" is also used."}}
{"title":"Crabapples","link":"https:\/\/en.wikipedia.org\/wiki\/Malus_sylvestris","QID":"Q47161","img_link":"https:\/\/upload.wikimedia.org\/wikipedia\/commons\/thumb\/8\/8a\/Malus_sylvestris_005.JPG\/220px-Malus_sylvestris_005.JPG","text":"Malus sylvestris, the European crab apple, also known as the European wild apple or simply the crab apple, is a species of the genus Malus. Its scientific name means \"forest apple\", reflecting its habitat. It is native to Eurasia.","superkingdom":"Archaeplastida","kingdom":"Plantae","subkingdom":"Viridiplantae","infrakingdom":"Streptophyta","superdivision":"Embryophytes","division":"Tracheophyta","subdivision":"Spermatophyta","order":"Rosales","family":"Rosaceae","genus":"Malus","species":"Malus sylvestris","species_cleaned":"sylvestris","species_info":{"species_name":"sylvestris","title":"Crabapples","link":"https:\/\/en.wikipedia.org\/wiki\/Malus_sylvestris","img_link":"https:\/\/upload.wikimedia.org\/wikipedia\/commons\/thumb\/8\/8a\/Malus_sylvestris_005.JPG\/220px-Malus_sylvestris_005.JPG","text":"Malus sylvestris, the European crab apple, also known as the European wild apple or simply the crab apple, is a species of the genus Malus. Its scientific name means \"forest apple\", reflecting its habitat. It is native to Eurasia."}}
{"title":"Oregon-grape","link":"https:\/\/en.wikipedia.org\/wiki\/Mahonia_aquifolium","QID":"Q158303","img_link":"https:\/\/upload.wikimedia.org\/wikipedia\/commons\/thumb\/8\/8e\/Mahonia_aquifolium.jpg\/220px-Mahonia_aquifolium.jpg","text":"Berberis aquifolium, the Oregon grape or holly-leaved barberry, is a species of flowering plant in the family Berberidaceae, native to western North America. It is an evergreen shrub growing 1\u20133 meters (3\u201310 feet) tall and 1.5\u00a0m (5\u00a0ft) wide, with pinnate leaves consisting of spiny leaflets, and dense clusters of yellow flowers in early spring, followed by dark bluish-black berries.","superkingdom":"Archaeplastida","kingdom":"Plantae","subkingdom":"Viridiplantae","infrakingdom":"Streptophyta","superdivision":"Embryophytes","division":"Tracheophyta","subdivision":"Spermatophyta","order":"Ranunculales","family":"Berberidaceae","genus":"Mahonia","species":"Mahonia aquifolium","species_cleaned":"aquifolium","species_info":{"species_name":"aquifolium","title":"Oregon-grape","link":"https:\/\/en.wikipedia.org\/wiki\/Mahonia_aquifolium","img_link":"https:\/\/upload.wikimedia.org\/wikipedia\/commons\/thumb\/8\/8e\/Mahonia_aquifolium.jpg\/220px-Mahonia_aquifolium.jpg","text":"Berberis aquifolium, the Oregon grape or holly-leaved barberry, is a species of flowering plant in the family Berberidaceae, native to western North America. It is an evergreen shrub growing 1\u20133 meters (3\u201310 feet) tall and 1.5\u00a0m (5\u00a0ft) wide, with pinnate leaves consisting of spiny leaflets, and dense clusters of yellow flowers in early spring, followed by dark bluish-black berries."}}
{"title":"Poppy","link":"https:\/\/en.wikipedia.org\/wiki\/Papaver_rhoeas","QID":"Q130201","img_link":"https:\/\/upload.wikimedia.org\/wikipedia\/commons\/thumb\/9\/93\/Papaver_rhoeas_-_K%C3%B6hler%E2%80%93s_Medizinal-Pflanzen-101.jpg\/220px-Papaver_rhoeas_-_K%C3%B6hler%E2%80%93s_Medizinal-Pflanzen-101.jpg","text":"Papaver rhoeas, with common names including common poppy, corn poppy, corn rose, field poppy, Flanders poppy, red poppy, and Odai, is an annual herbaceous species of flowering plant in the poppy family Papaveraceae. It is native to north Africa and temperate Eurasia and is introduced into temperate areas on all other continents except Antarctica.","superkingdom":"Archaeplastida","kingdom":"Plantae","subkingdom":"Viridiplantae","infrakingdom":"Streptophyta","superdivision":"Embryophytes","division":"Tracheophyta","subdivision":"Spermatophyta","order":"Ranunculales","family":"Papaveraceae","genus":"Papaver","species":"Papaver rhoeas","species_cleaned":"rhoeas","species_info":{"species_name":"rhoeas","title":"Poppy","link":"https:\/\/en.wikipedia.org\/wiki\/Papaver_rhoeas","img_link":"https:\/\/upload.wikimedia.org\/wikipedia\/commons\/thumb\/9\/93\/Papaver_rhoeas_-_K%C3%B6hler%E2%80%93s_Medizinal-Pflanzen-101.jpg\/220px-Papaver_rhoeas_-_K%C3%B6hler%E2%80%93s_Medizinal-Pflanzen-101.jpg","text":"Papaver rhoeas, with common names including common poppy, corn poppy, corn rose, field poppy, Flanders poppy, red poppy, and Odai, is an annual herbaceous species of flowering plant in the poppy family Papaveraceae. It is native to north Africa and temperate Eurasia and is introduced into temperate areas on all other continents except Antarctica."}}
{"title":"Ice plant, sour fig","link":"https:\/\/en.wikipedia.org\/wiki\/Carpobrotus_edulis","QID":"Q1368577","img_link":"https:\/\/upload.wikimedia.org\/wikipedia\/commons\/thumb\/7\/78\/Carpobrotus_edulis_on_the_sand_dunes_of_Waimairi_Beach%2C_Christchurch%2C_New_Zealand_05.jpg\/220px-Carpobrotus_edulis_on_the_sand_dunes_of_Waimairi_Beach%2C_Christchurch%2C_New_Zealand_05.jpg","text":"Carpobrotus edulis is a ground-creeping plant with succulent leaves in the genus Carpobrotus, native to South Africa. Its common names include hottentot-fig, sour fig, ice plant, highway ice plant, or vygie.","superkingdom":"Archaeplastida","kingdom":"Plantae","subkingdom":"Viridiplantae","infrakingdom":"Streptophyta","superdivision":"Embryophytes","division":"Tracheophyta","subdivision":"Spermatophyta","order":"Caryophyllales","family":"Aizoaceae","genus":"Carpobrotus","species":"Carpobrotus edulis","species_cleaned":"edulis","species_info":{"species_name":"edulis","title":"Ice plant, sour fig","link":"https:\/\/en.wikipedia.org\/wiki\/Carpobrotus_edulis","img_link":"https:\/\/upload.wikimedia.org\/wikipedia\/commons\/thumb\/7\/78\/Carpobrotus_edulis_on_the_sand_dunes_of_Waimairi_Beach%2C_Christchurch%2C_New_Zealand_05.jpg\/220px-Carpobrotus_edulis_on_the_sand_dunes_of_Waimairi_Beach%2C_Christchurch%2C_New_Zealand_05.jpg","text":"Carpobrotus edulis is a ground-creeping plant with succulent leaves in the genus Carpobrotus, native to South Africa. Its common names include hottentot-fig, sour fig, ice plant, highway ice plant, or vygie."}}
{"title":"Golden currant","link":"https:\/\/en.wikipedia.org\/wiki\/Ribes_aureum","QID":"Q149376","img_link":"https:\/\/upload.wikimedia.org\/wikipedia\/commons\/thumb\/6\/64\/Ribes_aureum_var_aureum_4.jpg\/220px-Ribes_aureum_var_aureum_4.jpg","text":"Ribes aureum, known by the common names golden currant, clove currant, pruterberry and buffalo currant, is a species of flowering plant in the genus Ribes native to North America.","superkingdom":"Archaeplastida","kingdom":"Plantae","subkingdom":"Viridiplantae","infrakingdom":"Streptophyta","superdivision":"Embryophytes","division":"Tracheophyta","subdivision":"Spermatophyta","order":"Saxifragales","family":"Grossulariaceae","genus":"Ribes","species":"Ribes aureum","species_cleaned":"aureum","species_info":{"species_name":"aureum","title":"Golden currant","link":"https:\/\/en.wikipedia.org\/wiki\/Ribes_aureum","img_link":"https:\/\/upload.wikimedia.org\/wikipedia\/commons\/thumb\/6\/64\/Ribes_aureum_var_aureum_4.jpg\/220px-Ribes_aureum_var_aureum_4.jpg","text":"Ribes aureum, known by the common names golden currant, clove currant, pruterberry and buffalo currant, is a species of flowering plant in the genus Ribes native to North America."}}
{"title":"Rowan, Mountain-ash","link":"https:\/\/en.wikipedia.org\/wiki\/Sorbus_aucuparia","QID":"Q146198","img_link":"https:\/\/upload.wikimedia.org\/wikipedia\/commons\/thumb\/2\/26\/Rowan_tree_20081002b.jpg\/220px-Rowan_tree_20081002b.jpg","text":"Sorbus aucuparia, commonly called rowan ( \/ \u02c8 r o\u028a \u0259n \/, also UK: \/ \u02c8 r a\u028a \u0259n \/ ) and mountain-ash, is a species of deciduous tree or shrub in the rose family.","superkingdom":"Archaeplastida","kingdom":"Plantae","subkingdom":"Viridiplantae","infrakingdom":"Streptophyta","superdivision":"Embryophytes","division":"Tracheophyta","subdivision":"Spermatophyta","order":"Rosales","family":"Rosaceae","genus":"Sorbus","species":"Sorbus aucuparia","species_cleaned":"aucuparia","species_info":{"species_name":"aucuparia","title":"Rowan, Mountain-ash","link":"https:\/\/en.wikipedia.org\/wiki\/Sorbus_aucuparia","img_link":"https:\/\/upload.wikimedia.org\/wikipedia\/commons\/thumb\/2\/26\/Rowan_tree_20081002b.jpg\/220px-Rowan_tree_20081002b.jpg","text":"Sorbus aucuparia, commonly called rowan ( \/ \u02c8 r o\u028a \u0259n \/, also UK: \/ \u02c8 r a\u028a \u0259n \/ ) and mountain-ash, is a species of deciduous tree or shrub in the rose family."}}
{"title":"Wild cherry","link":"https:\/\/en.wikipedia.org\/wiki\/Prunus_avium","QID":"Q165137","img_link":"https:\/\/upload.wikimedia.org\/wikipedia\/commons\/thumb\/4\/49\/Prunus_avium_fruit.jpg\/220px-Prunus_avium_fruit.jpg","text":"Prunus avium, commonly called wild cherry, sweet cherry or gean is a species of cherry, a flowering plant in the rose family, Rosaceae. It is native to Europe, Anatolia, Maghreb, and Western Asia, from the British Isles south to Morocco and Tunisia, north to the Trondheimsfjord region in Norway and east to the Caucasus and northern Iran, with a small isolated population in the western Himalaya. The species is widely cultivated in other regions and has become naturalized in North America, New Zealand and Australia.","superkingdom":"Archaeplastida","kingdom":"Plantae","subkingdom":"Viridiplantae","infrakingdom":"Streptophyta","superdivision":"Embryophytes","division":"Tracheophyta","subdivision":"Spermatophyta","order":"Rosales","family":"Rosaceae","genus":"Prunus","species":"Prunus avium","species_cleaned":"avium","species_info":{"species_name":"avium","title":"Wild cherry","link":"https:\/\/en.wikipedia.org\/wiki\/Prunus_avium","img_link":"https:\/\/upload.wikimedia.org\/wikipedia\/commons\/thumb\/4\/49\/Prunus_avium_fruit.jpg\/220px-Prunus_avium_fruit.jpg","text":"Prunus avium, commonly called wild cherry, sweet cherry or gean is a species of cherry, a flowering plant in the rose family, Rosaceae. It is native to Europe, Anatolia, Maghreb, and Western Asia, from the British Isles south to Morocco and Tunisia, north to the Trondheimsfjord region in Norway and east to the Caucasus and northern Iran, with a small isolated population in the western Himalaya. The species is widely cultivated in other regions and has become naturalized in North America, New Zealand and Australia."}}
{"title":"Redcurrant","link":"https:\/\/en.wikipedia.org\/wiki\/Ribes_rubrum","QID":"Q146661","img_link":"https:\/\/upload.wikimedia.org\/wikipedia\/commons\/thumb\/a\/a5\/Ribes_rubrum_1.jpg\/220px-Ribes_rubrum_1.jpg","text":"The redcurrant or red currant ( Ribes rubrum ) is a member of the genus Ribes in the gooseberry family. It is native to western Europe. The species is widely cultivated and has escaped into the wild in many regions.","superkingdom":"Archaeplastida","kingdom":"Plantae","subkingdom":"Viridiplantae","infrakingdom":"Streptophyta","superdivision":"Embryophytes","division":"Tracheophyta","subdivision":"Spermatophyta","order":"Saxifragales","family":"Grossulariaceae","genus":"Ribes","species":"Ribes rubrum","species_cleaned":"rubrum","species_info":{"species_name":"rubrum","title":"Redcurrant","link":"https:\/\/en.wikipedia.org\/wiki\/Ribes_rubrum","img_link":"https:\/\/upload.wikimedia.org\/wikipedia\/commons\/thumb\/a\/a5\/Ribes_rubrum_1.jpg\/220px-Ribes_rubrum_1.jpg","text":"The redcurrant or red currant ( Ribes rubrum ) is a member of the genus Ribes in the gooseberry family. It is native to western Europe. The species is widely cultivated and has escaped into the wild in many regions."}}
{"title":"Hop","link":"https:\/\/en.wikipedia.org\/wiki\/Humulus_lupulus","QID":"Q104212","img_link":"https:\/\/upload.wikimedia.org\/wikipedia\/commons\/thumb\/7\/70\/Hopfen1.jpg\/220px-Hopfen1.jpg","text":"Humulus lupulus, the common hop or hops, is a species of flowering plant in the hemp family, Cannabaceae. It is a perennial, herbaceous climbing plant which sends up new shoots in early spring and dies back to a cold-hardy rhizome in autumn. It is dioecious (having separate male and female plants) and native to West Asia, Europe and North America.","superkingdom":"Archaeplastida","kingdom":"Plantae","subkingdom":"Viridiplantae","infrakingdom":"Streptophyta","superdivision":"Embryophytes","division":"Tracheophyta","subdivision":"Spermatophyta","order":"Rosales","family":"Cannabaceae","genus":"Humulus","species":"Humulus lupulus","species_cleaned":"lupulus","species_info":{"species_name":"lupulus","title":"Hop","link":"https:\/\/en.wikipedia.org\/wiki\/Humulus_lupulus","img_link":"https:\/\/upload.wikimedia.org\/wikipedia\/commons\/thumb\/7\/70\/Hopfen1.jpg\/220px-Hopfen1.jpg","text":"Humulus lupulus, the common hop or hops, is a species of flowering plant in the hemp family, Cannabaceae. It is a perennial, herbaceous climbing plant which sends up new shoots in early spring and dies back to a cold-hardy rhizome in autumn. It is dioecious (having separate male and female plants) and native to West Asia, Europe and North America."}}
{"title":"Spear saltbush, common orache","link":"https:\/\/en.wikipedia.org\/wiki\/Atriplex_patula","QID":"Q158212","img_link":"https:\/\/upload.wikimedia.org\/wikipedia\/commons\/thumb\/3\/36\/UitstaandeMeldeSorinnesDSCN4516.JPG\/220px-UitstaandeMeldeSorinnesDSCN4516.JPG","text":"Atriplex patula ( spear saltbush; common orache; spear orach; spreading orach; \/ \u02c8 \u0252 r \u0259 t\u0283 \/ ) is a ruderal, circumboreal species of annual herbaceous plant in the genus Atriplex naturalized in many temperate regions.","superkingdom":"Archaeplastida","kingdom":"Plantae","subkingdom":"Viridiplantae","infrakingdom":"Streptophyta","superdivision":"Embryophytes","division":"Tracheophyta","subdivision":"Spermatophyta","order":"Caryophyllales","family":"Chenopodiaceae","genus":"Atriplex","species":"Atriplex patula","species_cleaned":"patula","species_info":{"species_name":"patula","title":"Spear saltbush, common orache","link":"https:\/\/en.wikipedia.org\/wiki\/Atriplex_patula","img_link":"https:\/\/upload.wikimedia.org\/wikipedia\/commons\/thumb\/3\/36\/UitstaandeMeldeSorinnesDSCN4516.JPG\/220px-UitstaandeMeldeSorinnesDSCN4516.JPG","text":"Atriplex patula ( spear saltbush; common orache; spear orach; spreading orach; \/ \u02c8 \u0252 r \u0259 t\u0283 \/ ) is a ruderal, circumboreal species of annual herbaceous plant in the genus Atriplex naturalized in many temperate regions."}}
{"title":"Cogongrass","link":"https:\/\/en.wikipedia.org\/wiki\/Imperata_cylindrica","QID":"Q693409","img_link":"https:\/\/upload.wikimedia.org\/wikipedia\/commons\/thumb\/5\/51\/Imperata_cylindrica_tigaya_colony.jpg\/220px-Imperata_cylindrica_tigaya_colony.jpg","text":"Imperata cylindrica (commonly known as cogongrass \/ k o\u028a \u02c8 \u0261 o\u028a n \/ or kunai grass \/ \u02c8 k u\u02d0 n a\u026a \/ ) is a species of perennial rhizomatous grass native to tropical and subtropical Asia, Micronesia, Melanesia, Australia, Africa, and Southern Europe. It has also been introduced to Latin America, the Caribbean, and the Southeastern United States. It is a highly flammable pyrophyte, and can spread rapidly by colonizing disturbed areas and encouraging more frequent wildfires.","superkingdom":"Archaeplastida","kingdom":"Plantae","subkingdom":"Viridiplantae","infrakingdom":"Streptophyta","superdivision":"Embryophytes","division":"Tracheophyta","subdivision":"Spermatophyta","order":"Poales","family":"Poaceae","genus":"Imperata","species":"Imperata cylindrica","species_cleaned":"cylindrica","species_info":{"species_name":"cylindrica","title":"Cogongrass","link":"https:\/\/en.wikipedia.org\/wiki\/Imperata_cylindrica","img_link":"https:\/\/upload.wikimedia.org\/wikipedia\/commons\/thumb\/5\/51\/Imperata_cylindrica_tigaya_colony.jpg\/220px-Imperata_cylindrica_tigaya_colony.jpg","text":"Imperata cylindrica (commonly known as cogongrass \/ k o\u028a \u02c8 \u0261 o\u028a n \/ or kunai grass \/ \u02c8 k u\u02d0 n a\u026a \/ ) is a species of perennial rhizomatous grass native to tropical and subtropical Asia, Micronesia, Melanesia, Australia, Africa, and Southern Europe. It has also been introduced to Latin America, the Caribbean, and the Southeastern United States. It is a highly flammable pyrophyte, and can spread rapidly by colonizing disturbed areas and encouraging more frequent wildfires."}}
{"title":"Blackcurrant","link":"https:\/\/en.wikipedia.org\/wiki\/Ribes_nigrum","QID":"Q146604","img_link":"https:\/\/upload.wikimedia.org\/wikipedia\/commons\/thumb\/0\/05\/Ribes_nigrum_a1.JPG\/220px-Ribes_nigrum_a1.JPG","text":"No description available","superkingdom":"Archaeplastida","kingdom":"Plantae","subkingdom":"Viridiplantae","infrakingdom":"Streptophyta","superdivision":"Embryophytes","division":"Tracheophyta","subdivision":"Spermatophyta","order":"Saxifragales","family":"Grossulariaceae","genus":"Ribes","species":"Ribes nigrum","species_cleaned":"nigrum","species_info":{"species_name":"nigrum","title":"Blackcurrant","link":"https:\/\/en.wikipedia.org\/wiki\/Ribes_nigrum","img_link":"https:\/\/upload.wikimedia.org\/wikipedia\/commons\/thumb\/0\/05\/Ribes_nigrum_a1.JPG\/220px-Ribes_nigrum_a1.JPG","text":"No description available"}}
{"title":"Whitebeam","link":"https:\/\/en.wikipedia.org\/wiki\/Sorbus_aria","QID":"Q157960","img_link":"https:\/\/upload.wikimedia.org\/wikipedia\/commons\/thumb\/5\/5a\/Sorbus_aria-3420.jpg\/220px-Sorbus_aria-3420.jpg","text":"Aria edulis, the whitebeam or common whitebeam, is a species of deciduous tree in the family Rosaceae.","superkingdom":"Archaeplastida","kingdom":"Plantae","subkingdom":"Viridiplantae","infrakingdom":"Streptophyta","superdivision":"Embryophytes","division":"Tracheophyta","subdivision":"Spermatophyta","order":"Rosales","family":"Rosaceae","genus":"Sorbus","species":"Sorbus aria","species_cleaned":"aria","species_info":{"species_name":"aria","title":"Whitebeam","link":"https:\/\/en.wikipedia.org\/wiki\/Sorbus_aria","img_link":"https:\/\/upload.wikimedia.org\/wikipedia\/commons\/thumb\/5\/5a\/Sorbus_aria-3420.jpg\/220px-Sorbus_aria-3420.jpg","text":"Aria edulis, the whitebeam or common whitebeam, is a species of deciduous tree in the family Rosaceae."}}
