{"name":"Abelmoschus","link":"https:\/\/en.wikipedia.org\/wiki\/Abelmoschus","img_link":"https:\/\/upload.wikimedia.org\/wikipedia\/commons\/thumb\/b\/bf\/Abelmoschus_esculentus.jpg\/220px-Abelmoschus_esculentus.jpg","text":"Abelmoschus is a genus of about fifteen species of flowering plants in the mallow family ( Malvaceae ), native to tropical Africa, Asia and northern Australia. It was formerly included within Hibiscus, but is now classified as a distinct genus. The genus name derives from Arabic meaning 'father of musk' or 'source of musk' referring to the scented seeds."}
{"name":"Annonaceae","link":"https:\/\/en.wikipedia.org\/wiki\/Annonaceae","img_link":"https:\/\/upload.wikimedia.org\/wikipedia\/commons\/thumb\/8\/85\/Annona_squamosa.jpg\/220px-Annona_squamosa.jpg","text":"The Annonaceae are a family of flowering plants consisting of trees, shrubs, or rarely lianas commonly known as the custard apple family or soursop family. With 108 accepted genera and about 2400 known species, it is the largest family in the Magnoliales. Several genera produce edible fruit, most notably Annona, Anonidium, Asimina, Rollinia, and Uvaria. Its type genus is Annona. The family is concentrated in the tropics, with few species found in temperate regions. About 900 species are Neotropical, 450 are Afrotropical, and the remaining are Indomalayan."}
{"name":"Apiaceae","link":"https:\/\/en.wikipedia.org\/wiki\/Apiaceae","img_link":"https:\/\/upload.wikimedia.org\/wikipedia\/commons\/thumb\/5\/5b\/Umbelliferae-apium-daucus-foeniculum-eryngium-petroselinum.jpg\/220px-Umbelliferae-apium-daucus-foeniculum-eryngium-petroselinum.jpg","text":"Apiaceae ( \/ e\u026a p i\u02d0 \u02c8 e\u026a s i \u02cc a\u026a, - s i\u02d0 \u02cc i\u02d0 \/ ) or Umbelliferae is a family of mostly aromatic flowering plants named after the type genus Apium, and commonly known as the celery, carrot or parsley family, or simply as umbellifers. It is the 16th-largest family of flowering plants, with more than 3,800 species in about 446 genera, including such well-known, and economically important plants as ajwain, angelica, anise, asafoetida, caraway, carrot, celery, chervil, coriander, cumin, dill, fennel, lovage, cow parsley, parsley, parsnip and sea holly, as well as silphium, a plant whose exact identity is unclear and may be extinct."}
{"name":"Apiales","link":"https:\/\/en.wikipedia.org\/wiki\/Apiales","img_link":"https:\/\/upload.wikimedia.org\/wikipedia\/commons\/thumb\/e\/ef\/Umbella.jpg\/220px-Umbella.jpg","text":"The Apiales are an order of flowering plants, included in the asterid group of dicotyledons. Well-known members of Apiales include carrots, celery, coriander, parsley, parsnips, poison hemlock, ginseng, ivies, and pittosporums."}
{"name":"Asparagaceae","link":"https:\/\/en.wikipedia.org\/wiki\/Asparagaceae","img_link":"https:\/\/upload.wikimedia.org\/wikipedia\/commons\/thumb\/9\/90\/Asperge_in_bloei_Asparagus_officinalis.jpg\/220px-Asperge_in_bloei_Asparagus_officinalis.jpg","text":"Asparagaceae ( \/ \u0259 s \u02cc p \u00e6 r \u0259 \u02c8 \u0261 e\u026a s i \u02cc a\u026a, - s i\u02d0 \u02cc i\u02d0 \/ ), known as the asparagus family, is a family of flowering plants, placed in the order Asparagales of the monocots. The family name is based on the edible garden asparagus, Asparagus officinalis. This family includes both common garden plants as well as common houseplants. The garden plants include asparagus, yucca, bluebell, and hosta, and the houseplants include snake plant, corn cane, spider plant, and plumosus fern."}
{"name":"Asparagales","link":"https:\/\/en.wikipedia.org\/wiki\/Asparagales","img_link":"https:\/\/upload.wikimedia.org\/wikipedia\/commons\/thumb\/9\/90\/Asperge_in_bloei_Asparagus_officinalis.jpg\/220px-Asperge_in_bloei_Asparagus_officinalis.jpg","text":"Asparagales ( asparagoid lilies ) are a diverse order of flowering plants in the monocots. Under the APG IV system of flowering plant classification, Asparagales are the largest order of monocots with 14 families, 1,122 genera, and about 36,000 species, with members as varied as asparagus, orchids, yuccas, irises, onions, garlic, leeks, and other Alliums, daffodils, snowdrops, amaryllis, agaves, butcher's broom, Agapanthus, Solomon's seal, hyacinths, bluebells, spider plants, grasstrees, aloe, freesias, gladioli, crocuses, and saffron."}
{"name":"Asparagus","link":"https:\/\/en.wikipedia.org\/wiki\/Asparagus","img_link":"https:\/\/upload.wikimedia.org\/wikipedia\/commons\/thumb\/3\/3d\/Asparagus-Bundle.jpg\/110px-Asparagus-Bundle.jpg","text":"Asparagus ( Asparagus officinalis ) is a perennial flowering plant species in the genus Asparagus native to Eurasia. Widely cultivated as a vegetable crop, its young shoots are used as a spring vegetable."}
{"name":"Asphodelaceae","link":"https:\/\/en.wikipedia.org\/wiki\/Asphodelaceae","img_link":"https:\/\/upload.wikimedia.org\/wikipedia\/commons\/thumb\/a\/ac\/Asphodelus_macrocarpus_%281%29.jpg\/220px-Asphodelus_macrocarpus_%281%29.jpg","text":"Asphodelaceae is a family of flowering plants in the order Asparagales. Such a family has been recognized by most taxonomists, but the circumscription has varied widely. In its current circumscription in the APG IV system, it includes about 40 genera and 900 known species. The type genus is Asphodelus."}
{"name":"Asteraceae","link":"https:\/\/en.wikipedia.org\/wiki\/Asteraceae","img_link":"https:\/\/upload.wikimedia.org\/wikipedia\/commons\/thumb\/c\/c1\/Asteracea_poster_3.jpg\/290px-Asteracea_poster_3.jpg","text":"Asteraceae ( \/ \u02cc \u00e6 s t \u0259 \u02c8 r e\u026a s i. i\u02d0, - \u02cc a\u026a \/ ) is a large family of flowering plants that consists of over 32,000 known species in over 1,900 genera within the order Asterales. The number of species in Asteraceae is rivaled only by the Orchidaceae, and which is the larger family is unclear as the quantity of extant species in each family is unknown. The Asteraceae were first described in the year 1740 and given the original name Compositae. The family is commonly known as the aster, daisy, composite, or sunflower family."}
{"name":"Asterales","link":"https:\/\/en.wikipedia.org\/wiki\/Asterales","img_link":"https:\/\/upload.wikimedia.org\/wikipedia\/commons\/thumb\/a\/a9\/A_sunflower.jpg\/220px-A_sunflower.jpg","text":"Asterales ( \/ \u02cc \u00e6 s t \u0259 \u02c8 r e\u026a l i\u02d0 z \/ ASS -t\u0259r- RAY -leez ) is an order of dicotyledonous flowering plants that includes the large family Asteraceae (or Compositae) known for composite flowers made of florets, and ten families related to the Asteraceae. While asterids in general are characterized by fused petals, composite flowers consisting of many florets create the false appearance of separate petals (as found in the rosids )."}
{"name":"Bauhinia","link":"https:\/\/en.wikipedia.org\/wiki\/Bauhinia","img_link":"https:\/\/upload.wikimedia.org\/wikipedia\/commons\/thumb\/8\/8d\/Bauhinia_divaricata.jpg\/220px-Bauhinia_divaricata.jpg","text":"Bauhinia ( \/ b o\u028a \u02c8 h \u026a n i \u0259 \/ ) is a large genus of flowering plants in the subfamily Cercidoideae and tribe Bauhinieae, in the large flowering plant family Fabaceae, with a pantropical distribution. The genus was named after the Bauhin brothers Gaspard and Johann, Swiss - French botanists."}
{"name":"Bellis","link":"https:\/\/en.wikipedia.org\/wiki\/Bellis","img_link":"https:\/\/upload.wikimedia.org\/wikipedia\/commons\/thumb\/e\/e3\/2014-03-10_12-32-15_Bellis-perennis.jpg\/220px-2014-03-10_12-32-15_Bellis-perennis.jpg","text":"Bellis ( \/ \u02c8 b \u025b l \u0259 s \/ ) is a genus of flowering plants in the family Asteraceae."}
{"name":"Boraginaceae","link":"https:\/\/en.wikipedia.org\/wiki\/Boraginaceae","img_link":"https:\/\/upload.wikimedia.org\/wikipedia\/commons\/thumb\/8\/84\/B._officinalis-flor-1.JPG\/220px-B._officinalis-flor-1.JPG","text":"Boraginaceae, the borage or forget-me-not family, includes about 2,000 species of shrubs, trees, and herbs in 146 to 154 genera with a worldwide distribution."}
{"name":"Boraginales","link":"https:\/\/en.wikipedia.org\/wiki\/Boraginales","img_link":"https:\/\/upload.wikimedia.org\/wikipedia\/commons\/thumb\/d\/d9\/Echium_vulgare_190605.JPG\/220px-Echium_vulgare_190605.JPG","text":"Boraginales is an order of flowering plants in the asterid clade, with a total of about 125 genera and 2,700 species. Different taxonomic treatments either include only a single family, the Boraginaceae, or divide it into up to eleven families. Its herbs, shrubs, trees and lianas (vines) have a worldwide distribution."}
{"name":"Borago","link":"https:\/\/en.wikipedia.org\/wiki\/Borago","img_link":"https:\/\/upload.wikimedia.org\/wikipedia\/commons\/thumb\/a\/a1\/Borage-flower-hr.jpg\/220px-Borage-flower-hr.jpg","text":"Borago, or borage, is a genus of five species of herbs native to the Mediterranean, with one species, Borago officinalis, cultivated and naturalized throughout the world."}
{"name":"Brassica","link":"https:\/\/en.wikipedia.org\/wiki\/Brassica","img_link":"https:\/\/upload.wikimedia.org\/wikipedia\/commons\/thumb\/d\/d9\/Brassica_rapa_plant.jpg\/220px-Brassica_rapa_plant.jpg","text":"Brassica ( \/ \u02c8 b r \u00e6 s \u026a k \u0259 \/ ) is a genus of plants in the cabbage and mustard family ( Brassicaceae ). The members of the genus are informally known as cruciferous vegetables, cabbages, mustard plants, or simply brassicas. Crops from this genus are sometimes called cole crops \u2014derived from the Latin caulis, denoting the stem or stalk of a plant."}
{"name":"Brassicaceae","link":"https:\/\/en.wikipedia.org\/wiki\/Brassicaceae","img_link":"https:\/\/upload.wikimedia.org\/wikipedia\/commons\/thumb\/b\/b8\/Barbarea_vulgaris_002.JPG\/220px-Barbarea_vulgaris_002.JPG","text":"Brassicaceae ( \/ \u02cc b r \u00e6 s \u026a \u02c8 k e\u026a s i\u02d0 \u02cc i\u02d0, - s i \u02cc a\u026a \/ ) or (the older) Cruciferae ( \/ k r u\u02d0 \u02c8 s \u026a f \u0259r i \/ ) is a medium-sized and economically important family of flowering plants commonly known as the mustards, the crucifers, or the cabbage family. Most are herbaceous plants, while some are shrubs. The leaves are simple (although are sometimes deeply incised), lack stipules, and appear alternately on stems or in rosettes. The inflorescences are terminal and lack bracts. The flowers have four free sepals, four free alternating petals, two shorter free stamens and four longer free stamens. The fruit has seeds in rows, divided by a thin wall (or septum)."}
{"name":"Brassicales","link":"https:\/\/en.wikipedia.org\/wiki\/Brassicales","img_link":"https:\/\/upload.wikimedia.org\/wikipedia\/commons\/thumb\/1\/19\/%28MHNT%29_Alliaria_petiolata_-_flowers.jpg\/220px-%28MHNT%29_Alliaria_petiolata_-_flowers.jpg","text":"The Brassicales (or Cruciales ) are an order of flowering plants, belonging to the malvid group of eudicotyledons under the APG IV system. One character common to many members of the order is the production of glucosinolate (mustard oil) compounds. Most systems of classification have included this order, although sometimes under the name Capparales (the name chosen depending on which is thought to have priority)."}
{"name":"Calendula","link":"https:\/\/en.wikipedia.org\/wiki\/Calendula","img_link":"https:\/\/upload.wikimedia.org\/wikipedia\/commons\/thumb\/6\/67\/Calendula_January_2008-1_filtered.jpg\/220px-Calendula_January_2008-1_filtered.jpg","text":"Calendula ( \/ k \u0259 \u02c8 l \u025b n dj u\u02d0 l \u0259 \/ ) is a genus of about 15\u201320 species of annual and perennial herbaceous plants in the daisy family, Asteraceae that are often known as marigolds. They are native to Europe, North Africa, Macaronesia and West Asia, and have their center of diversity in the Mediterranean Region. Other plants known as marigolds include corn marigold, desert marigold, marsh marigold, and plants of the genus Tagetes."}
{"name":"Caprifoliaceae","link":"https:\/\/en.wikipedia.org\/wiki\/Caprifoliaceae","img_link":"https:\/\/upload.wikimedia.org\/wikipedia\/commons\/thumb\/b\/b2\/Honeysuckle_w_y.jpg\/220px-Honeysuckle_w_y.jpg","text":"The Caprifoliaceae or honeysuckle family is a clade of dicotyledonous flowering plants consisting of about 860 species in 33 to 42 genera, with a nearly cosmopolitan distribution. Centres of diversity are found in eastern North America and eastern Asia, while they are absent in tropical and southern Africa."}
{"name":"Caryophyllaceae","link":"https:\/\/en.wikipedia.org\/wiki\/Caryophyllaceae","img_link":"https:\/\/upload.wikimedia.org\/wikipedia\/commons\/thumb\/3\/3d\/Red_campion_close_700.jpg\/220px-Red_campion_close_700.jpg","text":"Caryophyllaceae, commonly called the pink family or carnation family, is a family of flowering plants. It is included in the dicotyledon order Caryophyllales in the APG III system, alongside 33 other families, including Amaranthaceae, Cactaceae, and Polygonaceae. It is a large family, with 81 genera and about 2,625 known species."}
{"name":"Caryophyllales","link":"https:\/\/en.wikipedia.org\/wiki\/Caryophyllales","img_link":"https:\/\/upload.wikimedia.org\/wikipedia\/commons\/thumb\/4\/42\/Dianthus_caryophyllus_L_%28Clove_pink%29.JPG\/220px-Dianthus_caryophyllus_L_%28Clove_pink%29.JPG","text":"Caryophyllales ( \/ \u02cc k \u00e6r i. o\u028a f \u026a \u02c8 l e\u026a l i\u02d0 z \/ KARR -ee-oh-fih- LAY -leez ) is a diverse and heterogeneous order of flowering plants that includes the cacti, carnations, amaranths, ice plants, beets, and many carnivorous plants. Many members are succulent, having fleshy stems or leaves. The betalain pigments are unique in plants of this order and occur in all its core families with the exception of Caryophyllaceae and Molluginaceae. Noncore families, such as Nepenthaceae, instead produce anthocyanins."}
{"name":"Centaurea","link":"https:\/\/en.wikipedia.org\/wiki\/Centaurea","img_link":"https:\/\/upload.wikimedia.org\/wikipedia\/commons\/thumb\/3\/36\/Centaurea_pullata_b.JPG\/220px-Centaurea_pullata_b.JPG","text":"Centaurea ( \/ \u02cc s \u025b n t \u0254\u02d0 \u02c8 r i\u02d0 \u0259 \/ ) is a genus of over 700 species of herbaceous thistle -like flowering plants in the family Asteraceae. Members of the genus are found only north of the equator, mostly in the Eastern Hemisphere; the Middle East and surrounding regions are particularly species-rich."}
{"name":"Chrysanthemum","link":"https:\/\/en.wikipedia.org\/wiki\/Chrysanthemum","img_link":"https:\/\/upload.wikimedia.org\/wikipedia\/commons\/thumb\/b\/b5\/Chrysanthemum_nangkingense.jpg\/220px-Chrysanthemum_nangkingense.jpg","text":"Chrysanthemums ( \/ k r \u026a \u02c8 s \u00e6 n \u03b8 \u0259 m \u0259 m z \/ kriss- AN -th\u0259-m\u0259mz ), sometimes called mums or chrysanths, are flowering plants of the genus Chrysanthemum in the family Asteraceae. They are native to East Asia and northeastern Europe. Most species originate from East Asia, and the center of diversity is in China. Countless horticultural varieties and cultivars exist."}
{"name":"Cichorium","link":"https:\/\/en.wikipedia.org\/wiki\/Cichorium","img_link":"https:\/\/upload.wikimedia.org\/wikipedia\/commons\/thumb\/a\/a2\/Cichorium_pumilum.jpg\/220px-Cichorium_pumilum.jpg","text":"Cichorium is a genus of plants in the tribe Cichorieae within the family Asteraceae. The genus includes two cultivated species commonly known as chicory or endive, plus several wild species."}
{"name":"Cucurbita","link":"https:\/\/en.wikipedia.org\/wiki\/Cucurbita","img_link":"https:\/\/upload.wikimedia.org\/wikipedia\/commons\/thumb\/e\/ea\/Squashes_at_Kew_Gardens_IncrEdibles_2013.jpg\/220px-Squashes_at_Kew_Gardens_IncrEdibles_2013.jpg","text":"No description available"}
{"name":"Cucurbitaceae","link":"https:\/\/en.wikipedia.org\/wiki\/Cucurbitaceae","img_link":"https:\/\/upload.wikimedia.org\/wikipedia\/commons\/thumb\/b\/b9\/Hodgsonia_heteroclita_male.jpg\/220px-Hodgsonia_heteroclita_male.jpg","text":"The Cucurbitaceae ( \/ k j u\u02d0 \u02cc k \u025c\u02d0r b \u026a \u02c8 t e\u026a s i\u02d0 \u02cc i\u02d0 \/ ), also called cucurbits or the gourd family, are a plant family consisting of about 965 species in 101 genera. Those of most agricultural, commercial or nutritional value to humans include:"}
{"name":"Cucurbitales","link":"https:\/\/en.wikipedia.org\/wiki\/Cucurbitales","img_link":"https:\/\/upload.wikimedia.org\/wikipedia\/commons\/thumb\/d\/d1\/2006-10-18Cucurbita_pepo02.jpg\/220px-2006-10-18Cucurbita_pepo02.jpg","text":"The Cucurbitales are an order of flowering plants, included in the rosid group of dicotyledons. This order mostly belongs to tropical areas, with limited presence in subtropical and temperate regions. The order includes shrubs and trees, together with many herbs and climbers. One major characteristic of the Cucurbitales is the presence of unisexual flowers, mostly pentacyclic, with thick pointed petals (whenever present). The pollination is usually performed by insects, but wind pollination is also present (in Coriariaceae and Datiscaceae )."}
{"name":"Cymbopetalum","link":"https:\/\/en.wikipedia.org\/wiki\/Cymbopetalum","img_link":"https:\/\/upload.wikimedia.org\/wikipedia\/commons\/thumb\/2\/21\/Cymbopetalum_brasiliense_%28Vell.%29_Benth._ex_Baill.jpg\/220px-Cymbopetalum_brasiliense_%28Vell.%29_Benth._ex_Baill.jpg","text":"Cymbopetalum is a genus of plant in family Annonaceae. The Linnean name derives from the Latin cymba, meaning \u201cboat,\u201d and petalum, meaning \"petal.\u201d"}
{"name":"Dianthus","link":"https:\/\/en.wikipedia.org\/wiki\/Dianthus","img_link":"https:\/\/upload.wikimedia.org\/wikipedia\/commons\/thumb\/4\/42\/Dianthus_caryophyllus_L_%28Clove_pink%29.JPG\/220px-Dianthus_caryophyllus_L_%28Clove_pink%29.JPG","text":"Dianthus ( \/ d a\u026a \u02c8 \u00e6 n \u03b8 \u0259 s \/ dy- AN -th\u0259s ) is a genus of about 340 species of flowering plants in the family Caryophyllaceae, native mainly to Europe and Asia, with a few species in north Africa and in southern Africa, and one species ( D. repens ) in arctic North America. Common names include carnation ( D. caryophyllus ), pink ( D. plumarius and related species) and sweet william ( D. barbatus )."}
{"name":"Dipsacales","link":"https:\/\/en.wikipedia.org\/wiki\/Dipsacales","img_link":"https:\/\/upload.wikimedia.org\/wikipedia\/commons\/thumb\/3\/33\/Scabiosa_ochroleuca_0.jpg\/220px-Scabiosa_ochroleuca_0.jpg","text":"The Dipsacales are an order of flowering plants, included within the asterid group of dicotyledons. In the APG III system of 2009, the order includes only two families, Adoxaceae and a broadly defined Caprifoliaceae. Some well-known members of the Dipsacales order are honeysuckle, elder, viburnum, and valerian."}
{"name":"Embryophytes","link":"https:\/\/en.wikipedia.org\/wiki\/Embryophytes","img_link":"https:\/\/upload.wikimedia.org\/wikipedia\/commons\/thumb\/c\/c3\/WWB-0265-127-Polytrichum_formosum.png\/44px-WWB-0265-127-Polytrichum_formosum.png","text":"The embryophytes ( \/ \u02c8 \u025b m b r i \u0259 \u02cc f a\u026a t s \/ ) are a clade of plants, also known as Embryophyta ( \/ \u02cc \u025b m b r i \u02c8 \u0252 f \u0259 t \u0259, - o\u028a \u02c8 f a\u026a t \u0259 \/ ) or land plants. They are the most familiar group of photoautotrophs that make up the vegetation on Earth 's dry lands and wetlands. Embryophytes have a common ancestor with green algae, having emerged within the Phragmoplastophyta clade of freshwater charophyte green algae as a sister taxon of Charophyceae, Coleochaetophyceae and Zygnematophyceae. Embryophytes consist of the bryophytes and the polysporangiophytes. Living embryophytes include hornworts, liverworts, mosses, lycophytes, ferns, gymnosperms and angiosperms ( flowering plants ). Embryophytes have diplobiontic life cycles."}
{"name":"Eruca","link":"https:\/\/en.wikipedia.org\/wiki\/Eruca","img_link":"https:\/\/upload.wikimedia.org\/wikipedia\/commons\/thumb\/5\/50\/Eruca_vesicaria_re.jpg\/220px-Eruca_vesicaria_re.jpg","text":"Eruca is a genus of flowering plants in the family Brassicaceae, native to the Mediterranean region, which includes the leaf vegetable known as arugula or rocket."}
{"name":"Fabaceae","link":"https:\/\/en.wikipedia.org\/wiki\/Fabaceae","img_link":"https:\/\/upload.wikimedia.org\/wikipedia\/commons\/thumb\/a\/ac\/Flowering_kudzu.jpg\/220px-Flowering_kudzu.jpg","text":"The Fabaceae ( \/ f \u0259 \u02c8 b e\u026a s i. i\u02d0, - \u02cc a\u026a \/ ) or Leguminosae, commonly known as the legume, pea, or bean family, are a large and agriculturally important family of flowering plants. It includes trees, shrubs, and perennial or annual herbaceous plants, which are easily recognized by their fruit ( legume ) and their compound, stipulate leaves. The family is widely distributed, and is the third-largest land plant family in number of species, behind only the Orchidaceae and Asteraceae, with about 765 genera and nearly 20,000 known species."}
{"name":"Fabales","link":"https:\/\/en.wikipedia.org\/wiki\/Fabales","img_link":"https:\/\/upload.wikimedia.org\/wikipedia\/commons\/thumb\/9\/99\/Senna_occidentalis.jpg\/220px-Senna_occidentalis.jpg","text":"Fabales is an order of flowering plants included in the rosid group of the eudicots in the Angiosperm Phylogeny Group II classification system. In the APG II circumscription, this order includes the families Fabaceae or legumes (including the subfamilies Caesalpinioideae, Mimosoideae, and Faboideae ), Quillajaceae, Polygalaceae or milkworts (including the families Diclidantheraceae, Moutabeaceae, and Xanthophyllaceae ), and Surianaceae. Under the Cronquist system and some other plant classification systems, the order Fabales contains only the family Fabaceae. In the classification system of Dahlgren the Fabales were in the superorder Fabiflorae (also called Fabanae) with three families corresponding to the subfamilies of Fabaceae in APG II. The other families treated in the Fabales by the APG II classification were placed in separate orders by Cronquist, the Polygalaceae within its own order, the Polygalales, and the Quillajaceae and Surianaceae within the Rosales."}
{"name":"Foeniculum","link":"https:\/\/en.wikipedia.org\/wiki\/Foeniculum","img_link":"https:\/\/upload.wikimedia.org\/wikipedia\/commons\/thumb\/c\/c0\/Foeniculum_July_2011-1a.jpg\/220px-Foeniculum_July_2011-1a.jpg","text":"Foeniculum is a genus of flowering plants in the carrot family. It includes the commonly cultivated fennel, Foeniculum vulgare."}
{"name":"Galium","link":"https:\/\/en.wikipedia.org\/wiki\/Galium","img_link":"https:\/\/upload.wikimedia.org\/wikipedia\/commons\/thumb\/d\/de\/Flowers_February_2008-4.jpg\/220px-Flowers_February_2008-4.jpg","text":"Galium is a large genus of annual and perennial herbaceous plants in the family Rubiaceae, occurring in the temperate zones of both the Northern and Southern Hemispheres. Some species are informally known as bedstraw."}
{"name":"Gentianales","link":"https:\/\/en.wikipedia.org\/wiki\/Gentianales","img_link":"https:\/\/upload.wikimedia.org\/wikipedia\/commons\/thumb\/4\/42\/Gentiana_cruciata_2.jpg\/220px-Gentiana_cruciata_2.jpg","text":"Gentianales is an order of flowering plant, included within the asterid clade of eudicots. It comprises more than 20,000 species in about 1,200 genera in 5 families. More than 80% of the species in this order belong to the family Rubiaceae."}
{"name":"Geraniaceae","link":"https:\/\/en.wikipedia.org\/wiki\/Geraniaceae","img_link":"https:\/\/upload.wikimedia.org\/wikipedia\/commons\/thumb\/2\/2a\/Geranium_February_2008-3.jpg\/220px-Geranium_February_2008-3.jpg","text":"Geraniaceae is a family of flowering plants placed in the order Geraniales. The family name is derived from the genus Geranium. The family includes both the genus Geranium (the cranesbills, or true geraniums) and the garden plants called geraniums, which modern botany classifies as genus Pelargonium, along with other related genera."}
{"name":"Geraniales","link":"https:\/\/en.wikipedia.org\/wiki\/Geraniales","img_link":"https:\/\/upload.wikimedia.org\/wikipedia\/commons\/thumb\/c\/cb\/GeraniumPalustre2.JPG\/220px-GeraniumPalustre2.JPG","text":"Geraniales is a small order of flowering plants, included within the rosid subclade of eudicots. The largest family in the order is Geraniaceae with over 800 species. In addition, the order includes the smaller Francoaceae with about 40 species. Most Geraniales are herbaceous, but there are also shrubs and small trees."}
{"name":"Helianthus","link":"https:\/\/en.wikipedia.org\/wiki\/Helianthus","img_link":"https:\/\/upload.wikimedia.org\/wikipedia\/commons\/thumb\/4\/40\/Sunflower_sky_backdrop.jpg\/220px-Sunflower_sky_backdrop.jpg","text":"Helianthus ( \/ \u02cc h i\u02d0 l i \u02c8 \u00e6 n \u03b8 \u0259 s \/ ) is a genus comprising around 70 species of annual and perennial flowering plants in the daisy family Asteraceae commonly known as sunflowers. Except for three South American species, the species of Helianthus are native to North America and Central America. The best-known species is the common sunflower ( Helianthus annuus ). This and other species, notably Jerusalem artichoke ( H. tuberosus ), are cultivated in temperate regions and some tropical regions, as food crops for humans, cattle, and poultry, and as ornamental plants. The species H. annuus typically grows during the summer and into early fall, with the peak growth season being mid-summer."}
{"name":"Hemerocallis","link":"https:\/\/en.wikipedia.org\/wiki\/Hemerocallis","img_link":"https:\/\/upload.wikimedia.org\/wikipedia\/commons\/thumb\/6\/66\/Hemerocallis_lilioasphodelus.jpg\/220px-Hemerocallis_lilioasphodelus.jpg","text":"A daylily, day lily or ditch-lily is a flowering plant in the genus Hemerocallis \/ \u02cc h \u025b m \u026a r o\u028a \u02c8 k \u00e6 l \u026a s \/, a member of the family Asphodelaceae, subfamily Hemerocallidoideae, native to Asia. Despite the common name, it is not taxonomically classified in the lily genus. Gardening enthusiasts and horticulturists have long bred Hemerocallis species for their attractive flowers; a select few species of the genus have edible petals, while some are extremely toxic. Thousands of cultivars have been registered by the American Daylily Society, the only internationally recognized registrant according to the International Code of Nomenclature for Cultivated Plants. The plants are perennial, bulbous plants, whose common name alludes to its flowers, which typically last about a day."}
{"name":"Hibiscus","link":"https:\/\/en.wikipedia.org\/wiki\/Hibiscus","img_link":"https:\/\/upload.wikimedia.org\/wikipedia\/commons\/thumb\/c\/cb\/Hibiscus_flower_TZ.jpg\/220px-Hibiscus_flower_TZ.jpg","text":"Hibiscus is a genus of flowering plants in the mallow family, Malvaceae. The genus is quite large, comprising several hundred species that are native to warm temperate, subtropical and tropical regions throughout the world. Member species are renowned for their large, showy flowers and those species are commonly known simply as \"hibiscus\", or less widely known as rose mallow."}
{"name":"Iridales","link":"https:\/\/en.wikipedia.org\/wiki\/Iridales","img_link":"https:\/\/upload.wikimedia.org\/wikipedia\/commons\/thumb\/9\/90\/Asperge_in_bloei_Asparagus_officinalis.jpg\/220px-Asperge_in_bloei_Asparagus_officinalis.jpg","text":"Asparagales ( asparagoid lilies ) are a diverse order of flowering plants in the monocots. Under the APG IV system of flowering plant classification, Asparagales are the largest order of monocots with 14 families, 1,122 genera, and about 36,000 species, with members as varied as asparagus, orchids, yuccas, irises, onions, garlic, leeks, and other Alliums, daffodils, snowdrops, amaryllis, agaves, butcher's broom, Agapanthus, Solomon's seal, hyacinths, bluebells, spider plants, grasstrees, aloe, freesias, gladioli, crocuses, and saffron."}
{"name":"Lamiaceae","link":"https:\/\/en.wikipedia.org\/wiki\/Lamiaceae","img_link":"https:\/\/upload.wikimedia.org\/wikipedia\/commons\/thumb\/a\/a8\/Lamium_purpureum_jamestown1.jpg\/220px-Lamium_purpureum_jamestown1.jpg","text":"The Lamiaceae ( \/ \u02cc l e\u026a m i \u02c8 e\u026a s i. i\u02d0, - \u02cc a\u026a \/ LAY -mee- AY -see-ee, -\u2060eye ) or Labiatae are a family of flowering plants commonly known as the mint, deadnettle, or sage family. Many of the plants are aromatic in all parts and include widely used culinary herbs like basil, mint, rosemary, sage, savory, marjoram, oregano, hyssop, thyme, lavender, and perilla, as well as other medicinal herbs such as catnip, salvia, bee balm, wild dagga, and oriental motherwort."}
{"name":"Lamiales","link":"https:\/\/en.wikipedia.org\/wiki\/Lamiales","img_link":"https:\/\/upload.wikimedia.org\/wikipedia\/commons\/thumb\/6\/6a\/Galeopsis_speciosa_%28Zellwald%29.jpg\/220px-Galeopsis_speciosa_%28Zellwald%29.jpg","text":"The order Lamiales (also known as the mint order ) are an order in the asterid group of dicotyledonous flowering plants. It includes about 23,810 species, 1,059 genera, and is divided into about 25 families. These families include Acanthaceae, Bignoniaceae, Byblidaceae, Calceolariaceae, Carlemanniaceae, Gesneriaceae, Lamiaceae, Lentibulariaceae, Linderniaceae, Martyniaceae, Mazaceae, Oleaceae, Orobanchaceae, Paulowniaceae, Pedaliaceae, Peltantheraceae, Phrymaceae, Plantaginaceae, Plocospermataceae, Schlegeliaceae, Scrophulariaceae, Stilbaceae, Tetrachondraceae, Thomandersiaceae, Verbenaceae."}
{"name":"Lavandula","link":"https:\/\/en.wikipedia.org\/wiki\/Lavandula","img_link":"https:\/\/upload.wikimedia.org\/wikipedia\/commons\/thumb\/7\/7e\/Single_lavender_flower02.jpg\/220px-Single_lavender_flower02.jpg","text":"Lavandula (common name lavender ) is a genus of 47 known species of perennial flowering plants in the mints family, Lamiaceae. It is native to the Old World, primarily found across the drier, warmer regions of mainland Eurasia, with an affinity for maritime breezes."}
{"name":"Levisticum","link":"https:\/\/en.wikipedia.org\/wiki\/Levisticum","img_link":"https:\/\/upload.wikimedia.org\/wikipedia\/commons\/thumb\/7\/78\/Liebst%C3%B6ckel.JPG\/220px-Liebst%C3%B6ckel.JPG","text":"Lovage ( \/ \u02c8 l \u028c v \u026a d\u0292 \/ LUV -ij; Levisticum officinale ) is a tall perennial plant, the sole species in the genus Levisticum in the family Apiaceae, subfamily Apioideae. It has been long cultivated in Europe and the leaves are used as a herb, the roots as a vegetable, and the seeds as a spice, especially in southern European cuisine. Its flavour and smell are reminiscent both of celery and parsley, only more intense and spicier than either. The seeds can be used in the same way as fennel seeds."}
{"name":"Liliaceae","link":"https:\/\/en.wikipedia.org\/wiki\/Liliaceae","img_link":"https:\/\/upload.wikimedia.org\/wikipedia\/commons\/thumb\/c\/cc\/ShoshanTzachor-2-wiki-Zachi-Evenor.jpg\/220px-ShoshanTzachor-2-wiki-Zachi-Evenor.jpg","text":"No description available"}
{"name":"Liliales","link":"https:\/\/en.wikipedia.org\/wiki\/Liliales","img_link":"https:\/\/upload.wikimedia.org\/wikipedia\/commons\/thumb\/e\/e6\/Lil_candidum_01Hab_Griechenland_Konitsa_04_06_00.jpg\/220px-Lil_candidum_01Hab_Griechenland_Konitsa_04_06_00.jpg","text":"Liliales is an order of monocotyledonous flowering plants in the Angiosperm Phylogeny Group and Angiosperm Phylogeny Web system, within the lilioid monocots. This order of necessity includes the family Liliaceae. The APG III system (2009) places this order in the monocot clade. In APG III, the family Luzuriagaceae is combined with the family Alstroemeriaceae and the family Petermanniaceae is recognized. Both the order Lililiales and the family Liliaceae have had a widely disputed history, with the circumscription varying greatly from one taxonomist to another. Previous members of this order, which at one stage included most monocots with conspicuous tepals and lacking starch in the endosperm are now distributed over three orders, Liliales, Dioscoreales and Asparagales, using predominantly molecular phylogenetics. The newly delimited Liliales is monophyletic, with ten families. Well known plants from the order include Lilium (lily), tulip, the North American wildflower Trillium, and greenbrier."}
{"name":"Lonicera","link":"https:\/\/en.wikipedia.org\/wiki\/Lonicera","img_link":"https:\/\/upload.wikimedia.org\/wikipedia\/commons\/thumb\/2\/2f\/Lonicera_caprifolium001.jpg\/220px-Lonicera_caprifolium001.jpg","text":"Honeysuckles are arching shrubs or twining vines in the genus Lonicera ( \/ l \u0252 \u02c8 n \u026a s \u0259r \u0259 \/ ) of the family Caprifoliaceae. It includes 158 species native to northern latitudes in North America, Eurasia, and North Africa. Widely known species include Lonicera periclymenum (common honeysuckle or woodbine), Lonicera japonica (Japanese honeysuckle, white honeysuckle, or Chinese honeysuckle) and Lonicera sempervirens (coral honeysuckle, trumpet honeysuckle, or woodbine honeysuckle). L. japonica is a highly invasive species considered a significant pest in parts of North America, Europe, South America, New Zealand, Australia, and Africa."}
{"name":"Magnoliales","link":"https:\/\/en.wikipedia.org\/wiki\/Magnoliales","img_link":"https:\/\/upload.wikimedia.org\/wikipedia\/commons\/thumb\/4\/49\/Magnolia_wieseneri.jpg\/220px-Magnolia_wieseneri.jpg","text":"The Magnoliales are an order of flowering plants. Well-known members of Magnoliales include: magnolias, tulip trees, custard apples, American pawpaw, cherimoyas, ylang-ylang, soursop fruit, and nutmeg."}
{"name":"Malpighiales","link":"https:\/\/en.wikipedia.org\/wiki\/Malpighiales","img_link":"https:\/\/upload.wikimedia.org\/wikipedia\/commons\/thumb\/5\/5c\/Starr_010309-0546_Calophyllum_inophyllum.jpg\/220px-Starr_010309-0546_Calophyllum_inophyllum.jpg","text":"The Malpighiales comprise one of the largest orders of flowering plants. The order is very diverse, with well-known members including willows, violets, aspens and poplars, poinsettia, corpse flower, coca plant, cassava, flaxseed, castor bean, Saint John's wort, passionfruit, mangosteen, and manchineel tree."}
{"name":"Malus","link":"https:\/\/en.wikipedia.org\/wiki\/Malus","img_link":"https:\/\/upload.wikimedia.org\/wikipedia\/commons\/thumb\/2\/2f\/Purple_prince_crabapple_tree.JPG\/220px-Purple_prince_crabapple_tree.JPG","text":"Malus ( \/ \u02c8 m e\u026a l \u0259 s \/ or \/ \u02c8 m \u00e6 l \u0259 s \/ ) is a genus of about 32\u201357 species of small deciduous trees or shrubs in the family Rosaceae, including the domesticated orchard apple, crab apples (sometimes known in North America as crabapples ) and wild apples."}
{"name":"Malvaceae","link":"https:\/\/en.wikipedia.org\/wiki\/Malvaceae","img_link":"https:\/\/upload.wikimedia.org\/wikipedia\/commons\/thumb\/6\/6e\/Malva_parviflora_small.jpg\/220px-Malva_parviflora_small.jpg","text":"Malvaceae ( \/ m \u00e6 l \u02c8 v e\u026a s i \u02cc a\u026a, - s i\u02d0 \u02cc i\u02d0 \/ ), or the mallows, is a family of flowering plants estimated to contain 244 genera with 4225 known species. Well-known members of economic importance include okra, cotton, cacao, roselle and durian. There are also some genera containing familiar ornamentals, such as Alcea (hollyhock), Malva (mallow), and Tilia (lime or linden tree). The genera with the largest numbers of species include Hibiscus (434 species), Pavonia (291 species), Sida (275 species), Ayenia (216 species), Dombeya (197 species), and Sterculia (181 species)."}
{"name":"Malvales","link":"https:\/\/en.wikipedia.org\/wiki\/Malvales","img_link":"https:\/\/upload.wikimedia.org\/wikipedia\/commons\/thumb\/9\/96\/Alcea_setosa.jpg\/220px-Alcea_setosa.jpg","text":"The Malvales are an order of flowering plants. As circumscribed by APG II -system, the order includes about 6000 species within nine families. The order is placed in the eurosids II, which are part of the eudicots."}
{"name":"Matricaria","link":"https:\/\/en.wikipedia.org\/wiki\/Matricaria","img_link":"https:\/\/upload.wikimedia.org\/wikipedia\/commons\/thumb\/4\/4c\/Matricaria_chamomilla.jpg\/220px-Matricaria_chamomilla.jpg","text":"Matricaria is a genus of flowering plants in the chamomile tribe within the sunflower family. Some of the species have the common name of \"mayweed\", but this name also refers to plants not in this genus."}
{"name":"Mentha","link":"https:\/\/en.wikipedia.org\/wiki\/Mentha","img_link":"https:\/\/upload.wikimedia.org\/wikipedia\/commons\/thumb\/4\/4d\/Mentha_spicata-IMG_6186.jpg\/250px-Mentha_spicata-IMG_6186.jpg","text":"Mentha, also known as mint (from Greek \u03bc\u03af\u03bd\u03b8\u03b1 m\u00edntha, Linear B mi-ta ), is a genus of flowering plants in the mint family, Lamiaceae. It is estimated that 13 to 24 species exist, but the exact distinction between species is unclear. Hybridization occurs naturally where some species' ranges overlap. Many hybrids and cultivars are known."}
{"name":"Monarda","link":"https:\/\/en.wikipedia.org\/wiki\/Monarda","img_link":"https:\/\/upload.wikimedia.org\/wikipedia\/commons\/thumb\/6\/6e\/Monarda_didyma_00.jpg\/220px-Monarda_didyma_00.jpg","text":"Monarda is a genus of flowering plants in the mint family, Lamiaceae. The genus is endemic to North America. Common names include bergamot, bee balm, horsemint, and oswego tea, the first being inspired by the fragrance of the leaves, which is reminiscent of bergamot orange ( Citrus bergamia ). The genus was named for the Spanish botanist Nicol\u00e1s Monardes, who wrote a book in 1574 describing plants of the New World."}
{"name":"MusaL.[1]","link":"https:\/\/en.wikipedia.org\/wiki\/MusaL.[1]","img_link":"\/static\/images\/icons\/wikipedia.png","text":"No description available"}
{"name":"Musaceae","link":"https:\/\/en.wikipedia.org\/wiki\/Musaceae","img_link":"https:\/\/upload.wikimedia.org\/wikipedia\/commons\/thumb\/0\/0d\/Musa_paradisiaca_Blanco1.88.png\/220px-Musa_paradisiaca_Blanco1.88.png","text":"Musaceae is a family of flowering plants composed of three genera with about 91 known species, placed in the order Zingiberales. The family is native to the tropics of Africa and Asia. The plants have a large herbaceous growth habit with leaves with overlapping basal sheaths that form a pseudostem making some members appear to be woody trees. In most treatments, the family has three genera, Musa, Musella and Ensete. Cultivated bananas are commercially important members of the family, and many others are grown as ornamental plants."}
{"name":"Myrrhis","link":"https:\/\/en.wikipedia.org\/wiki\/Myrrhis","img_link":"https:\/\/upload.wikimedia.org\/wikipedia\/commons\/thumb\/d\/dc\/Apiaceae_-_Myrrhis_odorata.JPG\/220px-Apiaceae_-_Myrrhis_odorata.JPG","text":"Myrrhis odorata, with common names cicely ( \/ \u02c8 s \u026a s \u0259l i \/ SISS -\u0259-lee ), sweet cicely, myrrh, garden myrrh, and sweet chervil, is a herbaceous perennial plant belonging to the celery family Apiaceae. It is the only species in the genus Myrrhis."}
{"name":"Ocimum","link":"https:\/\/en.wikipedia.org\/wiki\/Ocimum","img_link":"https:\/\/upload.wikimedia.org\/wikipedia\/commons\/thumb\/a\/ac\/BasilikumGenovesergro%C3%9Fbl%C3%A4ttriger.jpg\/220px-BasilikumGenovesergro%C3%9Fbl%C3%A4ttriger.jpg","text":"Ocimum \/ \u02c8 \u0252 s \u026a m \u0259 m \/ is a genus of aromatic annual and perennial herbs and shrubs in the family Lamiaceae, native to the tropical and warm temperate regions of all 6 inhabited continents, with the greatest number of species in Africa. It is the genus of basil and its best known species are the cooking herb great basil, O. basilicum, and the medicinal herb tulsi (holy basil), O. tenuiflorum."}
{"name":"Oleaceae","link":"https:\/\/en.wikipedia.org\/wiki\/Oleaceae","img_link":"https:\/\/upload.wikimedia.org\/wikipedia\/commons\/thumb\/1\/10\/Olive-tree-fruit-august-0.jpg\/220px-Olive-tree-fruit-august-0.jpg","text":"Oleaceae, also known as the olive family or sometimes the lilac family, is a taxonomic family of flowering shrubs, trees, and a few lianas in the order Lamiales. It presently comprises 28 genera, one of which is recently extinct. The extant genera include Cartrema, which was resurrected in 2012. The number of species in the Oleaceae is variously estimated in a wide range around 700. The flowers are often numerous and highly odoriferous. The family has a sub cosmopolitan distribution, ranging from the subarctic to the southernmost parts of Africa, Australia, and South America. Notable members include olive, ash, jasmine, and several popular ornamental plants including privet, forsythia, fringetrees, and lilac."}
{"name":"Orchidaceae","link":"https:\/\/en.wikipedia.org\/wiki\/Orchidaceae","img_link":"https:\/\/upload.wikimedia.org\/wikipedia\/commons\/thumb\/2\/2a\/White_orchid_in_Clara_bog._03.jpg\/220px-White_orchid_in_Clara_bog._03.jpg","text":"Orchids are plants that belong to the family Orchidaceae ( \/ \u02cc \u0254\u02d0r k \u026a \u02c8 d e\u026a s i. i\u02d0, - s i. a\u026a \/ ), a diverse and widespread group of flowering plants with blooms that are often colourful and fragrant. Orchids are cosmopolitan plants that are found in almost every habitat on Earth except glaciers. The world's richest diversity of orchid genera and species is found in the tropics."}
{"name":"Passiflora","link":"https:\/\/en.wikipedia.org\/wiki\/Passiflora","img_link":"https:\/\/upload.wikimedia.org\/wikipedia\/commons\/thumb\/e\/e5\/OQ_Passion_flower.jpg\/220px-OQ_Passion_flower.jpg","text":"Passiflora, known also as the passion flowers or passion vines, is a genus of about 550 species of flowering plants, the type genus of the family Passifloraceae."}
{"name":"Passifloraceae","link":"https:\/\/en.wikipedia.org\/wiki\/Passifloraceae","img_link":"https:\/\/upload.wikimedia.org\/wikipedia\/commons\/thumb\/2\/23\/Passion_flower.jpg\/220px-Passion_flower.jpg","text":"The Passifloraceae are a family of flowering plants, containing about 750 species classified in around 27 genera."}
{"name":"Pelargonium","link":"https:\/\/en.wikipedia.org\/wiki\/Pelargonium","img_link":"https:\/\/upload.wikimedia.org\/wikipedia\/commons\/thumb\/0\/0d\/Pelargonium_cucullatum_Contour_Path_Rhodes_Mem.JPG\/220px-Pelargonium_cucullatum_Contour_Path_Rhodes_Mem.JPG","text":"Pelargonium ( \/ \u02cc p \u025b l \u0251\u02d0r \u02c8 \u0261 o\u028a n i. \u0259 m \/ ) is a genus of flowering plants that includes about 280 species of perennials, succulents, and shrubs, commonly called geraniums, pelargoniums, or storksbills. Geranium is also the botanical name and common name of a separate genus of related plants, also known as cranesbills. Both genera belong to the family Geraniaceae, and Carl Linnaeus originally included all the species in one genus, Geranium; they were later separated into two genera by Charles Louis L'H\u00e9ritier de Brutelle in 1789."}
{"name":"Phalaenopsis","link":"https:\/\/en.wikipedia.org\/wiki\/Phalaenopsis","img_link":"https:\/\/upload.wikimedia.org\/wikipedia\/commons\/thumb\/1\/1e\/Phalaenopsis_philippinensis_NationalOrchidGarden-Singapore.jpg\/220px-Phalaenopsis_philippinensis_NationalOrchidGarden-Singapore.jpg","text":"Phalaenopsis ( \/ \u02cc f \u00e6 l \u026a \u02c8 n \u0252 p s \u026a s \/ ), also known as moth orchids, is a genus of about seventy species of plants in the family Orchidaceae. Orchids in this genus are monopodial epiphytes or lithophytes with long, coarse roots, short, leafy stems and long-lasting, flat flowers arranged in a flowering stem that often branches near the end. Orchids in this genus are native to Asia, New Guinea, and Australia, but mostly occur in Indonesia and the Philippines."}
{"name":"Phaseolus","link":"https:\/\/en.wikipedia.org\/wiki\/Phaseolus","img_link":"https:\/\/upload.wikimedia.org\/wikipedia\/commons\/thumb\/7\/79\/Snijboonplanten_Phaseolus_vulgaris.jpg\/220px-Snijboonplanten_Phaseolus_vulgaris.jpg","text":"Phaseolus ( bean, wild bean ) is a genus of herbaceous to woody annual and perennial vines in the family Fabaceae containing about 70 plant species, all native to the Americas, primarily Mesoamerica."}
{"name":"Plantae","link":"https:\/\/en.wikipedia.org\/wiki\/Plantae","img_link":"https:\/\/upload.wikimedia.org\/wikipedia\/commons\/thumb\/5\/57\/Fr%C3%BChling_bl%C3%BChender_Kirschenbaum.jpg\/127px-Fr%C3%BChling_bl%C3%BChender_Kirschenbaum.jpg","text":"No description available"}
{"name":"RosaL.[1]","link":"https:\/\/en.wikipedia.org\/wiki\/RosaL.[1]","img_link":"\/static\/images\/icons\/wikipedia.png","text":"No description available"}
{"name":"Rosaceae","link":"https:\/\/en.wikipedia.org\/wiki\/Rosaceae","img_link":"https:\/\/upload.wikimedia.org\/wikipedia\/commons\/thumb\/9\/9b\/Rosa_pouzinii_FlowerCloseup_SierraMadrona.jpg\/220px-Rosa_pouzinii_FlowerCloseup_SierraMadrona.jpg","text":"Rosaceae ( \/ r o\u028a \u02c8 z e\u026a s i\u02d0. i\u02d0, - s i. a\u026a, - s i. e\u026a \/ ), the rose family, is a family of flowering plants that includes 4,828 known species in 91 genera."}
{"name":"Rosales","link":"https:\/\/en.wikipedia.org\/wiki\/Rosales","img_link":"https:\/\/upload.wikimedia.org\/wikipedia\/commons\/thumb\/6\/61\/Illustration_Rosa_majalis0.jpg\/220px-Illustration_Rosa_majalis0.jpg","text":"Rosales ( \/ r o\u028a \u02c8 z e\u026a l i\u02d0 z \/, roh- ZAY -leez ) are an order of flowering plants. Well-known members of Rosales include: roses, strawberries, blackberries and raspberries, apples and pears, plums, peaches and apricots, almonds, rowan and hawthorn, jujube, elms, banyans, figs, mulberries, breadfruit, nettles, hops, and cannabis."}
{"name":"Rosmarinus","link":"https:\/\/en.wikipedia.org\/wiki\/Rosmarinus","img_link":"https:\/\/upload.wikimedia.org\/wikipedia\/commons\/thumb\/3\/35\/Rosemary_%28390002797%29.jpg\/220px-Rosemary_%28390002797%29.jpg","text":"Rosmarinus ( \/ \u02cc r \u0252 s m \u0259 \u02c8 r a\u026a n \u0259 s \/ ROSS -m\u0259- RY -n\u0259s ) is a small taxonomic clade of woody, perennial herbs with fragrant evergreen needle-like leaves in the family Lamiaceae, native to the Mediterranean Basin."}
{"name":"Rubiaceae","link":"https:\/\/en.wikipedia.org\/wiki\/Rubiaceae","img_link":"https:\/\/upload.wikimedia.org\/wikipedia\/commons\/thumb\/e\/e6\/Luculia_gratissima.jpg\/220px-Luculia_gratissima.jpg","text":"Rubiaceae ( \/ r u\u02d0 b i \u02c8 e\u026a s i\u02d0 \u02cc i\u02d0, - s i \u02cc a\u026a \/ ) is a family of flowering plants, commonly known as the coffee, madder, or bedstraw family. It consists of terrestrial trees, shrubs, lianas, or herbs that are recognizable by simple, opposite leaves with interpetiolar stipules and sympetalous actinomorphic flowers. The family contains about 14,100 species in about 580 genera, which makes it the fourth-largest angiosperm family. Rubiaceae has a cosmopolitan distribution; however, the largest species diversity is concentrated in the tropics and subtropics. Economically important genera include Coffea, the source of coffee; Cinchona, the source of the antimalarial alkaloid quinine; ornamental cultivars ( e.g., Gardenia, Ixora, Pentas ); and historically some dye plants ( e.g., Rubia )."}
{"name":"Salvia","link":"https:\/\/en.wikipedia.org\/wiki\/Salvia","img_link":"https:\/\/upload.wikimedia.org\/wikipedia\/commons\/thumb\/5\/5a\/Salvia_officinalis0.jpg\/220px-Salvia_officinalis0.jpg","text":"Salvia ( \/ \u02c8 s \u00e6 l v i \u0259 \/ ) is the largest genus of plants in the sage family Lamiaceae, with nearly 1,000 species of shrubs, herbaceous perennials, and annuals. Within the Lamiaceae, Salvia is part of the tribe Mentheae within the subfamily Nepetoideae. One of several genera, commonly referred to as sage, it includes two widely used herbs, Salvia officinalis ( common sage, or just \"sage\") and Salvia rosmarinus ( rosemary, formerly Rosmarinus officinalis )."}
{"name":"Sambucus","link":"https:\/\/en.wikipedia.org\/wiki\/Sambucus","img_link":"https:\/\/upload.wikimedia.org\/wikipedia\/commons\/thumb\/a\/a9\/Sambucus-berries.jpg\/220px-Sambucus-berries.jpg","text":"Sambucus is a genus of flowering plants in the family Adoxaceae. The various species are commonly referred to as elder, elderflower or elderberry."}
{"name":"Sesbania","link":"https:\/\/en.wikipedia.org\/wiki\/Sesbania","img_link":"https:\/\/upload.wikimedia.org\/wikipedia\/commons\/thumb\/1\/1b\/SesbaniadrummondiiPlant.jpg\/220px-SesbaniadrummondiiPlant.jpg","text":"Sesbania is a genus of flowering plants in the pea family, Fabaceae, and the only genus found in tribe Sesbanieae. Riverhemp is a common name for plants in this genus. Notable species include the rattlebox ( Sesbania punicea ), spiny sesbania ( Sesbania bispinosa ), and Sesbania sesban, which is used in cooking. Plants of this genus, some of which are aquatic, can be used in alley cropping to increase the soil 's nitrogen content. The species of rhizobia responsible for nitrogen fixation in Sesbania rostrata is Azorhizobium caulinodans."}
{"name":"Spermatophyta","link":"https:\/\/en.wikipedia.org\/wiki\/Spermatophyta","img_link":"https:\/\/upload.wikimedia.org\/wikipedia\/commons\/thumb\/b\/bc\/PinusSylvestris.jpg\/110px-PinusSylvestris.jpg","text":"A seed plant or spermatophyte ( lit. ' seed plant '; from Ancient Greek \u03c3\u03c0\u03ad\u03c1\u03bc\u03b1\u03c4\u03bf\u03c2 ( sp\u00e9rmatos ) 'seed' and \u03c6\u03c5\u03c4\u03cc\u03bd (phyt\u00f3n) 'plant'), also known as a phanerogam (taxon Phanerogamae ) or a phaenogam (taxon Phaenogamae ), is any plant that produces seeds. It is a category of embryophyte (i.e. land plant) that includes most of the familiar land plants, including the flowering plants and the gymnosperms, but not ferns, mosses, or algae."}
{"name":"Streptophyta","link":"https:\/\/en.wikipedia.org\/wiki\/Streptophyta","img_link":"https:\/\/upload.wikimedia.org\/wikipedia\/commons\/thumb\/5\/5d\/Streptophyta-x4.jpg\/220px-Streptophyta-x4.jpg","text":"Streptophyta ( \/ s t r \u025b p \u02c8 t \u0252 f \u026a t \u0259, \u02c8 s t r \u025b p t o\u028a f a\u026a t \u0259 \/ ), informally the streptophytes ( \/ \u02c8 s t r \u025b p t \u0259 f a\u026a t s \/, from the Greek strepto 'twisted', for the morphology of the sperm of some members), is a clade of plants. The composition of the clade varies considerably between authors, but the definition employed here includes land plants and all green algae except the Chlorophyta and the more basal Prasinodermophyta."}
{"name":"Syringa","link":"https:\/\/en.wikipedia.org\/wiki\/Syringa","img_link":"https:\/\/upload.wikimedia.org\/wikipedia\/commons\/thumb\/c\/c6\/Stockholm-lilac.jpg\/220px-Stockholm-lilac.jpg","text":"Syringa is a genus of 12 currently recognized species of flowering woody plants in the olive family or Oleaceae called lilacs. These lilacs are native to woodland and scrub from southeastern Europe to eastern Asia, and widely and commonly cultivated in temperate areas elsewhere."}
{"name":"Tagetes","link":"https:\/\/en.wikipedia.org\/wiki\/Tagetes","img_link":"https:\/\/upload.wikimedia.org\/wikipedia\/commons\/thumb\/b\/b0\/Tagetes_erecta_chendumalli_chedi.jpg\/220px-Tagetes_erecta_chendumalli_chedi.jpg","text":"Tagetes ( \/ t \u00e6 \u02c8 d\u0292 i\u02d0 t i\u02d0 z \/ ) is a genus of 50 species of annual or perennial, mostly herbaceous plants in the family Asteraceae. They are among several groups of plants known in English as marigolds. The genus Tagetes was described by Carl Linnaeus in 1753."}
{"name":"Taraxacum","link":"https:\/\/en.wikipedia.org\/wiki\/Taraxacum","img_link":"https:\/\/upload.wikimedia.org\/wikipedia\/commons\/thumb\/4\/4f\/DandelionFlower.jpg\/220px-DandelionFlower.jpg","text":"Taraxacum ( \/ t \u0259 \u02c8 r \u00e6 k s \u0259 k \u0259 m \/ ) is a large genus of flowering plants in the family Asteraceae, which consists of species commonly known as dandelions. The scientific and hobby study of the genus is known as taraxacology. The genus is native to Eurasia but the two most commonplace species worldwide, T.\u00a0officinale (the common dandelion) and T.\u00a0erythrospermum (the red-seeded dandelion), were introduced from Europe into North America, where they are an invasive species. Dandelions thrive in temperate regions and can be found in yards, gardens, sides of roads, among crops, and in many other habitats. Both species are edible in their entirety and have a long history of consumption. The common name dandelion ( \/ \u02c8 d \u00e6 n d \u0259 l a\u026a. \u0259n \/ DAN -d\u0259-ly-\u0259n; from French dent-de-lion 'lion's tooth', referring to the jagged leaves) is also given to specific members of the genus."}
{"name":"ThymusL.[1]","link":"https:\/\/en.wikipedia.org\/wiki\/ThymusL.[1]","img_link":"\/static\/images\/icons\/wikipedia.png","text":"No description available"}
{"name":"Tilia","link":"https:\/\/en.wikipedia.org\/wiki\/Tilia","img_link":"https:\/\/upload.wikimedia.org\/wikipedia\/commons\/thumb\/8\/8d\/Tilia_tomentosa.jpg\/220px-Tilia_tomentosa.jpg","text":"Tilia is a genus of about 30 species of trees or bushes, native throughout most of the temperate Northern Hemisphere. The tree is known as linden for the European species, and basswood for North American species. In Great Britain and Ireland they are commonly called lime trees, although they are not related to the citrus lime. The genus occurs in Europe and eastern North America, but the greatest species diversity is found in Asia. Under the Cronquist classification system, this genus was placed in the family Tiliaceae, but genetic research summarised by the Angiosperm Phylogeny Group has resulted in the incorporation of this genus, and of most of the previous family, into the Fabaceae."}
{"name":"Tracheophyta","link":"https:\/\/en.wikipedia.org\/wiki\/Tracheophyta","img_link":"https:\/\/upload.wikimedia.org\/wikipedia\/commons\/thumb\/8\/8f\/Athyrium_filix-femina_RF.jpg\/220px-Athyrium_filix-femina_RF.jpg","text":"Vascular plants (from Latin vasculum 'duct'), also called tracheophytes ( UK: \/ \u02c8 t r \u00e6 k i\u02d0 \u0259 \u02cc f a\u026a t s \/, US: \/ \u02c8 t r e\u026a k i\u02d0 \u0259 \u02cc f a\u026a t s \/ ) or collectively tracheophyta ( \/ \u02cc t r e\u026a k i\u02d0 \u02c8 \u0252 f \u026a t \u0259 \/; from Ancient Greek \u03c4\u03c1\u03b1\u03c7\u03b5\u1fd6\u03b1 \u1f00\u03c1\u03c4\u03b7\u03c1\u03af\u03b1 ( trakhe\u00eea art\u0113r\u00eda ) 'windpipe' and \u03c6\u03c5\u03c4\u03ac ( phut\u00e1 ) 'plants'), are plants that have lignified tissues (the xylem ) for conducting water and minerals throughout the plant. They also have a specialized non-lignified tissue (the phloem ) to conduct products of photosynthesis. The group includes most land plants ( c. 300,000 accepted known species) other than mosses."}
{"name":"Trifolium","link":"https:\/\/en.wikipedia.org\/wiki\/Trifolium","img_link":"https:\/\/upload.wikimedia.org\/wikipedia\/commons\/thumb\/8\/8d\/79_Trifolium_repens_L.jpg\/220px-79_Trifolium_repens_L.jpg","text":"Clovers, also called trefoils, are plants of the genus Trifolium (from Latin tres 'three' and folium 'leaf'), consisting of about 300 species of flowering plants in the legume family Fabaceae originating in Europe. The genus has a cosmopolitan distribution with the highest diversity in the temperate Northern Hemisphere, but many species also occur in South America and Africa, including at high altitudes on mountains in the tropics."}
{"name":"Tropaeolaceae","link":"https:\/\/en.wikipedia.org\/wiki\/Tropaeolaceae","img_link":"https:\/\/upload.wikimedia.org\/wikipedia\/commons\/thumb\/a\/ab\/TropaeolumMajusOrange.jpg\/220px-TropaeolumMajusOrange.jpg","text":"Tropaeolum \/ t r \u0259 \u02c8 p i\u02d0 \u0259 l \u0259m, t r o\u028a -\/, commonly known as nasturtium ( \/ n \u0259 \u02c8 s t \u025c\u02d0r \u0283 \u0259m, n \u00e6 -\/; literally \"nose-twister\" or \"nose-tweaker\"), is a genus of roughly 80 species of annual and perennial herbaceous flowering plants. It was named by Carl Linnaeus in his book Species Plantarum, and is the only genus in the family Tropaeolaceae. The nasturtiums received their common name because they produce an oil similar to that of watercress ( Nasturtium officinale )."}
{"name":"Tropaeolum","link":"https:\/\/en.wikipedia.org\/wiki\/Tropaeolum","img_link":"https:\/\/upload.wikimedia.org\/wikipedia\/commons\/thumb\/a\/ab\/TropaeolumMajusOrange.jpg\/220px-TropaeolumMajusOrange.jpg","text":"Tropaeolum \/ t r \u0259 \u02c8 p i\u02d0 \u0259 l \u0259m, t r o\u028a -\/, commonly known as nasturtium ( \/ n \u0259 \u02c8 s t \u025c\u02d0r \u0283 \u0259m, n \u00e6 -\/; literally \"nose-twister\" or \"nose-tweaker\"), is a genus of roughly 80 species of annual and perennial herbaceous flowering plants. It was named by Carl Linnaeus in his book Species Plantarum, and is the only genus in the family Tropaeolaceae. The nasturtiums received their common name because they produce an oil similar to that of watercress ( Nasturtium officinale )."}
{"name":"Tulipa","link":"https:\/\/en.wikipedia.org\/wiki\/Tulipa","img_link":"https:\/\/upload.wikimedia.org\/wikipedia\/commons\/thumb\/9\/9e\/%D7%A6%D7%91%D7%A2%D7%95%D7%A0%D7%99%D7%9D.JPG\/220px-%D7%A6%D7%91%D7%A2%D7%95%D7%A0%D7%99%D7%9D.JPG","text":"Tulips are spring-blooming perennial herbaceous bulbiferous geophytes in the Tulipa genus. Their flowers are usually large, showy, and brightly coloured, generally red, orange, pink, yellow, or white. They often have a different coloured blotch at the base of the tepals, internally. Because of a degree of variability within the populations and a long history of cultivation, classification has been complex and controversial. The tulip is a member of the lily family, Liliaceae, along with 14 other genera, where it is most closely related to Amana, Erythronium, and Gagea in the tribe Lilieae."}
{"name":"Viburnaceae","link":"https:\/\/en.wikipedia.org\/wiki\/Viburnaceae","img_link":"https:\/\/upload.wikimedia.org\/wikipedia\/commons\/thumb\/b\/b1\/Adoxa_moschatellina01.jpg\/220px-Adoxa_moschatellina01.jpg","text":"Adoxaceae, commonly known as moschatel family, is a small family of flowering plants in the order Dipsacales, now consisting of five genera and about 150\u2013200 species. They are characterised by opposite toothed leaves, small five- or, more rarely, four-petalled flowers in cymose inflorescences, and the fruit being a drupe. They are thus similar to many Cornaceae."}
{"name":"Viola","link":"https:\/\/en.wikipedia.org\/wiki\/Viola","img_link":"\/static\/images\/icons\/wikipedia.png","text":"The viola ( \/ v i \u02c8 o\u028a l \u0259 \/ vee- OH -l\u0259, Italian: [\u02c8vj\u0254\u02d0la, vi\u02c8\u0254\u02d0la] ) is a string instrument of the violin family, and is usually bowed when played. Violas are slightly larger than violins, and have a lower and deeper sound. Since the 18th century, it has been the middle or alto voice of the violin family, between the violin (which is tuned a perfect fifth higher) and the cello (which is tuned an octave lower). The strings from low to high are typically tuned to C 3, G 3, D 4, and A 4."}
{"name":"Violaceae","link":"https:\/\/en.wikipedia.org\/wiki\/Violaceae","img_link":"https:\/\/upload.wikimedia.org\/wikipedia\/commons\/thumb\/6\/69\/Viola_hedercea01.jpg\/220px-Viola_hedercea01.jpg","text":"Violaceae is a family of flowering plants established in 1802, consisting of about 1000 species in about 25 genera. It takes its name from the genus Viola, the violets and pansies."}
{"name":"Zingiberales","link":"https:\/\/en.wikipedia.org\/wiki\/Zingiberales","img_link":"https:\/\/upload.wikimedia.org\/wikipedia\/commons\/thumb\/5\/58\/Starr_061212-2337_Alpinia_purpurata.jpg\/220px-Starr_061212-2337_Alpinia_purpurata.jpg","text":"The Zingiberales are flowering plants forming one of four orders in the commelinids clade of monocots, together with its sister order, Commelinales. The order includes 68 genera and 2,600 species. Zingiberales are a unique though morphologically diverse order that has been widely recognised as such over a long period of time. They are usually large herbaceous plants with rhizomatous root systems and lacking an aerial stem except when flowering. Flowers are usually large and showy, and the stamens are often modified ( staminodes ) to also form colourful petal-like structures that attract pollinators."}
