{"name":"Amaranthaceae","link":"https:\/\/en.wikipedia.org\/wiki\/Amaranthaceae","img_link":"https:\/\/upload.wikimedia.org\/wikipedia\/commons\/thumb\/2\/26\/Amaranthus_retroflexus_full1.jpg\/220px-Amaranthus_retroflexus_full1.jpg","text":"Amaranthaceae ( \/ \u02cc \u00e6 m \u0259r \u00e6 n \u02c8 \u03b8 e\u026a s i a\u026a, - i i\u02d0 \/ AM -\u0259r-an- THAY -see-e(y)e ) is a family of flowering plants commonly known as the amaranth family, in reference to its type genus Amaranthus. It includes the former goosefoot family Chenopodiaceae and contains about 165 genera and 2,040 species, making it the most species-rich lineage within its parent order, Caryophyllales."}
{"name":"Amaranthus","link":"https:\/\/en.wikipedia.org\/wiki\/Amaranthus","img_link":"https:\/\/upload.wikimedia.org\/wikipedia\/commons\/thumb\/9\/91\/Amaranthus_tricolor0.jpg\/220px-Amaranthus_tricolor0.jpg","text":"Amaranthus is a cosmopolitan group of more than 50 species which make up the genus of annual or short-lived perennial plants collectively known as amaranths. Some of the better known names include \" prostrate pigweed \" and \" love lies bleeding \". Some amaranth species are cultivated as leaf vegetables, pseudocereals, and ornamental plants."}
{"name":"Astrebla","link":"https:\/\/en.wikipedia.org\/wiki\/Astrebla","img_link":"https:\/\/upload.wikimedia.org\/wikipedia\/commons\/thumb\/4\/44\/Astrebla_pectinata.jpg\/220px-Astrebla_pectinata.jpg","text":"Astrebla is a small genus of xerophytic (adapted to survive in an environment with little liquid water) grasses found only in Australia. They are the dominant grass across much of the continent. They are commonly known as Mitchell grass after Scottish explorer Thomas Mitchell (1792-1855), who first collected a specimen near Bourke in New South Wales."}
{"name":"Avena","link":"https:\/\/en.wikipedia.org\/wiki\/Avena","img_link":"https:\/\/upload.wikimedia.org\/wikipedia\/commons\/thumb\/9\/9e\/Avena_fatua1.jpg\/220px-Avena_fatua1.jpg","text":"Avena is a genus of Eurasian and African plants in the grass family. Collectively known as the oats, they include some species which have been cultivated for thousands of years as a food source for humans and livestock. They are widespread throughout Europe, Asia and northwest Africa. Several species have become naturalized in many parts of the world, and are regarded as invasive weeds where they compete with crop production. All oats have edible seeds, though they are small and hard to harvest in most species."}
{"name":"Boscia","link":"https:\/\/en.wikipedia.org\/wiki\/Boscia","img_link":"https:\/\/upload.wikimedia.org\/wikipedia\/commons\/thumb\/3\/32\/Boscia_foetida.jpg\/220px-Boscia_foetida.jpg","text":"Boscia is a genus of plants in the family Capparaceae. It contains the following species:"}
{"name":"Brachiaria","link":"https:\/\/en.wikipedia.org\/wiki\/Brachiaria","img_link":"https:\/\/upload.wikimedia.org\/wikipedia\/commons\/thumb\/3\/36\/Urochloa_mosambicensis_flowerhead15_NWP_-_Flickr_-_Macleay_Grass_Man.jpg\/220px-Urochloa_mosambicensis_flowerhead15_NWP_-_Flickr_-_Macleay_Grass_Man.jpg","text":"Urochloa, commonly known as signalgrass, is a genus of plants in the grass family, native to tropical and subtropical regions of Eurasia, Africa, Australia, the Americas, and various islands."}
{"name":"Brassicales","link":"https:\/\/en.wikipedia.org\/wiki\/Brassicales","img_link":"https:\/\/upload.wikimedia.org\/wikipedia\/commons\/thumb\/1\/19\/%28MHNT%29_Alliaria_petiolata_-_flowers.jpg\/220px-%28MHNT%29_Alliaria_petiolata_-_flowers.jpg","text":"The Brassicales (or Cruciales ) are an order of flowering plants, belonging to the malvid group of eudicotyledons under the APG IV system. One character common to many members of the order is the production of glucosinolate (mustard oil) compounds. Most systems of classification have included this order, although sometimes under the name Capparales (the name chosen depending on which is thought to have priority)."}
{"name":"Brosimum","link":"https:\/\/en.wikipedia.org\/wiki\/Brosimum","img_link":"https:\/\/upload.wikimedia.org\/wikipedia\/commons\/thumb\/9\/9b\/Brosimum_guianense.jpg\/220px-Brosimum_guianense.jpg","text":"Brosimum is a genus of plants in the family Moraceae, native to tropical regions of the Americas."}
{"name":"Capparaceae","link":"https:\/\/en.wikipedia.org\/wiki\/Capparaceae","img_link":"https:\/\/upload.wikimedia.org\/wikipedia\/commons\/thumb\/1\/1e\/Capullito_capullito.JPG\/220px-Capullito_capullito.JPG","text":"The Capparaceae (or Capparidaceae ), commonly known as the caper family, are a family of plants in the order Brassicales. As currently circumscribed, the family contains 15 genera and about 430 species. The largest genera are Capparis (about 140 species), Morisonia (87 species), Maerua (70 species), Boscia (30 species), and Cadaba (30 species)."}
{"name":"Caryophyllales","link":"https:\/\/en.wikipedia.org\/wiki\/Caryophyllales","img_link":"https:\/\/upload.wikimedia.org\/wikipedia\/commons\/thumb\/4\/42\/Dianthus_caryophyllus_L_%28Clove_pink%29.JPG\/220px-Dianthus_caryophyllus_L_%28Clove_pink%29.JPG","text":"Caryophyllales ( \/ \u02cc k \u00e6r i. o\u028a f \u026a \u02c8 l e\u026a l i\u02d0 z \/ KARR -ee-oh-fih- LAY -leez ) is a diverse and heterogeneous order of flowering plants that includes the cacti, carnations, amaranths, ice plants, beets, and many carnivorous plants. Many members are succulent, having fleshy stems or leaves. The betalain pigments are unique in plants of this order and occur in all its core families with the exception of Caryophyllaceae and Molluginaceae. Noncore families, such as Nepenthaceae, instead produce anthocyanins."}
{"name":"Cenchrus","link":"https:\/\/en.wikipedia.org\/wiki\/Cenchrus","img_link":"https:\/\/upload.wikimedia.org\/wikipedia\/commons\/thumb\/7\/7f\/Cenchrus_longispinus.jpg\/220px-Cenchrus_longispinus.jpg","text":"Cenchrus is a widespread genus of plants in the grass family. Its species are native to many countries in Asia, Africa, Australia, the Americas, and various oceanic islands."}
{"name":"Chenopodium","link":"https:\/\/en.wikipedia.org\/wiki\/Chenopodium","img_link":"https:\/\/upload.wikimedia.org\/wikipedia\/commons\/thumb\/7\/77\/Chenopodium_berlandieri_NPS-1.jpg\/220px-Chenopodium_berlandieri_NPS-1.jpg","text":"Chenopodium is a genus of numerous species of perennial or annual herbaceous flowering plants known as the goosefoot, which occur almost anywhere in the world. It is placed in the family Amaranthaceae in the APG II system; older classification systems, notably the widely used Cronquist system, separate it and its relatives as Chenopodiaceae, but this leaves the rest of the Amaranthaceae polyphyletic. However, among the Amaranthaceae, the genus Chenopodium is the namesake member of the subfamily Chenopodioideae."}
{"name":"Digitaria","link":"https:\/\/en.wikipedia.org\/wiki\/Digitaria","img_link":"https:\/\/upload.wikimedia.org\/wikipedia\/commons\/thumb\/7\/78\/Crabgrass.JPG\/220px-Crabgrass.JPG","text":"Digitaria is a genus of plants in the grass family native to tropical and warm temperate regions but can occur in tropical, subtropical, and cooler temperate regions as well. Common names include crabgrass, finger-grass, and fonio. They are slender monocotyledonous annual and perennial lawn, pasture, and forage plants; some are often considered lawn pests. Digitus is the Latin word for \"finger\", and they are distinguished by the long, finger-like inflorescences they produce."}
{"name":"Eleusine","link":"https:\/\/en.wikipedia.org\/wiki\/Eleusine","img_link":"https:\/\/upload.wikimedia.org\/wikipedia\/commons\/thumb\/d\/de\/Eleusine_indica_Habitus_BotGardBln0906.JPG\/220px-Eleusine_indica_Habitus_BotGardBln0906.JPG","text":"Eleusine is a genus of Asian, African, and South American plants in the grass family, sometimes called by the common name goosegrass. One species, Eleusine indica, is a widespread weed in many places. Another species, Eleusine coracana, is finger millet, cultivated as a cereal grain in India and parts of Africa."}
{"name":"Embryophytes","link":"https:\/\/en.wikipedia.org\/wiki\/Embryophytes","img_link":"https:\/\/upload.wikimedia.org\/wikipedia\/commons\/thumb\/c\/c3\/WWB-0265-127-Polytrichum_formosum.png\/44px-WWB-0265-127-Polytrichum_formosum.png","text":"The embryophytes ( \/ \u02c8 \u025b m b r i \u0259 \u02cc f a\u026a t s \/ ) are a clade of plants, also known as Embryophyta ( \/ \u02cc \u025b m b r i \u02c8 \u0252 f \u0259 t \u0259, - o\u028a \u02c8 f a\u026a t \u0259 \/ ) or land plants. They are the most familiar group of photoautotrophs that make up the vegetation on Earth 's dry lands and wetlands. Embryophytes have a common ancestor with green algae, having emerged within the Phragmoplastophyta clade of freshwater charophyte green algae as a sister taxon of Charophyceae, Coleochaetophyceae and Zygnematophyceae. Embryophytes consist of the bryophytes and the polysporangiophytes. Living embryophytes include hornworts, liverworts, mosses, lycophytes, ferns, gymnosperms and angiosperms ( flowering plants ). Embryophytes have diplobiontic life cycles."}
{"name":"Eragrostis","link":"https:\/\/en.wikipedia.org\/wiki\/Eragrostis","img_link":"https:\/\/upload.wikimedia.org\/wikipedia\/commons\/thumb\/2\/20\/Starr_020124-8001_Eragrostis_cilianensis.jpg\/220px-Starr_020124-8001_Eragrostis_cilianensis.jpg","text":"Eragrostis is a large and widespread genus of plants in the grass family, found in many countries on all inhabited continents and many islands."}
{"name":"Fagopyrum","link":"https:\/\/en.wikipedia.org\/wiki\/Fagopyrum","img_link":"https:\/\/upload.wikimedia.org\/wikipedia\/commons\/thumb\/f\/ff\/Fagopyrum_esculentum2.jpg\/220px-Fagopyrum_esculentum2.jpg","text":"The genus Fagopyrum is in the flowering plant family Polygonaceae. It includes some important food plants, such as F.\u00a0esculentum (buckwheat) and F.\u00a0tataricum (Tartary buckwheat). The genus is native to the Indian subcontinent, much of Indochina, and central and southeastern China. Species have been widely introduced elsewhere, throughout the Holarctic and parts of Africa and South America."}
{"name":"Hordeum","link":"https:\/\/en.wikipedia.org\/wiki\/Hordeum","img_link":"https:\/\/upload.wikimedia.org\/wikipedia\/commons\/thumb\/5\/54\/Hordeum_distichon0.jpg\/220px-Hordeum_distichon0.jpg","text":"Hordeum is a genus of annual and perennial plants in the grass family. The species are native throughout the temperate regions of Africa, Eurasia, and the Americas."}
{"name":"Lamiaceae","link":"https:\/\/en.wikipedia.org\/wiki\/Lamiaceae","img_link":"https:\/\/upload.wikimedia.org\/wikipedia\/commons\/thumb\/a\/a8\/Lamium_purpureum_jamestown1.jpg\/220px-Lamium_purpureum_jamestown1.jpg","text":"The Lamiaceae ( \/ \u02cc l e\u026a m i \u02c8 e\u026a s i. i\u02d0, - \u02cc a\u026a \/ LAY -mee- AY -see-ee, -\u2060eye ) or Labiatae are a family of flowering plants commonly known as the mint, deadnettle, or sage family. Many of the plants are aromatic in all parts and include widely used culinary herbs like basil, mint, rosemary, sage, savory, marjoram, oregano, hyssop, thyme, lavender, and perilla, as well as other medicinal herbs such as catnip, salvia, bee balm, wild dagga, and oriental motherwort."}
{"name":"Lamiales","link":"https:\/\/en.wikipedia.org\/wiki\/Lamiales","img_link":"https:\/\/upload.wikimedia.org\/wikipedia\/commons\/thumb\/6\/6a\/Galeopsis_speciosa_%28Zellwald%29.jpg\/220px-Galeopsis_speciosa_%28Zellwald%29.jpg","text":"The order Lamiales (also known as the mint order ) are an order in the asterid group of dicotyledonous flowering plants. It includes about 23,810 species, 1,059 genera, and is divided into about 25 families. These families include Acanthaceae, Bignoniaceae, Byblidaceae, Calceolariaceae, Carlemanniaceae, Gesneriaceae, Lamiaceae, Lentibulariaceae, Linderniaceae, Martyniaceae, Mazaceae, Oleaceae, Orobanchaceae, Paulowniaceae, Pedaliaceae, Peltantheraceae, Phrymaceae, Plantaginaceae, Plocospermataceae, Schlegeliaceae, Scrophulariaceae, Stilbaceae, Tetrachondraceae, Thomandersiaceae, Verbenaceae."}
{"name":"Linaceae","link":"https:\/\/en.wikipedia.org\/wiki\/Linaceae","img_link":"https:\/\/upload.wikimedia.org\/wikipedia\/commons\/thumb\/4\/44\/Linum_pubescens.jpg\/220px-Linum_pubescens.jpg","text":"Linaceae is a family of flowering plants. The family is cosmopolitan, and includes about 250 species in 14 genera, classified into two subfamilies: the Linoideae and Hugonioideae (often recognized as a distinct family, the Hugoniaceae). Leaves of the Linaceae are always simple; arrangement varies from alternate (most species) to opposite (in Sclerolinon and some Linum ) or whorled (in some Hesperolinon and Linum species). The hermaphroditic, actinomorphic flowers are pentameric or, very rarely, tetrameric (e.g., Radiola linoides, Linum keniense )."}
{"name":"Linum","link":"https:\/\/en.wikipedia.org\/wiki\/Linum","img_link":"https:\/\/upload.wikimedia.org\/wikipedia\/commons\/thumb\/4\/44\/Linum_pubescens.jpg\/220px-Linum_pubescens.jpg","text":"Linum ( flax ) is a genus of approximately 200 species in the flowering plant family Linaceae. They are native to temperate and subtropical regions of the world. The genus includes the common flax ( L. usitatissimum ), the bast fibre of which is used to produce linen and the seeds to produce linseed oil."}
{"name":"Malpighiales","link":"https:\/\/en.wikipedia.org\/wiki\/Malpighiales","img_link":"https:\/\/upload.wikimedia.org\/wikipedia\/commons\/thumb\/5\/5c\/Starr_010309-0546_Calophyllum_inophyllum.jpg\/220px-Starr_010309-0546_Calophyllum_inophyllum.jpg","text":"The Malpighiales comprise one of the largest orders of flowering plants. The order is very diverse, with well-known members including willows, violets, aspens and poplars, poinsettia, corpse flower, coca plant, cassava, flaxseed, castor bean, Saint John's wort, passionfruit, mangosteen, and manchineel tree."}
{"name":"Moraceae","link":"https:\/\/en.wikipedia.org\/wiki\/Moraceae","img_link":"https:\/\/upload.wikimedia.org\/wikipedia\/commons\/thumb\/5\/5a\/Castilla_elastica_-_K%C3%B6hler%E2%80%93s_Medizinal-Pflanzen-174.jpg\/220px-Castilla_elastica_-_K%C3%B6hler%E2%80%93s_Medizinal-Pflanzen-174.jpg","text":"The Moraceae \u2014often called the mulberry family or fig family \u2014are a family of flowering plants comprising about 38 genera and over 1100 species. Most are widespread in tropical and subtropical regions, less so in temperate climates; however, their distribution is cosmopolitan overall. The only synapomorphy within the Moraceae is presence of laticifers and milky sap in all parenchymatous tissues, but generally useful field characters include two carpels sometimes with one reduced, compound inconspicuous flowers, and compound fruits. The family includes well-known plants such as the fig, banyan, breadfruit, jackfruit, mulberry, and Osage orange. The 'flowers' of Moraceae are often pseudanthia (reduced inflorescences )."}
{"name":"Oryza","link":"https:\/\/en.wikipedia.org\/wiki\/Oryza","img_link":"https:\/\/upload.wikimedia.org\/wikipedia\/commons\/thumb\/4\/4f\/Gealypic5.JPG\/220px-Gealypic5.JPG","text":"Oryza is a genus of plants in the grass family. It includes the major food crop rice (species Oryza sativa and Oryza glaberrima ). Members of the genus grow as tall, wetland grasses, growing to 1\u20132 metres (3\u20137\u00a0ft) tall; the genus includes both annual and perennial species."}
{"name":"Panicum","link":"https:\/\/en.wikipedia.org\/wiki\/Panicum","img_link":"https:\/\/upload.wikimedia.org\/wikipedia\/commons\/thumb\/7\/7a\/Panicum_virgatum.jpg\/220px-Panicum_virgatum.jpg","text":"Panicum ( panicgrass ) is a large genus of about 450 species of Poaceae grasses native throughout the tropical regions of the world, with a few species extending into the northern temperate zone. They are often large, annual or perennial grasses, growing to 1\u20133\u00a0m (3\u201310\u00a0ft) tall."}
{"name":"Pedaliaceae","link":"https:\/\/en.wikipedia.org\/wiki\/Pedaliaceae","img_link":"https:\/\/upload.wikimedia.org\/wikipedia\/commons\/thumb\/e\/e2\/Uncarina_grandidieri1.jpg\/220px-Uncarina_grandidieri1.jpg","text":"Pedaliaceae, the pedalium family or sesame family, is a flowering plant family classified in the order Lamiales. The family includes sesame ( Sesamum indicum ), the source of sesame seeds."}
{"name":"Plantae","link":"https:\/\/en.wikipedia.org\/wiki\/Plantae","img_link":"https:\/\/upload.wikimedia.org\/wikipedia\/commons\/thumb\/5\/57\/Fr%C3%BChling_bl%C3%BChender_Kirschenbaum.jpg\/127px-Fr%C3%BChling_bl%C3%BChender_Kirschenbaum.jpg","text":"No description available"}
{"name":"Poaceae","link":"https:\/\/en.wikipedia.org\/wiki\/Poaceae","img_link":"https:\/\/upload.wikimedia.org\/wikipedia\/commons\/thumb\/a\/ad\/Meadow_Foxtail_head.jpg\/220px-Meadow_Foxtail_head.jpg","text":"No description available"}
{"name":"Poales","link":"https:\/\/en.wikipedia.org\/wiki\/Poales","img_link":"https:\/\/upload.wikimedia.org\/wikipedia\/commons\/thumb\/4\/42\/Zbo%C5%BCe.jpg\/220px-Zbo%C5%BCe.jpg","text":"The Poales are a large order of flowering plants in the monocotyledons, and includes families of plants such as the grasses, bromeliads, rushes and sedges. Sixteen plant families are currently recognized by botanists to be part of Poales."}
{"name":"Polygonaceae","link":"https:\/\/en.wikipedia.org\/wiki\/Polygonaceae","img_link":"https:\/\/upload.wikimedia.org\/wikipedia\/commons\/thumb\/8\/8f\/Polygonum_persicaria_bgiu.jpg\/220px-Polygonum_persicaria_bgiu.jpg","text":"The Polygonaceae are a family of flowering plants known informally as the knotweed family or smartweed\u2014buckwheat family in the United States. The name is based on the genus Polygonum, and was first used by Antoine Laurent de Jussieu in 1789 in his book, Genera Plantarum. The name may refer to the many swollen nodes the stems of some species have, being derived from Greek [ poly meaning 'many' and gony meaning 'knee' or 'joint']. Alternatively, it may have a different origin, meaning 'many seeds'."}
{"name":"Rosales","link":"https:\/\/en.wikipedia.org\/wiki\/Rosales","img_link":"https:\/\/upload.wikimedia.org\/wikipedia\/commons\/thumb\/6\/61\/Illustration_Rosa_majalis0.jpg\/220px-Illustration_Rosa_majalis0.jpg","text":"Rosales ( \/ r o\u028a \u02c8 z e\u026a l i\u02d0 z \/, roh- ZAY -leez ) are an order of flowering plants. Well-known members of Rosales include: roses, strawberries, blackberries and raspberries, apples and pears, plums, peaches and apricots, almonds, rowan and hawthorn, jujube, elms, banyans, figs, mulberries, breadfruit, nettles, hops, and cannabis."}
{"name":"Salvia","link":"https:\/\/en.wikipedia.org\/wiki\/Salvia","img_link":"https:\/\/upload.wikimedia.org\/wikipedia\/commons\/thumb\/5\/5a\/Salvia_officinalis0.jpg\/220px-Salvia_officinalis0.jpg","text":"Salvia ( \/ \u02c8 s \u00e6 l v i \u0259 \/ ) is the largest genus of plants in the sage family Lamiaceae, with nearly 1,000 species of shrubs, herbaceous perennials, and annuals. Within the Lamiaceae, Salvia is part of the tribe Mentheae within the subfamily Nepetoideae. One of several genera, commonly referred to as sage, it includes two widely used herbs, Salvia officinalis ( common sage, or just \"sage\") and Salvia rosmarinus ( rosemary, formerly Rosmarinus officinalis )."}
{"name":"Secale","link":"https:\/\/en.wikipedia.org\/wiki\/Secale","img_link":"https:\/\/upload.wikimedia.org\/wikipedia\/commons\/thumb\/3\/30\/Illustration_Secale_cereale0.jpg\/220px-Illustration_Secale_cereale0.jpg","text":"Secale is a genus of the grass tribe Triticeae, which is related to barley ( Hordeum ) and wheat ( Triticum ). The genus includes cultivated species such as rye ( Secale cereale ) as well as weedy and wild rye species. The best-known species of the genus is the cultivated rye, S. cereale, which is grown as a grain and forage crop. Wild and weedy rye species help provide a huge gene pool that can be used for improvement of the cultivated rye."}
{"name":"Sesamum","link":"https:\/\/en.wikipedia.org\/wiki\/Sesamum","img_link":"https:\/\/upload.wikimedia.org\/wikipedia\/commons\/thumb\/1\/1a\/Sesamum_indicum_2.jpg\/220px-Sesamum_indicum_2.jpg","text":"Sesamum is a genus of about 20 species in the flowering plant family Pedaliaceae. The plants are annual or perennial herbs with edible seeds. The best-known member of the genus is sesame, Sesamum indicum (syn. Sesamum orientale ), the source of sesame seeds. The species are primarily African, with some species occurring in India, Sri Lanka, and China. The origin of S. indicum is uncertain, as it is widely cultivated and naturalized in tropical regions. The genus is closely related to the strictly African genus Ceratotheca and is itself probably African in origin."}
{"name":"Setaria","link":"https:\/\/en.wikipedia.org\/wiki\/Setaria","img_link":"https:\/\/upload.wikimedia.org\/wikipedia\/commons\/thumb\/0\/09\/Starr_040713-0118_Setaria_parviflora.jpg\/220px-Starr_040713-0118_Setaria_parviflora.jpg","text":"Setaria is a widespread genus of plants in the grass family. The name is derived from the Latin word seta, meaning \"bristle\" or \"hair\", which refers to the bristly spikelets."}
{"name":"Sorghum","link":"https:\/\/en.wikipedia.org\/wiki\/Sorghum","img_link":"https:\/\/upload.wikimedia.org\/wikipedia\/commons\/thumb\/8\/84\/Sorghum_bicolor03.jpg\/220px-Sorghum_bicolor03.jpg","text":"No description available"}
{"name":"Spermatophyta","link":"https:\/\/en.wikipedia.org\/wiki\/Spermatophyta","img_link":"https:\/\/upload.wikimedia.org\/wikipedia\/commons\/thumb\/b\/bc\/PinusSylvestris.jpg\/110px-PinusSylvestris.jpg","text":"A seed plant or spermatophyte ( lit. ' seed plant '; from Ancient Greek \u03c3\u03c0\u03ad\u03c1\u03bc\u03b1\u03c4\u03bf\u03c2 ( sp\u00e9rmatos ) 'seed' and \u03c6\u03c5\u03c4\u03cc\u03bd (phyt\u00f3n) 'plant'), also known as a phanerogam (taxon Phanerogamae ) or a phaenogam (taxon Phaenogamae ), is any plant that produces seeds. It is a category of embryophyte (i.e. land plant) that includes most of the familiar land plants, including the flowering plants and the gymnosperms, but not ferns, mosses, or algae."}
{"name":"Streptophyta","link":"https:\/\/en.wikipedia.org\/wiki\/Streptophyta","img_link":"https:\/\/upload.wikimedia.org\/wikipedia\/commons\/thumb\/5\/5d\/Streptophyta-x4.jpg\/220px-Streptophyta-x4.jpg","text":"Streptophyta ( \/ s t r \u025b p \u02c8 t \u0252 f \u026a t \u0259, \u02c8 s t r \u025b p t o\u028a f a\u026a t \u0259 \/ ), informally the streptophytes ( \/ \u02c8 s t r \u025b p t \u0259 f a\u026a t s \/, from the Greek strepto 'twisted', for the morphology of the sperm of some members), is a clade of plants. The composition of the clade varies considerably between authors, but the definition employed here includes land plants and all green algae except the Chlorophyta and the more basal Prasinodermophyta."}
{"name":"Themeda","link":"https:\/\/en.wikipedia.org\/wiki\/Themeda","img_link":"https:\/\/upload.wikimedia.org\/wikipedia\/commons\/thumb\/5\/53\/Themeda_triandra_-_kangaroo_grass.jpg\/220px-Themeda_triandra_-_kangaroo_grass.jpg","text":"Themeda is a genus of plants in the grass family native to Asia, Africa, Australia, and Papuasia. There are about 18 to 26 species, many of which are native to Southeast Asia."}
{"name":"Thinopyrum","link":"https:\/\/en.wikipedia.org\/wiki\/Thinopyrum","img_link":"https:\/\/upload.wikimedia.org\/wikipedia\/commons\/thumb\/4\/4d\/Thinopyrum_junceiforme_seeds_1.jpg\/220px-Thinopyrum_junceiforme_seeds_1.jpg","text":"Thinopyrum is a genus of Eurasian and African plants in the grass family."}
{"name":"Tracheophyta","link":"https:\/\/en.wikipedia.org\/wiki\/Tracheophyta","img_link":"https:\/\/upload.wikimedia.org\/wikipedia\/commons\/thumb\/8\/8f\/Athyrium_filix-femina_RF.jpg\/220px-Athyrium_filix-femina_RF.jpg","text":"Vascular plants (from Latin vasculum 'duct'), also called tracheophytes ( UK: \/ \u02c8 t r \u00e6 k i\u02d0 \u0259 \u02cc f a\u026a t s \/, US: \/ \u02c8 t r e\u026a k i\u02d0 \u0259 \u02cc f a\u026a t s \/ ) or collectively tracheophyta ( \/ \u02cc t r e\u026a k i\u02d0 \u02c8 \u0252 f \u026a t \u0259 \/; from Ancient Greek \u03c4\u03c1\u03b1\u03c7\u03b5\u1fd6\u03b1 \u1f00\u03c1\u03c4\u03b7\u03c1\u03af\u03b1 ( trakhe\u00eea art\u0113r\u00eda ) 'windpipe' and \u03c6\u03c5\u03c4\u03ac ( phut\u00e1 ) 'plants'), are plants that have lignified tissues (the xylem ) for conducting water and minerals throughout the plant. They also have a specialized non-lignified tissue (the phloem ) to conduct products of photosynthesis. The group includes most land plants ( c. 300,000 accepted known species) other than mosses."}
{"name":"Triticum","link":"https:\/\/en.wikipedia.org\/wiki\/Triticum","img_link":"https:\/\/upload.wikimedia.org\/wikipedia\/commons\/thumb\/a\/a3\/Vehn%C3%A4pelto_6.jpg\/220px-Vehn%C3%A4pelto_6.jpg","text":"No description available"}
{"name":"Yakirra","link":"https:\/\/en.wikipedia.org\/wiki\/Yakirra","img_link":"https:\/\/upload.wikimedia.org\/wikipedia\/commons\/thumb\/6\/6a\/Yakirra_australiensis.jpg\/220px-Yakirra_australiensis.jpg","text":"Yakirra is a genus of Burmese and Australian plants in the grass family."}
{"name":"Zea","link":"https:\/\/en.wikipedia.org\/wiki\/Zea","img_link":"\/static\/images\/icons\/wikipedia.png","text":"Zea may refer to:"}
{"name":"Zizania","link":"https:\/\/en.wikipedia.org\/wiki\/Zizania","img_link":"https:\/\/upload.wikimedia.org\/wikipedia\/commons\/thumb\/a\/a4\/Zizania_palustris_%2820150198216%29.jpg\/220px-Zizania_palustris_%2820150198216%29.jpg","text":"Wild rice, also called manoomin, mnomen, ps\u00ed\u014b, Canada rice, Indian rice, or water oats, is any of four species of grasses that form the genus Zizania, and the grain that can be harvested from them. The grain was historically and is still gathered and eaten in North America and, to a lesser extent, China, where the plant's stem is used as a vegetable."}
