{"name":"Aleurites","link":"https:\/\/en.wikipedia.org\/wiki\/Aleurites","img_link":"https:\/\/upload.wikimedia.org\/wikipedia\/commons\/thumb\/7\/76\/Starr_070215-4556_Aleurites_moluccana.jpg\/220px-Starr_070215-4556_Aleurites_moluccana.jpg","text":"Aleurites is a small genus of arborescent flowering plants in the Euphorbiaceae, first described as a genus in 1776. It is native to China, the Indian Subcontinent, Southeast Asia, Papuasia, and Queensland. It is also reportedly naturalized on various islands (Pacific and Indian Oceans, plus the Caribbean) as well as scattered locations in Africa, South America, and Florida."}
{"name":"Anacardiaceae","link":"https:\/\/en.wikipedia.org\/wiki\/Anacardiaceae","img_link":"https:\/\/upload.wikimedia.org\/wikipedia\/commons\/thumb\/2\/28\/Cashewnuts_hanging_on_a_Cashew_Tree.jpg\/220px-Cashewnuts_hanging_on_a_Cashew_Tree.jpg","text":"The Anacardiaceae, commonly known as the cashew family or sumac family, are a family of flowering plants, including about 83 genera with about 860 known species. Members of the Anacardiaceae bear fruits that are drupes and in some cases produce urushiol, an irritant. The Anacardiaceae include numerous genera, several of which are economically important, notably cashew (in the type genus Anacardium ), mango, Chinese lacquer tree, yellow mombin, Peruvian pepper, poison ivy, poison oak, sumac, smoke tree, marula and cuachalalate. The genus Pistacia (which includes the pistachio and mastic tree ) is now included, but was previously placed in its own family, the Pistaciaceae."}
{"name":"Anacardium","link":"https:\/\/en.wikipedia.org\/wiki\/Anacardium","img_link":"https:\/\/upload.wikimedia.org\/wikipedia\/commons\/thumb\/3\/35\/Anacardium_occidentale_MS_4693.JPG\/220px-Anacardium_occidentale_MS_4693.JPG","text":"Anacardium, the cashews, are a genus of flowering plants in the family Anacardiaceae, native to tropical regions of the Americas. The best known species is Anacardium occidentale, which is commercially cultivated for its cashew nuts and cashew apples."}
{"name":"Arachis","link":"https:\/\/en.wikipedia.org\/wiki\/Arachis","img_link":"https:\/\/upload.wikimedia.org\/wikipedia\/commons\/thumb\/4\/4a\/Peanut_9417.jpg\/220px-Peanut_9417.jpg","text":"Arachis is a genus of about 70 species of annual and perennial flowering plants in the family ( Fabaceae ), native to South America, and was recently assigned to the informal monophyletic Pterocarpus clade of the Dalbergieae. At least one species, the peanut ( Arachis hypogaea ), is a major food crop species of global importance; some of the other species are cultivated for food to a small extent in South America. Other species such as A. pintoi are cultivated worldwide as forage and soil conditioner plants, with the leaves providing high-protein feed for grazing livestock and a nitrogen source in agroforestry and permaculture systems."}
{"name":"Araucaria","link":"https:\/\/en.wikipedia.org\/wiki\/Araucaria","img_link":"https:\/\/upload.wikimedia.org\/wikipedia\/commons\/thumb\/9\/9e\/View_of_the_Llaima_Volcano_through_the_araucarias_from_the_viewpoint_%22Los_Condores%22_in_summer.jpg\/220px-View_of_the_Llaima_Volcano_through_the_araucarias_from_the_viewpoint_%22Los_Condores%22_in_summer.jpg","text":"Araucaria ( \/ \u00e6 r \u0254\u02d0 \u02c8 k \u025b\u0259r i \u0259 \/; original pronunciation: [a.\u027eaw\u02c8ka. \u027eja]) is a genus of evergreen coniferous trees in the family Araucariaceae. While today they are largely confined to the Southern Hemisphere, during the Jurassic and Cretaceous they were globally distributed. There are 20 extant species in New Caledonia (where 14\u00a0species are endemic, see New Caledonian Araucaria ), eastern Australia (including Norfolk Island ), New Guinea, Argentina, Brazil, Chile and Uruguay."}
{"name":"Araucariaceae","link":"https:\/\/en.wikipedia.org\/wiki\/Araucariaceae","img_link":"https:\/\/upload.wikimedia.org\/wikipedia\/commons\/thumb\/a\/ac\/Webysther_20190413132108_-_Arauc%C3%A1ria_%28Araucaria_angustifolia%29.jpg\/220px-Webysther_20190413132108_-_Arauc%C3%A1ria_%28Araucaria_angustifolia%29.jpg","text":"Araucariaceae is a family of conifers with three living genera, Araucaria, Agathis, and Wollemia. While the family's native distribution is now largely confined to the Southern Hemisphere, except for a few species of Agathis in Malesia, it was formerly widespread in the Northern Hemisphere during the Jurassic and Cretaceous periods."}
{"name":"Araucariales","link":"https:\/\/en.wikipedia.org\/wiki\/Araucariales","img_link":"https:\/\/upload.wikimedia.org\/wikipedia\/commons\/thumb\/6\/6a\/Wollemia_nobilis_%28Kew_Gardens%29.JPG\/220px-Wollemia_nobilis_%28Kew_Gardens%29.JPG","text":"Cupressidae is a proposed subclass of conifers comprising the orders of Araucariales and Cupressales. It was originally erected by Alexander Doweld and contained just Cupressales, in 2022, it was expanded to include Araucariales and Cupressales."}
{"name":"Areca","link":"https:\/\/en.wikipedia.org\/wiki\/Areca","img_link":"https:\/\/upload.wikimedia.org\/wikipedia\/commons\/thumb\/0\/0e\/Areca_catechu_-_K%C3%B6hler%E2%80%93s_Medizinal-Pflanzen-014.jpg\/220px-Areca_catechu_-_K%C3%B6hler%E2%80%93s_Medizinal-Pflanzen-014.jpg","text":"Areca is a genus of 51 species of palms in the family Arecaceae, found in humid tropical forests from the islands of the Philippines, Malaysia and India, across Southeast Asia to Melanesia. The generic name Areca is derived from a name used locally on the Malabar Coast of India."}
{"name":"Arecales","link":"https:\/\/en.wikipedia.org\/wiki\/Arecales","img_link":"https:\/\/upload.wikimedia.org\/wikipedia\/commons\/thumb\/9\/9b\/Beetle_palm_with_nut_bunch.jpg\/220px-Beetle_palm_with_nut_bunch.jpg","text":"Arecales is an order of flowering plants. The order has been widely named as such only for the past few decades; until then, the accepted name for the order including these plants was Principes. The order includes palms and relatives."}
{"name":"Artocarpus","link":"https:\/\/en.wikipedia.org\/wiki\/Artocarpus","img_link":"https:\/\/upload.wikimedia.org\/wikipedia\/commons\/thumb\/f\/f4\/Starr_031209-0044_Artocarpus_altilis.jpg\/220px-Starr_031209-0044_Artocarpus_altilis.jpg","text":"Artocarpus is a genus of approximately 60 trees and shrubs of Southeast Asian and Pacific origin, belonging to the mulberry family, Moraceae. Most species of Artocarpus are restricted to Southeast Asia; a few cultivated species are more widely distributed, especially A. altilis (breadfruit) and A. heterophyllus (jackfruit), which are cultivated throughout the tropics."}
{"name":"Beilschmiedia","link":"https:\/\/en.wikipedia.org\/wiki\/Beilschmiedia","img_link":"https:\/\/upload.wikimedia.org\/wikipedia\/commons\/thumb\/9\/9e\/BeilschmiediaTawaKing.jpg\/220px-BeilschmiediaTawaKing.jpg","text":"Beilschmiedia is a genus of trees and shrubs in family Lauraceae. Most of its species grow in tropical climates, but a few of them are native to temperate regions, and they are widespread in tropical Asia, Africa, Madagascar, Australia, New Zealand, North America, Central America, the Caribbean, and South America. The best-known species to gardeners in temperate areas are B.\u00a0berteroana and B.\u00a0miersii because of their frost tolerance. Seeds of B.\u00a0bancroftii were used as a source of food by Australian Aborigines. Timbers of some species are very valuable."}
{"name":"Bertholletia","link":"https:\/\/en.wikipedia.org\/wiki\/Bertholletia","img_link":"https:\/\/upload.wikimedia.org\/wikipedia\/commons\/thumb\/3\/39\/Bertholletia_excelsa_compose.jpg\/220px-Bertholletia_excelsa_compose.jpg","text":"The Brazil nut ( Bertholletia excelsa ) is a South American tree in the family Lecythidaceae, and it is also the name of the tree's commercially harvested edible seeds. It is one of the largest and longest-lived trees in the Amazon rainforest. The fruit and its nutshell \u2013 containing the edible Brazil nut \u2013 are relatively large and weigh as much as 2\u00a0kg (4.4\u00a0lb) in total. As food, Brazil nuts are notable for diverse content of micronutrients, especially a high amount of selenium. The wood of the Brazil nut tree is prized for its quality in carpentry, flooring, and heavy construction."}
{"name":"Betulaceae","link":"https:\/\/en.wikipedia.org\/wiki\/Betulaceae","img_link":"https:\/\/upload.wikimedia.org\/wikipedia\/commons\/thumb\/7\/7b\/Alnus_glutinosa.jpg\/220px-Alnus_glutinosa.jpg","text":"Betulaceae, the birch family, includes six genera of deciduous nut -bearing trees and shrubs, including the birches, alders, hazels, hornbeams, hazel-hornbeam, and hop-hornbeams, numbering a total of 167 species. They are mostly natives of the temperate Northern Hemisphere, with a few species reaching the Southern Hemisphere in the Andes in South America. Their typical flowers are catkins and often appear before leaves."}
{"name":"Brosimum","link":"https:\/\/en.wikipedia.org\/wiki\/Brosimum","img_link":"https:\/\/upload.wikimedia.org\/wikipedia\/commons\/thumb\/9\/9b\/Brosimum_guianense.jpg\/220px-Brosimum_guianense.jpg","text":"Brosimum is a genus of plants in the family Moraceae, native to tropical regions of the Americas."}
{"name":"Burseraceae","link":"https:\/\/en.wikipedia.org\/wiki\/Burseraceae","img_link":"https:\/\/upload.wikimedia.org\/wikipedia\/commons\/thumb\/e\/e1\/Bursera_simaruba0.jpg\/220px-Bursera_simaruba0.jpg","text":"The Burseraceae are a moderate-sized family of 17-19 genera and about 540 species of woody flowering plants. The actual numbers given in taxonomic sources differ according to taxonomic revision at the time of writing. The Burseraceae are also known as the torchwood family, the frankincense and myrrh family, or simply the incense tree family. The family includes both trees and shrubs; its species are native to tropical regions of Africa, Asia, Australasia, and the Americas."}
{"name":"Butia","link":"https:\/\/en.wikipedia.org\/wiki\/Butia","img_link":"https:\/\/upload.wikimedia.org\/wikipedia\/commons\/thumb\/7\/74\/Butia_capitata_-_Villa_Thuret_-_DSC04803.JPG\/220px-Butia_capitata_-_Villa_Thuret_-_DSC04803.JPG","text":"Butia is a genus of palms in the family Arecaceae, native to the South American countries of Brazil, Paraguay, Uruguay and Argentina. Many species produce edible fruits, which are sometimes used to make alcoholic beverages and other foods. The name is derived from a Brazilian vernacular word for members of the genus."}
{"name":"Canarium","link":"https:\/\/en.wikipedia.org\/wiki\/Canarium","img_link":"https:\/\/upload.wikimedia.org\/wikipedia\/commons\/thumb\/1\/1d\/Canarium_harveyi%2C_leaves%2C_fruits.jpg\/220px-Canarium_harveyi%2C_leaves%2C_fruits.jpg","text":"Canarium is a genus of about 120 species of tropical and subtropical trees, in the family Burseraceae. They grow naturally across tropical Africa, south and southeast Asia, Indochina, Malesia, Australia and western Pacific Islands; including from southern Nigeria east to Madagascar, Mauritius, Sri Lanka and India; from Burma, Malaysia and Thailand through the Malay Peninsula and Vietnam to south China, Taiwan and the Philippines; through Borneo, Indonesia, Timor and New Guinea, through to the Solomon Islands, Vanuatu, New Caledonia, Fiji, Samoa, Tonga and Palau."}
{"name":"CanariumL.(1754)[1]","link":"https:\/\/en.wikipedia.org\/wiki\/CanariumL.(1754)[1]","img_link":"\/static\/images\/icons\/wikipedia.png","text":"No description available"}
{"name":"Carya","link":"https:\/\/en.wikipedia.org\/wiki\/Carya","img_link":"https:\/\/upload.wikimedia.org\/wikipedia\/commons\/thumb\/e\/eb\/Carya_Morton_29-U-10.jpg\/220px-Carya_Morton_29-U-10.jpg","text":"Hickory is a common name for trees composing the genus Carya, which includes 19 species accepted by Plants of the World Online."}
{"name":"Caryocar","link":"https:\/\/en.wikipedia.org\/wiki\/Caryocar","img_link":"https:\/\/upload.wikimedia.org\/wikipedia\/commons\/thumb\/4\/4b\/Caryocar_nuciferum_-_Lemaire.JPG\/220px-Caryocar_nuciferum_-_Lemaire.JPG","text":"Caryocar ( souari trees ) is a genus of flowering plants, in the South American family Caryocaraceae described as a genus by Linnaeus in 1771. It is native primarily to South America with a few species extending into Central America and the West Indies."}
{"name":"Caryocaraceae","link":"https:\/\/en.wikipedia.org\/wiki\/Caryocaraceae","img_link":"https:\/\/upload.wikimedia.org\/wikipedia\/commons\/thumb\/7\/78\/Pequi01.JPG\/220px-Pequi01.JPG","text":"Caryocaraceae ( syn. Rhizobolaceae DC. ) is a small family of flowering plants consisting of two genera with 26 species. The family is native to tropical regions of Central and South America, as well as the West Indies."}
{"name":"Castanea","link":"https:\/\/en.wikipedia.org\/wiki\/Castanea","img_link":"https:\/\/upload.wikimedia.org\/wikipedia\/commons\/thumb\/2\/2c\/Ch%C3%A2taignier_120807_1.jpg\/220px-Ch%C3%A2taignier_120807_1.jpg","text":"The chestnuts are the deciduous trees and shrubs in the genus Castanea, in the beech family Fagaceae. The name also refers to the edible nuts they produce. They are native to temperate regions of the Northern Hemisphere."}
{"name":"Cocos","link":"https:\/\/en.wikipedia.org\/wiki\/Cocos","img_link":"\/static\/images\/icons\/wikipedia.png","text":"Cocos may refer to:"}
{"name":"Coniferales","link":"https:\/\/en.wikipedia.org\/wiki\/Coniferales","img_link":"https:\/\/upload.wikimedia.org\/wikipedia\/commons\/thumb\/1\/18\/Scots_Pine_%28Pinus_sylvestris%29_-_Kristiansand%2C_Norway_2021-08-10.jpg\/220px-Scots_Pine_%28Pinus_sylvestris%29_-_Kristiansand%2C_Norway_2021-08-10.jpg","text":"The order Pinales in the division Pinophyta, class Pinopsida, comprises all the extant conifers. The distinguishing characteristic is the reproductive structure known as a cone produced by all Pinales. All of the extant conifers, such as Araucaria, cedar, celery-pine, cypress, fir, juniper, kauri, larch, pine, redwood, spruce, and yew, are included here. Some fossil conifers, however, belong to other distinct orders within the division Pinophyta."}
{"name":"Corylus","link":"https:\/\/en.wikipedia.org\/wiki\/Corylus","img_link":"https:\/\/upload.wikimedia.org\/wikipedia\/commons\/thumb\/b\/b0\/Corylus_avellana_0001.JPG\/220px-Corylus_avellana_0001.JPG","text":"Hazels are plants of the genus Corylus of deciduous trees and large shrubs native to the temperate Northern Hemisphere. The genus is usually placed in the birch family, Betulaceae, though some botanists split the hazels (with the hornbeams and allied genera) into a separate family Corylaceae. The fruit of the hazel is the hazelnut."}
{"name":"Coula","link":"https:\/\/en.wikipedia.org\/wiki\/Coula","img_link":"https:\/\/upload.wikimedia.org\/wikipedia\/commons\/thumb\/5\/5a\/Coula_edulis-1906.jpg\/220px-Coula_edulis-1906.jpg","text":"Coula is a monotypic genus of trees native to tropical Africa, containing the sole species Coula edulis Baill. Currently placed in the family Olacaceae, recent genetic evidence suggests this family is paraphyletic, and that Coula and related genera should be transferred to a new family Strombosiaceae."}
{"name":"Cycadales","link":"https:\/\/en.wikipedia.org\/wiki\/Cycadales","img_link":"https:\/\/upload.wikimedia.org\/wikipedia\/commons\/thumb\/2\/27\/Cycas_circinalis.jpg\/220px-Cycas_circinalis.jpg","text":"Cycads \/ \u02c8 s a\u026a k \u00e6 d z \/ are seed plants that typically have a stout and woody ( ligneous ) trunk with a crown of large, hard, stiff, evergreen and (usually) pinnate leaves. The species are dioecious, that is, individual plants of a species are either male or female. Cycads vary in size from having trunks only a few centimeters to several meters tall. They typically grow slowly and have long lifespans. Because of their superficial resemblance to palms or ferns, they are sometimes mistaken for them, but they are not closely related to either group.\nCycads are gymnosperms (naked-seeded), meaning their unfertilized seeds are open to the air to be directly fertilized by pollination, as contrasted with angiosperms, which have enclosed seeds with more complex fertilization arrangements. Cycads have very specialized pollinators, usually a specific species of beetle. Both male and female cycads bear cones ( strobili ), somewhat similar to conifer cones."}
{"name":"Cycadophytanae","link":"https:\/\/en.wikipedia.org\/wiki\/Cycadophytanae","img_link":"\/static\/images\/icons\/wikipedia.png","text":"No description available"}
{"name":"Cycadophytina","link":"https:\/\/en.wikipedia.org\/wiki\/Cycadophytina","img_link":"\/static\/images\/icons\/wikipedia.png","text":"No description available"}
{"name":"Cyperaceae","link":"https:\/\/en.wikipedia.org\/wiki\/Cyperaceae","img_link":"https:\/\/upload.wikimedia.org\/wikipedia\/commons\/thumb\/3\/37\/Pycreus.jpg\/220px-Pycreus.jpg","text":"The Cyperaceae ( \/ \u02cc s a\u026a p \u0259 \u02c8 r e\u026a s i. i\u02d0, - \u02cc a\u026a \/ ) are a family of graminoid (grass-like), monocotyledonous flowering plants known as sedges. The family is large; botanists have described some 5,500 known species in about 90 genera \u2013 the largest being the \"true sedges \" (genus Carex ), with over 2,000 species."}
{"name":"Cyperus","link":"https:\/\/en.wikipedia.org\/wiki\/Cyperus","img_link":"https:\/\/upload.wikimedia.org\/wikipedia\/commons\/thumb\/9\/9b\/Cyperus_diffusus1.jpg\/220px-Cyperus_diffusus1.jpg","text":"Cyperus is a large genus of about 700 species of sedges, distributed throughout all continents in both tropical and temperate regions."}
{"name":"Dipteryx","link":"https:\/\/en.wikipedia.org\/wiki\/Dipteryx","img_link":"https:\/\/upload.wikimedia.org\/wikipedia\/commons\/thumb\/f\/fb\/Cumaru.JPG\/220px-Cumaru.JPG","text":"Dipteryx is a genus containing a number of species of large trees and possibly shrubs. It belongs to the \"papilionoid\" subfamily \u2013 Faboideae \u2013 of the family Fabaceae. This genus is native to South and Central America and the Caribbean. Formerly, the related genus Taralea was included in Dipteryx."}
{"name":"Elaeocarpaceae","link":"https:\/\/en.wikipedia.org\/wiki\/Elaeocarpaceae","img_link":"https:\/\/upload.wikimedia.org\/wikipedia\/commons\/thumb\/a\/af\/Crinodendron_hookerianum1.jpg\/220px-Crinodendron_hookerianum1.jpg","text":"Elaeocarpaceae is a family of flowering plants. The family contains approximately 615 species of trees and shrubs in 12 genera. The largest genera are Elaeocarpus, with about 350 species, and Sloanea, with about 120."}
{"name":"Elaeocarpus","link":"https:\/\/en.wikipedia.org\/wiki\/Elaeocarpus","img_link":"https:\/\/upload.wikimedia.org\/wikipedia\/commons\/thumb\/4\/4c\/Elaeocarpus_hainanensis_06.JPG\/220px-Elaeocarpus_hainanensis_06.JPG","text":"Elaeocarpus is a genus of nearly five hundred species of flowering plants in the family Elaeocarpaceae native to the Western Indian Ocean, Tropical and Subtropical Asia, and the Pacific. Plants in the genus Elaeocarpus are trees or shrubs with simple leaves, flowers with four or five petals usually, and usually blue fruit."}
{"name":"Embryophyta siphonogama","link":"https:\/\/en.wikipedia.org\/wiki\/Embryophyta_siphonogama","img_link":"\/static\/images\/icons\/wikipedia.png","text":"No description available"}
{"name":"Embryophytes","link":"https:\/\/en.wikipedia.org\/wiki\/Embryophytes","img_link":"https:\/\/upload.wikimedia.org\/wikipedia\/commons\/thumb\/c\/c3\/WWB-0265-127-Polytrichum_formosum.png\/44px-WWB-0265-127-Polytrichum_formosum.png","text":"The embryophytes ( \/ \u02c8 \u025b m b r i \u0259 \u02cc f a\u026a t s \/ ) are a clade of plants, also known as Embryophyta ( \/ \u02cc \u025b m b r i \u02c8 \u0252 f \u0259 t \u0259, - o\u028a \u02c8 f a\u026a t \u0259 \/ ) or land plants. They are the most familiar group of photoautotrophs that make up the vegetation on Earth 's dry lands and wetlands. Embryophytes have a common ancestor with green algae, having emerged within the Phragmoplastophyta clade of freshwater charophyte green algae as a sister taxon of Charophyceae, Coleochaetophyceae and Zygnematophyceae. Embryophytes consist of the bryophytes and the polysporangiophytes. Living embryophytes include hornworts, liverworts, mosses, lycophytes, ferns, gymnosperms and angiosperms ( flowering plants ). Embryophytes have diplobiontic life cycles."}
{"name":"Ericales","link":"https:\/\/en.wikipedia.org\/wiki\/Ericales","img_link":"https:\/\/upload.wikimedia.org\/wikipedia\/commons\/thumb\/b\/b3\/RhododendronSimsiiFlowers2.jpg\/220px-RhododendronSimsiiFlowers2.jpg","text":"The Ericales are a large and diverse order of dicotyledons. Species in this order have considerable commercial importance including for tea, persimmon, blueberry, kiwifruit, Brazil nuts, argan, cranberry, sapote, and azalea. The order includes trees, bushes, lianas, and herbaceous plants. Together with ordinary autophytic plants, the Ericales include chlorophyll -deficient mycoheterotrophic plants (e.g., Sarcodes sanguinea ) and carnivorous plants (e.g., genus Sarracenia )."}
{"name":"Euphorbiaceae","link":"https:\/\/en.wikipedia.org\/wiki\/Euphorbiaceae","img_link":"https:\/\/upload.wikimedia.org\/wikipedia\/commons\/thumb\/5\/58\/Starr_020803-0119_Aleurites_moluccana.jpg\/220px-Starr_020803-0119_Aleurites_moluccana.jpg","text":"Euphorbiaceae ( \/ j u\u02d0 \u02c8 f o\u028a r b i\u02d0 \u02cc e\u026a s i \u02cc a\u026a, - s i\u02d0 \u02cc i\u02d0 \/ ), the spurge family, is a large family of flowering plants. In English, they are also commonly called euphorbias, which is also the name of the type genus of the family. Most spurges, such as Euphorbia paralias, are herbs, but some, especially in the tropics, are shrubs or trees, such as Hevea brasiliensis. Some, such as Euphorbia canariensis, are succulent and resemble cacti because of convergent evolution. This family has a cosmopolitan global distribution. The greatest diversity of species is in the tropics; however, the Euphorbiaceae also have many species in nontropical areas of all continents except Antarctica."}
{"name":"Fabaceae","link":"https:\/\/en.wikipedia.org\/wiki\/Fabaceae","img_link":"https:\/\/upload.wikimedia.org\/wikipedia\/commons\/thumb\/a\/ac\/Flowering_kudzu.jpg\/220px-Flowering_kudzu.jpg","text":"The Fabaceae ( \/ f \u0259 \u02c8 b e\u026a s i. i\u02d0, - \u02cc a\u026a \/ ) or Leguminosae, commonly known as the legume, pea, or bean family, are a large and agriculturally important family of flowering plants. It includes trees, shrubs, and perennial or annual herbaceous plants, which are easily recognized by their fruit ( legume ) and their compound, stipulate leaves. The family is widely distributed, and is the third-largest land plant family in number of species, behind only the Orchidaceae and Asteraceae, with about 765 genera and nearly 20,000 known species."}
{"name":"Fabales","link":"https:\/\/en.wikipedia.org\/wiki\/Fabales","img_link":"https:\/\/upload.wikimedia.org\/wikipedia\/commons\/thumb\/9\/99\/Senna_occidentalis.jpg\/220px-Senna_occidentalis.jpg","text":"Fabales is an order of flowering plants included in the rosid group of the eudicots in the Angiosperm Phylogeny Group II classification system. In the APG II circumscription, this order includes the families Fabaceae or legumes (including the subfamilies Caesalpinioideae, Mimosoideae, and Faboideae ), Quillajaceae, Polygalaceae or milkworts (including the families Diclidantheraceae, Moutabeaceae, and Xanthophyllaceae ), and Surianaceae. Under the Cronquist system and some other plant classification systems, the order Fabales contains only the family Fabaceae. In the classification system of Dahlgren the Fabales were in the superorder Fabiflorae (also called Fabanae) with three families corresponding to the subfamilies of Fabaceae in APG II. The other families treated in the Fabales by the APG II classification were placed in separate orders by Cronquist, the Polygalaceae within its own order, the Polygalales, and the Quillajaceae and Surianaceae within the Rosales."}
{"name":"Fagaceae","link":"https:\/\/en.wikipedia.org\/wiki\/Fagaceae","img_link":"https:\/\/upload.wikimedia.org\/wikipedia\/commons\/thumb\/a\/a8\/Fagus_sylvatica_020-2.jpg\/220px-Fagus_sylvatica_020-2.jpg","text":"The Fagaceae ( \/ f \u0259 \u02c8 \u0261 e\u026a s i. i\u02d0, - \u02cc a\u026a \/; from Latin fagus 'beech tree') are a family of flowering plants that includes beeches, chestnuts and oaks, and comprises eight genera with about 927 species. Fagaceae in temperate regions are mostly deciduous, whereas in the tropics, many species occur as evergreen trees and shrubs. They are characterized by alternate simple leaves with pinnate venation, unisexual flowers in the form of catkins, and fruit in the form of cup-like ( cupule ) nuts. Their leaves are often lobed, and both petioles and stipules are generally present. Their fruits lack endosperm and lie in a scaly or spiny husk that may or may not enclose the entire nut, which may consist of one to seven seeds. In the oaks, genus Quercus, the fruit is a non-valved nut (usually containing one seed) called an acorn. The husk of the acorn in most oaks only forms a cup in which the nut sits. Other members of the family have fully enclosed nuts. Fagaceae is one of the most ecologically important woody plant families in the Northern Hemisphere, as oaks form the backbone of temperate forest in North America, Europe, and Asia, and are one of the most significant sources of wildlife food."}
{"name":"Fagales","link":"https:\/\/en.wikipedia.org\/wiki\/Fagales","img_link":"https:\/\/upload.wikimedia.org\/wikipedia\/commons\/thumb\/b\/b1\/Buchenwald_1.jpg\/220px-Buchenwald_1.jpg","text":"The Fagales are an order of flowering plants in the rosid group of dicotyledons, including some of the best-known trees. Well-known members of Fagales include: beeches, chestnuts, oaks, walnut, pecan, hickory, birches, alders, hazels, hornbeams, she-oaks, and southern beeches. The order name is derived from genus Fagus (beeches)."}
{"name":"Fagus","link":"https:\/\/en.wikipedia.org\/wiki\/Fagus","img_link":"https:\/\/upload.wikimedia.org\/wikipedia\/commons\/thumb\/b\/ba\/Fagus_sylvatica_Purpurea_JPG4a.jpg\/220px-Fagus_sylvatica_Purpurea_JPG4a.jpg","text":"Beech ( Fagus ) is a genus of deciduous trees in the family Fagaceae, native to subtropical (accessory forest element) and temperate (as dominant element of mesophytic forests) Eurasia and North America. There are 14 accepted species in two distinct subgenera, Englerianae Denk & G.W.Grimm and Fagus. The subgenus Englerianae is found only in East Asia, distinctive for its low branches, often made up of several major trunks with yellowish bark. The better known species of subgenus Fagus are native to Europe, western and eastern Asia and eastern North America. They are high-branching trees with tall, stout trunks and smooth silver-grey bark."}
{"name":"Gevuina","link":"https:\/\/en.wikipedia.org\/wiki\/Gevuina","img_link":"https:\/\/upload.wikimedia.org\/wikipedia\/commons\/thumb\/d\/d9\/Gevuina_avellana_2.jpg\/220px-Gevuina_avellana_2.jpg","text":"Gevuina avellana, commonly known as the Chilean hazelnut ( avellano chileno in Spanish ) or Gevuina hazelnut, is an evergreen tree growing up to 20 meters (65 feet) tall. It is the only species currently classified in the genus Gevuina. It is native to southern Chile and adjacent valleys in Argentina. It is found from sea level to 700 meters (2,300 feet) above sea level. Its distribution extends from 35\u00b0 to 44\u00b0 south latitude. The composite leaves are bright green and toothed, and the tree is in flower between July and November. The flowers are very small and beige to whitish, are bisexual and group two by two in long racemes. The fruit is a dark red nut when young and turns black. The peel is woody. It can grow up straight or branched from the soil, making up either a tree or a shrub."}
{"name":"Ginkgo","link":"https:\/\/en.wikipedia.org\/wiki\/Ginkgo","img_link":"https:\/\/upload.wikimedia.org\/wikipedia\/commons\/thumb\/7\/78\/GinkgoLeaves.jpg\/220px-GinkgoLeaves.jpg","text":"Ginkgo is a genus of non-flowering seed plants, assigned to the gymnosperms. The scientific name is also used as the English common name. The order to which the genus belongs, Ginkgoales, first appeared in the Permian, 270 million years ago, and Ginkgo is now the only living genus within the order. The rate of evolution within the genus has been slow, and almost all its species had become extinct by the end of the Pliocene. The sole surviving species, Ginkgo biloba, is found in the wild only in China, but is cultivated around the world. The relationships between ginkgos and other groups of plants are not fully resolved."}
{"name":"Ginkgoaceae","link":"https:\/\/en.wikipedia.org\/wiki\/Ginkgoaceae","img_link":"https:\/\/upload.wikimedia.org\/wikipedia\/commons\/thumb\/5\/5b\/Gingko_fossile-jurassique_0.png\/220px-Gingko_fossile-jurassique_0.png","text":"The Ginkgoaceae is a family of gymnosperms which appeared during the Mesozoic Era, of which the only extant representative is Ginkgo biloba, which is for this reason sometimes regarded as a living fossil. Formerly, however, there were several other genera, and forests of ginkgo existed. Because leaves can take such diverse forms within a single species, these are a poor measure of diversity, although differing structures of wood point to the existence of diverse ginkgo forests in ancient times."}
{"name":"Ginkgoales","link":"https:\/\/en.wikipedia.org\/wiki\/Ginkgoales","img_link":"https:\/\/upload.wikimedia.org\/wikipedia\/commons\/thumb\/d\/d3\/Fossil_Ginkgoales.jpg\/220px-Fossil_Ginkgoales.jpg","text":"Ginkgoales are a gymnosperm order containing only one extant species: Ginkgo biloba, the ginkgo tree. The order has a long fossil record extending back to the Early Permian around 300 million years ago from fossils found worldwide. The order was a common component of Permian and Triassic flora before the super dominance of conifers."}
{"name":"Glycine","link":"https:\/\/en.wikipedia.org\/wiki\/Glycine","img_link":"\/static\/images\/icons\/wikipedia.png","text":"Glycine (symbol Gly or G; \/ \u02c8 \u0261 l a\u026a s i\u02d0 n \/ ) is an amino acid that has a single hydrogen atom as its side chain. It is the simplest stable amino acid ( carbamic acid is unstable). Glycine is one of the proteinogenic amino acids. It is encoded by all the codons starting with GG (GGU, GGC, GGA, GGG). Glycine is integral to the formation of alpha-helices in secondary protein structure due to the \"flexibility\" caused by such a small R group. Glycine is also an inhibitory neurotransmitter \u2013 interference with its release within the spinal cord (such as during a Clostridium tetani infection) can cause spastic paralysis due to uninhibited muscle contraction."}
{"name":"Hicksbeachia","link":"https:\/\/en.wikipedia.org\/wiki\/Hicksbeachia","img_link":"https:\/\/upload.wikimedia.org\/wikipedia\/commons\/thumb\/c\/cf\/Hicksbeachia_pinnatifolia_cultivated_tree.JPG\/220px-Hicksbeachia_pinnatifolia_cultivated_tree.JPG","text":"Hicksbeachia is a genus of two species of trees in the family Proteaceae. They are native to rainforests of northern New South Wales and southeastern Queensland, Australia. They are commonly known as red bopple nut or beef nut due to the bright red colour of their fruits."}
{"name":"Irvingia","link":"https:\/\/en.wikipedia.org\/wiki\/Irvingia","img_link":"https:\/\/upload.wikimedia.org\/wikipedia\/commons\/thumb\/4\/46\/Ogbono_%28Irvingia_gabonensis%29.jpg\/220px-Ogbono_%28Irvingia_gabonensis%29.jpg","text":"Irvingia is a genus of African and Southeast Asian trees in the family Irvingiaceae, sometimes known by the common names wild mango, African mango, bush mango, dika, mbukpap uyo or ogbono."}
{"name":"Irvingiaceae","link":"https:\/\/en.wikipedia.org\/wiki\/Irvingiaceae","img_link":"https:\/\/upload.wikimedia.org\/wikipedia\/commons\/thumb\/e\/e3\/Irvingia_malayana.JPG\/220px-Irvingia_malayana.JPG","text":"Irvingiaceae is a small family of flowering plants, consisting of about 13 species; it was erected by Exell and Mendon\u00e7a in 1951."}
{"name":"Juglandaceae","link":"https:\/\/en.wikipedia.org\/wiki\/Juglandaceae","img_link":"https:\/\/upload.wikimedia.org\/wikipedia\/commons\/thumb\/9\/9d\/Juglans_regia_Broadview.jpg\/220px-Juglans_regia_Broadview.jpg","text":"The Juglandaceae are a plant family known as the walnut family. They are trees, or sometimes shrubs, in the order Fagales. Members of this family are native to the Americas, Eurasia, and Southeast Asia."}
{"name":"Juglans","link":"https:\/\/en.wikipedia.org\/wiki\/Juglans","img_link":"https:\/\/upload.wikimedia.org\/wikipedia\/commons\/thumb\/1\/19\/Juglans_major_Morton.jpg\/220px-Juglans_major_Morton.jpg","text":"Walnut trees are any species of tree in the plant genus Juglans, the type genus of the family Juglandaceae, the seeds of which are referred to as walnuts. All species are deciduous trees, 10\u201340 metres (33\u2013131\u00a0ft) tall, with pinnate leaves 200\u2013900 millimetres (7.9\u201335.4\u00a0in), with 5\u201325 leaflets; the shoots have chambered pith, a character shared with the wingnuts ( Pterocarya ), but not the hickories ( Carya ) in the same family."}
{"name":"Lauraceae","link":"https:\/\/en.wikipedia.org\/wiki\/Lauraceae","img_link":"https:\/\/upload.wikimedia.org\/wikipedia\/commons\/thumb\/1\/15\/Lauraceae_sp_Blanco2.360.png\/220px-Lauraceae_sp_Blanco2.360.png","text":"Lauraceae, or the laurels, is a plant family that includes the true laurel and its closest relatives. This family comprises about 2850 known species in about 45 genera worldwide. They are dicotyledons, and occur mainly in warm temperate and tropical regions, especially Southeast Asia and South America. Many are aromatic evergreen trees or shrubs, but some, such as Sassafras, are deciduous, or include both deciduous and evergreen trees and shrubs, especially in tropical and temperate climates. The genus Cassytha is unique in the Lauraceae in that its members are parasitic vines. Most laurels are highly poisonous."}
{"name":"Laurales","link":"https:\/\/en.wikipedia.org\/wiki\/Laurales","img_link":"https:\/\/upload.wikimedia.org\/wikipedia\/commons\/thumb\/f\/fe\/Laurus_nobilis_MHNT_Fleurs.jpg\/220px-Laurus_nobilis_MHNT_Fleurs.jpg","text":"The Laurales are an order of flowering plants. They are magnoliids, related to the Magnoliales."}
{"name":"Lecythidaceae","link":"https:\/\/en.wikipedia.org\/wiki\/Lecythidaceae","img_link":"https:\/\/upload.wikimedia.org\/wikipedia\/commons\/thumb\/0\/05\/Barringtonia_asiatica_%28flower%29.jpg\/220px-Barringtonia_asiatica_%28flower%29.jpg","text":"The Lecythidaceae ( \/ \u02cc l \u025b s \u026a \u03b8 \u026a \u02c8 d e\u026a \u0283 i\u02d0 \/ LESS -ith-ih- DAY -shee ) comprise a family of about 20 genera and 250\u2013300 species of woody plants native to tropical South America, Africa (including Madagascar ), Asia and Australia."}
{"name":"Lecythis","link":"https:\/\/en.wikipedia.org\/wiki\/Lecythis","img_link":"https:\/\/upload.wikimedia.org\/wikipedia\/commons\/thumb\/f\/f5\/Lecythis_fruit_compose.jpg\/220px-Lecythis_fruit_compose.jpg","text":"Lecythis ( \/ \u02c8 l \u025b s \u026a \u03b8 \u026a s \/ LESS -ith-iss ) is a genus of woody plant in the Lecythidaceae family first described as a genus in 1758. It is native to Central America and South America. Several species produce edible seeds and referred to by a variety of common names including paradise nut, monkey pot, cream nut, and sapucaia nut."}
{"name":"Macadamia","link":"https:\/\/en.wikipedia.org\/wiki\/Macadamia","img_link":"https:\/\/upload.wikimedia.org\/wikipedia\/commons\/thumb\/9\/96\/Macadamia_nuts_on_tree.JPG\/220px-Macadamia_nuts_on_tree.JPG","text":"Macadamia is a genus of four species of trees in the flowering plant family Proteaceae. They are indigenous to Australia, native to northeastern New South Wales and central and southeastern Queensland specifically. Two species of the genus are commercially important for their fruit, the macadamia nut \/ \u02cc m \u00e6 k \u0259 \u02c8 d e\u026a m i \u0259 \/ (or simply macadamia ). Global production in 2015 was 160,000 tonnes (180,000 short tons). Other names include Queensland nut, bush nut, maroochi nut, bauple nut and, in the US, they are also known as Hawaii nut. It was an important source of bushfood for the Aboriginal peoples."}
{"name":"Macrozamia","link":"https:\/\/en.wikipedia.org\/wiki\/Macrozamia","img_link":"https:\/\/upload.wikimedia.org\/wikipedia\/commons\/thumb\/7\/7d\/Burrawang1.JPG\/220px-Burrawang1.JPG","text":"Macrozamia is a genus of around forty cycad species endemic to Australia. Many parts of the plant have been utilised for food and material, most of which is toxic if not processed correctly."}
{"name":"Malpighiales","link":"https:\/\/en.wikipedia.org\/wiki\/Malpighiales","img_link":"https:\/\/upload.wikimedia.org\/wikipedia\/commons\/thumb\/5\/5c\/Starr_010309-0546_Calophyllum_inophyllum.jpg\/220px-Starr_010309-0546_Calophyllum_inophyllum.jpg","text":"The Malpighiales comprise one of the largest orders of flowering plants. The order is very diverse, with well-known members including willows, violets, aspens and poplars, poinsettia, corpse flower, coca plant, cassava, flaxseed, castor bean, Saint John's wort, passionfruit, mangosteen, and manchineel tree."}
{"name":"Malvaceae","link":"https:\/\/en.wikipedia.org\/wiki\/Malvaceae","img_link":"https:\/\/upload.wikimedia.org\/wikipedia\/commons\/thumb\/6\/6e\/Malva_parviflora_small.jpg\/220px-Malva_parviflora_small.jpg","text":"Malvaceae ( \/ m \u00e6 l \u02c8 v e\u026a s i \u02cc a\u026a, - s i\u02d0 \u02cc i\u02d0 \/ ), or the mallows, is a family of flowering plants estimated to contain 244 genera with 4225 known species. Well-known members of economic importance include okra, cotton, cacao, roselle and durian. There are also some genera containing familiar ornamentals, such as Alcea (hollyhock), Malva (mallow), and Tilia (lime or linden tree). The genera with the largest numbers of species include Hibiscus (434 species), Pavonia (291 species), Sida (275 species), Ayenia (216 species), Dombeya (197 species), and Sterculia (181 species)."}
{"name":"Malvales","link":"https:\/\/en.wikipedia.org\/wiki\/Malvales","img_link":"https:\/\/upload.wikimedia.org\/wikipedia\/commons\/thumb\/9\/96\/Alcea_setosa.jpg\/220px-Alcea_setosa.jpg","text":"The Malvales are an order of flowering plants. As circumscribed by APG II -system, the order includes about 6000 species within nine families. The order is placed in the eurosids II, which are part of the eudicots."}
{"name":"Moraceae","link":"https:\/\/en.wikipedia.org\/wiki\/Moraceae","img_link":"https:\/\/upload.wikimedia.org\/wikipedia\/commons\/thumb\/5\/5a\/Castilla_elastica_-_K%C3%B6hler%E2%80%93s_Medizinal-Pflanzen-174.jpg\/220px-Castilla_elastica_-_K%C3%B6hler%E2%80%93s_Medizinal-Pflanzen-174.jpg","text":"The Moraceae \u2014often called the mulberry family or fig family \u2014are a family of flowering plants comprising about 38 genera and over 1100 species. Most are widespread in tropical and subtropical regions, less so in temperate climates; however, their distribution is cosmopolitan overall. The only synapomorphy within the Moraceae is presence of laticifers and milky sap in all parenchymatous tissues, but generally useful field characters include two carpels sometimes with one reduced, compound inconspicuous flowers, and compound fruits. The family includes well-known plants such as the fig, banyan, breadfruit, jackfruit, mulberry, and Osage orange. The 'flowers' of Moraceae are often pseudanthia (reduced inflorescences )."}
{"name":"Olacaceae","link":"https:\/\/en.wikipedia.org\/wiki\/Olacaceae","img_link":"https:\/\/upload.wikimedia.org\/wikipedia\/commons\/thumb\/7\/72\/Olax_imbricata_Blanco2.311.png\/220px-Olax_imbricata_Blanco2.311.png","text":"Olacaceae is a family of flowering plants in the order Santalales. They are woody plants, native throughout the tropical regions of the world. As of July\u00a02021, the circumscription of the family varies; some sources maintain a broad family, others split it into seven segregate families."}
{"name":"Oxalidales","link":"https:\/\/en.wikipedia.org\/wiki\/Oxalidales","img_link":"https:\/\/upload.wikimedia.org\/wikipedia\/commons\/thumb\/5\/54\/Ceratopetalum_apetalum.jpg\/220px-Ceratopetalum_apetalum.jpg","text":"Oxalidales is an order of flowering plants, included within the rosid subgroup of eudicots. This group comprises six families that contain approximately 2000 species in 58 genera. They are trees, shrubs or woody vines which are found in the wet tropics, particularly on mountains, and warm temperate zones, especially in the southern hemisphere. Compound leaves are common in Oxalidales and the majority of the species in this order have five or six sepals and petals. The following families are typically placed here:"}
{"name":"Pachira","link":"https:\/\/en.wikipedia.org\/wiki\/Pachira","img_link":"https:\/\/upload.wikimedia.org\/wikipedia\/commons\/thumb\/3\/3a\/Pachira_aquatica_%28inflorescense%29.jpg\/220px-Pachira_aquatica_%28inflorescense%29.jpg","text":"Pachira is a genus of tropical trees distributed in Central and South America. They are classified in the subfamily Bombacoideae of the family Malvaceae. Previously the genus was assigned to Bombacaceae. Prior to that the genus was found in the (now obsolete) Sterculiaceae."}
{"name":"Pandanaceae","link":"https:\/\/en.wikipedia.org\/wiki\/Pandanaceae","img_link":"https:\/\/upload.wikimedia.org\/wikipedia\/commons\/thumb\/3\/36\/Pandanus_tectorius_%285187732979%29.jpg\/220px-Pandanus_tectorius_%285187732979%29.jpg","text":"Pandanaceae is a family of flowering plants native to the tropics and subtropics of the Old World, from West Africa to the Pacific. It contains 982 known species in five genera, of which the type genus, Pandanus, is the most important, with species like Pandanus amaryllifolius and karuka ( Pandanus julianettii ) being important sources of food. The family likely originated during the Late Cretaceous."}
{"name":"Pandanales","link":"https:\/\/en.wikipedia.org\/wiki\/Pandanales","img_link":"https:\/\/upload.wikimedia.org\/wikipedia\/commons\/thumb\/7\/76\/Starr_030807-0128_Carludovica_palmata.jpg\/220px-Starr_030807-0128_Carludovica_palmata.jpg","text":"Pandanales, the pandans or screw-pines, is an order of flowering plants placed in the monocot clade in the Angiosperm Phylogeny Group and Angiosperm Phylogeny Web systems. Within the monocots Pandanales are grouped in the lilioid monocots where they are in a sister group relationship with the Dioscoreales. Historically the order has consisted of a number of different families in different systems but modern classification of the order is based primarily on molecular phylogenetics despite diverse morphology which previously placed many of the families in other groupings based on apparent similarity. Members of the order have a subtropical distribution and includes trees, shrubs, and vines as well as herbaceous plants. The order consists of 5 families, 36 genera and about 1,610 species."}
{"name":"Pandanus","link":"https:\/\/en.wikipedia.org\/wiki\/Pandanus","img_link":"https:\/\/upload.wikimedia.org\/wikipedia\/commons\/thumb\/6\/69\/Pandanus_utilis_fruit.JPG\/220px-Pandanus_utilis_fruit.JPG","text":"Pandanus is a genus of monocots with about 578 accepted species. They are palm-like, dioecious trees and shrubs native to the Old World tropics and subtropics. Common names include pandan, screw palm and screw pine. They are classified in the order Pandanales, family Pandanaceae."}
{"name":"Pinaceae","link":"https:\/\/en.wikipedia.org\/wiki\/Pinaceae","img_link":"https:\/\/upload.wikimedia.org\/wikipedia\/commons\/thumb\/4\/4e\/Glacier-Lyman-Tamarack.jpg\/220px-Glacier-Lyman-Tamarack.jpg","text":"The Pinaceae ( \/ p \u026a \u02c8 n e\u026a s i\u02d0 \u02cc i\u02d0, - s i \u02cc a\u026a \/ ), or pine family, are conifer trees or shrubs, including many of the well-known conifers of commercial importance such as cedars, firs, hemlocks, pi\u00f1ons, larches, pines and spruces. The family is included in the order Pinales, formerly known as Coniferales. Pinaceae have distinctive cones with woody scales bearing typically two ovules, and are supported as monophyletic by both morphological trait and genetic analysis. They are the largest extant conifer family in species diversity, with between 220 and 250 species (depending on taxonomic opinion) in 11 genera, and the second-largest (after Cupressaceae ) in geographical range, found in most of the Northern Hemisphere, with the majority of the species in temperate climates, but ranging from subarctic to tropical. The family often forms the dominant component of boreal, coastal, and montane forests. One species, Pinus merkusii, grows just south of the equator in Southeast Asia. Major centres of diversity are found in the mountains of southwest China, Mexico, central Japan, and California."}
{"name":"Pinophytina","link":"https:\/\/en.wikipedia.org\/wiki\/Pinophytina","img_link":"\/static\/images\/icons\/wikipedia.png","text":"No description available"}
{"name":"Pinus","link":"https:\/\/en.wikipedia.org\/wiki\/Pinus","img_link":"https:\/\/upload.wikimedia.org\/wikipedia\/commons\/thumb\/e\/ec\/Pinus_densiflora_Kumgangsan.jpg\/220px-Pinus_densiflora_Kumgangsan.jpg","text":"A pine is any conifer tree or shrub in the genus Pinus ( \/ \u02c8 p a\u026a n \u0259 s \/ ) of the family Pinaceae. Pinus is the sole genus in the subfamily Pinoideae."}
{"name":"Pistacia","link":"https:\/\/en.wikipedia.org\/wiki\/Pistacia","img_link":"https:\/\/upload.wikimedia.org\/wikipedia\/commons\/thumb\/5\/56\/Pistacia_lentiscus_%28male_flowers%29.jpg\/220px-Pistacia_lentiscus_%28male_flowers%29.jpg","text":"Pistacia is a genus of flowering plants in the cashew family, Anacardiaceae. It contains 10 to 20 species that are native to Africa and Eurasia from the Canary Islands, all of Africa, and southern Europe, warm and semidesert areas across Asia, and North America from Guatemala to Mexico, as well as southern Texas."}
{"name":"Plantae","link":"https:\/\/en.wikipedia.org\/wiki\/Plantae","img_link":"https:\/\/upload.wikimedia.org\/wikipedia\/commons\/thumb\/5\/57\/Fr%C3%BChling_bl%C3%BChender_Kirschenbaum.jpg\/127px-Fr%C3%BChling_bl%C3%BChender_Kirschenbaum.jpg","text":"No description available"}
{"name":"Plukenetia","link":"https:\/\/en.wikipedia.org\/wiki\/Plukenetia","img_link":"https:\/\/upload.wikimedia.org\/wikipedia\/commons\/thumb\/9\/92\/Plukenetia_volubilis_fruits.JPG\/220px-Plukenetia_volubilis_fruits.JPG","text":"Plukenetia is a genus of plant of the family Euphorbiaceae. It is widespread in tropical regions of Africa, the Indian Subcontinent, Southeast Asia, and the Americas."}
{"name":"Poales","link":"https:\/\/en.wikipedia.org\/wiki\/Poales","img_link":"https:\/\/upload.wikimedia.org\/wikipedia\/commons\/thumb\/4\/42\/Zbo%C5%BCe.jpg\/220px-Zbo%C5%BCe.jpg","text":"The Poales are a large order of flowering plants in the monocotyledons, and includes families of plants such as the grasses, bromeliads, rushes and sedges. Sixteen plant families are currently recognized by botanists to be part of Poales."}
{"name":"Proteaceae","link":"https:\/\/en.wikipedia.org\/wiki\/Proteaceae","img_link":"https:\/\/upload.wikimedia.org\/wikipedia\/commons\/thumb\/3\/3d\/Protea_cynaroides_3.jpg\/220px-Protea_cynaroides_3.jpg","text":"The Proteaceae \/ \u02cc p r o\u028a t i \u02c8 e\u026a s i\u02d0 \/ form a family of flowering plants predominantly distributed in the Southern Hemisphere. The family comprises 83 genera with about 1,660 known species. Australia and South Africa have the greatest concentrations of diversity. Together with the Platanaceae (plane trees), Nelumbonaceae (the sacred lotus) and in the recent APG IV system the Sabiaceae, they make up the order Proteales. Well-known Proteaceae genera include Protea, Banksia, Embothrium, Grevillea, Hakea, and Macadamia. Species such as the New South Wales waratah ( Telopea speciosissima ), king protea ( Protea cynaroides ), and various species of Banksia, Grevillea, and Leucadendron are popular cut flowers. The nuts of Macadamia integrifolia are widely grown commercially and consumed, as are those of Gevuina avellana on a smaller scale."}
{"name":"Proteales","link":"https:\/\/en.wikipedia.org\/wiki\/Proteales","img_link":"https:\/\/upload.wikimedia.org\/wikipedia\/commons\/thumb\/3\/3d\/Protea_cynaroides_3.jpg\/220px-Protea_cynaroides_3.jpg","text":"Proteales is an order of flowering plants consisting of three (or four) families. The Proteales have been recognized by almost all taxonomists."}
{"name":"Prunus","link":"https:\/\/en.wikipedia.org\/wiki\/Prunus","img_link":"https:\/\/upload.wikimedia.org\/wikipedia\/commons\/thumb\/5\/57\/Fr%C3%BChling_bl%C3%BChender_Kirschenbaum.jpg\/220px-Fr%C3%BChling_bl%C3%BChender_Kirschenbaum.jpg","text":"Prunus is a genus of flowering trees and shrubs from the family Rosaceae, which includes plums, cherries, peaches, nectarines, apricots and almonds (collectively stonefruit ). The genus has a cosmopolitan distribution, being native to the temperate regions of North America, the neotropics of South America, and temperate and tropical regions of Eurasia and Africa, There are about 340 accepted species as of March\u00a02024."}
{"name":"Ricinodendron","link":"https:\/\/en.wikipedia.org\/wiki\/Ricinodendron","img_link":"https:\/\/upload.wikimedia.org\/wikipedia\/commons\/thumb\/a\/a7\/Ricinodendron_heudelotii_trunk.jpg\/220px-Ricinodendron_heudelotii_trunk.jpg","text":"Ricinodendron is a plant genus in the family Euphorbiaceae first described as a genus in 1864. It includes only one known species, Ricinodendron heudelotii, native to tropical Africa from Senegal + Liberia east to Sudan and Tanzania and south to Mozambique and Angola. It produces an economically important oilseed. The tree is known as munguella ( Angola ), njangsa ( Cameroon ), bofeko ( Democratic Republic of Congo ), wama ( Ghana ), okhuen ( Nigeria ), kishongo ( Uganda ), akpi ( Ivory Coast ), djansang, \u1ecdr\u00f9nm\u1ecdd\u00f2 ( Yorubaland ), essang, ezezang and njasang. Two varieties of the tree species are recognized R. heudelotii var. heudelotii in Ghana and R. heudelotii var. africanum in Nigeria and westwards."}
{"name":"Rosaceae","link":"https:\/\/en.wikipedia.org\/wiki\/Rosaceae","img_link":"https:\/\/upload.wikimedia.org\/wikipedia\/commons\/thumb\/9\/9b\/Rosa_pouzinii_FlowerCloseup_SierraMadrona.jpg\/220px-Rosa_pouzinii_FlowerCloseup_SierraMadrona.jpg","text":"Rosaceae ( \/ r o\u028a \u02c8 z e\u026a s i\u02d0. i\u02d0, - s i. a\u026a, - s i. e\u026a \/ ), the rose family, is a family of flowering plants that includes 4,828 known species in 91 genera."}
{"name":"Rosales","link":"https:\/\/en.wikipedia.org\/wiki\/Rosales","img_link":"https:\/\/upload.wikimedia.org\/wikipedia\/commons\/thumb\/6\/61\/Illustration_Rosa_majalis0.jpg\/220px-Illustration_Rosa_majalis0.jpg","text":"Rosales ( \/ r o\u028a \u02c8 z e\u026a l i\u02d0 z \/, roh- ZAY -leez ) are an order of flowering plants. Well-known members of Rosales include: roses, strawberries, blackberries and raspberries, apples and pears, plums, peaches and apricots, almonds, rowan and hawthorn, jujube, elms, banyans, figs, mulberries, breadfruit, nettles, hops, and cannabis."}
{"name":"Santalales","link":"https:\/\/en.wikipedia.org\/wiki\/Santalales","img_link":"https:\/\/upload.wikimedia.org\/wikipedia\/commons\/thumb\/8\/81\/Starr_041006-0222_Santalum_haleakalae.jpg\/220px-Starr_041006-0222_Santalum_haleakalae.jpg","text":"The Santalales are an order of flowering plants in the dicotyledons. Well-known members of the Santalales include sandalwoods and the many species of mistletoes. The order has a cosmopolitan distribution, but is heavily concentrated in tropical and subtropical regions. It derives its name from its type genus, Santalum (sandalwood)."}
{"name":"Sapindales","link":"https:\/\/en.wikipedia.org\/wiki\/Sapindales","img_link":"https:\/\/upload.wikimedia.org\/wikipedia\/commons\/thumb\/a\/a7\/Acer-negundo-total.JPG\/220px-Acer-negundo-total.JPG","text":"Sapindales \/ s \u00e6 p \u026a n \u02c8 d e\u026a l i\u02d0 z \/ is an order of flowering plants. Well-known members of Sapindales include citrus; maples, horse-chestnuts, lychees and rambutans; mangos and cashews; frankincense and myrrh; mahogany and neem."}
{"name":"Semecarpus","link":"https:\/\/en.wikipedia.org\/wiki\/Semecarpus","img_link":"https:\/\/upload.wikimedia.org\/wikipedia\/commons\/thumb\/a\/a9\/Semecarpus_anacardium.jpg\/220px-Semecarpus_anacardium.jpg","text":"Semecarpus is a genus of plants in the family Anacardiaceae. It includes 87 species native to the Indian subcontinent, Indochina, Malesia, Taiwan, Papuasia, Queensland, and the South Pacific."}
{"name":"Spermatophyta","link":"https:\/\/en.wikipedia.org\/wiki\/Spermatophyta","img_link":"https:\/\/upload.wikimedia.org\/wikipedia\/commons\/thumb\/b\/bc\/PinusSylvestris.jpg\/110px-PinusSylvestris.jpg","text":"A seed plant or spermatophyte ( lit. ' seed plant '; from Ancient Greek \u03c3\u03c0\u03ad\u03c1\u03bc\u03b1\u03c4\u03bf\u03c2 ( sp\u00e9rmatos ) 'seed' and \u03c6\u03c5\u03c4\u03cc\u03bd (phyt\u00f3n) 'plant'), also known as a phanerogam (taxon Phanerogamae ) or a phaenogam (taxon Phaenogamae ), is any plant that produces seeds. It is a category of embryophyte (i.e. land plant) that includes most of the familiar land plants, including the flowering plants and the gymnosperms, but not ferns, mosses, or algae."}
{"name":"Sterculia","link":"https:\/\/en.wikipedia.org\/wiki\/Sterculia","img_link":"https:\/\/upload.wikimedia.org\/wikipedia\/commons\/thumb\/e\/e1\/Sterculia-foetida-feuilles.jpg\/220px-Sterculia-foetida-feuilles.jpg","text":"Sterculia is a genus of flowering plants in the mallow family, Malvaceae: subfamily Sterculioideae (previously placed in the now obsolete Sterculiaceae ). Members of the genus are colloquially known as tropical chestnuts. Sterculia may be monoecious or dioecious, and its flowers unisexual or bisexual."}
{"name":"Streptophyta","link":"https:\/\/en.wikipedia.org\/wiki\/Streptophyta","img_link":"https:\/\/upload.wikimedia.org\/wikipedia\/commons\/thumb\/5\/5d\/Streptophyta-x4.jpg\/220px-Streptophyta-x4.jpg","text":"Streptophyta ( \/ s t r \u025b p \u02c8 t \u0252 f \u026a t \u0259, \u02c8 s t r \u025b p t o\u028a f a\u026a t \u0259 \/ ), informally the streptophytes ( \/ \u02c8 s t r \u025b p t \u0259 f a\u026a t s \/, from the Greek strepto 'twisted', for the morphology of the sperm of some members), is a clade of plants. The composition of the clade varies considerably between authors, but the definition employed here includes land plants and all green algae except the Chlorophyta and the more basal Prasinodermophyta."}
{"name":"Tracheophyta","link":"https:\/\/en.wikipedia.org\/wiki\/Tracheophyta","img_link":"https:\/\/upload.wikimedia.org\/wikipedia\/commons\/thumb\/8\/8f\/Athyrium_filix-femina_RF.jpg\/220px-Athyrium_filix-femina_RF.jpg","text":"Vascular plants (from Latin vasculum 'duct'), also called tracheophytes ( UK: \/ \u02c8 t r \u00e6 k i\u02d0 \u0259 \u02cc f a\u026a t s \/, US: \/ \u02c8 t r e\u026a k i\u02d0 \u0259 \u02cc f a\u026a t s \/ ) or collectively tracheophyta ( \/ \u02cc t r e\u026a k i\u02d0 \u02c8 \u0252 f \u026a t \u0259 \/; from Ancient Greek \u03c4\u03c1\u03b1\u03c7\u03b5\u1fd6\u03b1 \u1f00\u03c1\u03c4\u03b7\u03c1\u03af\u03b1 ( trakhe\u00eea art\u0113r\u00eda ) 'windpipe' and \u03c6\u03c5\u03c4\u03ac ( phut\u00e1 ) 'plants'), are plants that have lignified tissues (the xylem ) for conducting water and minerals throughout the plant. They also have a specialized non-lignified tissue (the phloem ) to conduct products of photosynthesis. The group includes most land plants ( c. 300,000 accepted known species) other than mosses."}
{"name":"Zamiaceae","link":"https:\/\/en.wikipedia.org\/wiki\/Zamiaceae","img_link":"https:\/\/upload.wikimedia.org\/wikipedia\/commons\/thumb\/1\/1f\/Encephalartos_lebomboensis_-_Lebombo_cycad_-_desc-fruiting_stalk.jpg\/220px-Encephalartos_lebomboensis_-_Lebombo_cycad_-_desc-fruiting_stalk.jpg","text":"The Zamiaceae are a family of cycads that are superficially palm or fern-like. They are divided into two subfamilies with eight genera and about 150 species in the tropical and subtropical regions of Africa, Australia and North and South America."}
{"name":"palms","link":"https:\/\/en.wikipedia.org\/wiki\/palms","img_link":"\/static\/images\/icons\/wikipedia.png","text":"Palm most commonly refers to:"}
