{"species":"Ocimum basilicum","title":"Basil","link":"https:\/\/en.wikipedia.org\/wiki\/Basil","img_link":"","text":"","kingdom":"Plantae","infrakingdom":"","superdivision":"","division":"","subdivision":"","order":"Lamiales","family":"Lamiaceae","genus":"Ocimum"}
{"species":"Cinnamomum verum","title":"Cinnamon","link":"https:\/\/en.wikipedia.org\/wiki\/Cinnamon","img_link":"","text":"","kingdom":"Plantae","infrakingdom":"","superdivision":"","division":"","subdivision":"","order":"Laurales","family":"Lauraceae","genus":"Cinnamomum"}
