{"name":"Agavaceae","link":"https:\/\/en.wikipedia.org\/wiki\/Agavaceae","img_link":"https:\/\/upload.wikimedia.org\/wikipedia\/commons\/thumb\/7\/7e\/Agave%2C_Victoria_Regina%2C_Huntington.jpg\/220px-Agave%2C_Victoria_Regina%2C_Huntington.jpg","text":"Agavoideae is a subfamily of monocot flowering plants in the family Asparagaceae, order Asparagales. It has previously been treated as a separate family, Agavaceae. The group includes many well-known desert and dry-zone types, such as the agaves and yuccas (including the Joshua tree ). About 640 species are placed in around 23 genera; they are widespread in the tropical, subtropical, and warm temperate regions of the world."}
{"name":"Alismataceae","link":"https:\/\/en.wikipedia.org\/wiki\/Alismataceae","img_link":"https:\/\/upload.wikimedia.org\/wikipedia\/commons\/thumb\/c\/c3\/Sagittaria_latifolia_%28flowers%29.jpg\/220px-Sagittaria_latifolia_%28flowers%29.jpg","text":"The water-plantains ( Alismataceae ) are a family of flowering plants, comprising 20 genera (17 extant and 3 fossil) and 119 species. The family has a cosmopolitan distribution, with the greatest number of species in temperate regions of the Northern Hemisphere. Most of the species are herbaceous aquatic plants growing in marshes and ponds."}
{"name":"Alismatales","link":"https:\/\/en.wikipedia.org\/wiki\/Alismatales","img_link":"https:\/\/upload.wikimedia.org\/wikipedia\/commons\/thumb\/6\/61\/AlismaPlant1.jpg\/220px-AlismaPlant1.jpg","text":"The Alismatales ( alismatids ) are an order of flowering plants including about 4,500 species. Plants assigned to this order are mostly tropical or aquatic. Some grow in fresh water, some in marine habitats. Perhaps the most important food crop in the order is the taro plant, Colocasia esculenta."}
{"name":"Alliaceae","link":"https:\/\/en.wikipedia.org\/wiki\/Alliaceae","img_link":"https:\/\/upload.wikimedia.org\/wikipedia\/commons\/thumb\/1\/14\/Ramsons_700.jpg\/220px-Ramsons_700.jpg","text":"Allioideae is a subfamily of monocot flowering plants in the family Amaryllidaceae, order Asparagales. It was formerly treated as a separate family, Alliaceae. The subfamily name is derived from the generic name of the type genus, Allium. It is composed of about 18 genera."}
{"name":"Allium","link":"https:\/\/en.wikipedia.org\/wiki\/Allium","img_link":"https:\/\/upload.wikimedia.org\/wikipedia\/commons\/thumb\/3\/39\/Allium_sativum_Woodwill_1793.jpg\/220px-Allium_sativum_Woodwill_1793.jpg","text":"Allium is a large genus of monocotyledonous flowering plants with around 1000 accepted species, making Allium the largest genus in the family Amaryllidaceae and amongst the largest plant genera in the world. Many of the species are edible, and some have a long history of cultivation and human consumption as a vegetable including the onion, garlic, scallions, shallots, leeks, and chives, with onions being the second most grown vegetable globally after tomatoes as of 2023."}
{"name":"Alpinia","link":"https:\/\/en.wikipedia.org\/wiki\/Alpinia","img_link":"https:\/\/upload.wikimedia.org\/wikipedia\/commons\/thumb\/c\/ce\/Alpinia_zerumbet_3.jpg\/220px-Alpinia_zerumbet_3.jpg","text":"Alpinia is a genus of flowering plants in the ginger family, Zingiberaceae. Species are native to Asia, Australia, and the Pacific Islands, where they occur in tropical and subtropical climates. Several species are cultivated as ornamental plants."}
{"name":"Amorphophallus","link":"https:\/\/en.wikipedia.org\/wiki\/Amorphophallus","img_link":"https:\/\/upload.wikimedia.org\/wikipedia\/commons\/thumb\/c\/c0\/Titan-arum1web.jpg\/220px-Titan-arum1web.jpg","text":"Amorphophallus (from Ancient Greek amorphos, \"without form, misshapen\" + phallos, \" penis \", referring to the shape of the prominent spadix ) is a large genus of some 200 tropical and subtropical tuberous herbaceous plants from the Arum family ( Araceae ), native to Asia, Africa, Australia and various oceanic islands. A few species are edible as \" famine foods \" after careful preparation to remove irritating chemicals. The genus includes the Titan arum ( A. titanum ) of Indonesia, which has the largest inflorescence of any plant in the genus, and is also known as the 'corpse flower' for the pungent odour it produces during its flowering period, which can take up to seven years of growth before it occurs."}
{"name":"Apiaceae","link":"https:\/\/en.wikipedia.org\/wiki\/Apiaceae","img_link":"https:\/\/upload.wikimedia.org\/wikipedia\/commons\/thumb\/5\/5b\/Umbelliferae-apium-daucus-foeniculum-eryngium-petroselinum.jpg\/220px-Umbelliferae-apium-daucus-foeniculum-eryngium-petroselinum.jpg","text":"Apiaceae ( \/ e\u026a p i\u02d0 \u02c8 e\u026a s i \u02cc a\u026a, - s i\u02d0 \u02cc i\u02d0 \/ ) or Umbelliferae is a family of mostly aromatic flowering plants named after the type genus Apium, and commonly known as the celery, carrot or parsley family, or simply as umbellifers. It is the 16th-largest family of flowering plants, with more than 3,800 species in about 446 genera, including such well-known, and economically important plants as ajwain, angelica, anise, asafoetida, caraway, carrot, celery, chervil, coriander, cumin, dill, fennel, lovage, cow parsley, parsley, parsnip and sea holly, as well as silphium, a plant whose exact identity is unclear and may be extinct."}
{"name":"Apiales","link":"https:\/\/en.wikipedia.org\/wiki\/Apiales","img_link":"https:\/\/upload.wikimedia.org\/wikipedia\/commons\/thumb\/e\/ef\/Umbella.jpg\/220px-Umbella.jpg","text":"The Apiales are an order of flowering plants, included in the asterid group of dicotyledons. Well-known members of Apiales include carrots, celery, coriander, parsley, parsnips, poison hemlock, ginseng, ivies, and pittosporums."}
{"name":"Apios","link":"https:\/\/en.wikipedia.org\/wiki\/Apios","img_link":"https:\/\/upload.wikimedia.org\/wikipedia\/commons\/thumb\/e\/ec\/Apios_americana_%283837866496%29.jpg\/220px-Apios_americana_%283837866496%29.jpg","text":"Apios is a genus of flowering plants in the family Fabaceae. It belongs to the subfamily Faboideae. It contains seven species of perennial climbing herbs or scandent shrubs. Several members of this genus are known to have edible, tuberous roots."}
{"name":"Apium","link":"https:\/\/en.wikipedia.org\/wiki\/Apium","img_link":"https:\/\/upload.wikimedia.org\/wikipedia\/commons\/thumb\/4\/48\/2023-06-22_Apium_graveolens_%28Wild_Celery%29%2C_Elswick%2C_Northumberland_1.jpg\/220px-2023-06-22_Apium_graveolens_%28Wild_Celery%29%2C_Elswick%2C_Northumberland_1.jpg","text":"Apium is a genus, as currently circumscribed by Plants of the World Online, of 12 species of flowering plants in the family Apiaceae, with an unusual highly disjunct distribution with one species in the temperate Northern Hemisphere in the Western Palaearctic ( Europe, western Asia, north Africa ), and the rest in the temperate Southern Hemisphere in southern Africa, southern South America, Australia, and New Zealand. They are prostrate to medium-tall annual, biennial or perennial herbs growing up to 1 m high in wet soil, often marshes and salt marshes, and have pinnate to bipinnate leaves and small white flowers in compound umbels. Some species are edible, notably Apium graveolens, which is the wild ancestor of the commercially important vegetables celery, celeriac and leaf celery."}
{"name":"Araceae","link":"https:\/\/en.wikipedia.org\/wiki\/Araceae","img_link":"https:\/\/upload.wikimedia.org\/wikipedia\/commons\/thumb\/b\/bd\/Spathiphyllum_cochlearispathum_RTBG.jpg\/220px-Spathiphyllum_cochlearispathum_RTBG.jpg","text":"The Araceae are a family of monocotyledonous flowering plants in which flowers are borne on a type of inflorescence called a spadix. The spadix is usually accompanied by, and sometimes partially enclosed in, a spathe (or leaf-like bract ). Also known as the arum family, members are often colloquially known as aroids. This family of 114 genera and about 3,750 known species is most diverse in the New World tropics, although also distributed in the Old World tropics and northern temperate regions."}
{"name":"Araliaceae","link":"https:\/\/en.wikipedia.org\/wiki\/Araliaceae","img_link":"https:\/\/upload.wikimedia.org\/wikipedia\/commons\/thumb\/2\/23\/Aralia_elata_en_fleur4081.jpg\/220px-Aralia_elata_en_fleur4081.jpg","text":"The Araliaceae are a family of flowering plants composed of about 43 genera and around 1500 species consisting of primarily woody plants and some herbaceous plants commonly called the ginseng family. The morphology of Araliaceae varies widely, but it is predominantly distinguishable based on its woody habit, tropical distribution, and the presence of simple umbels."}
{"name":"Arctium","link":"https:\/\/en.wikipedia.org\/wiki\/Arctium","img_link":"https:\/\/upload.wikimedia.org\/wikipedia\/commons\/thumb\/8\/80\/Villtakjas_2008.jpg\/220px-Villtakjas_2008.jpg","text":"Arctium is a genus of biennial plants commonly known as burdock, family Asteraceae. Native to Europe and Asia, several species have been widely introduced worldwide. Burdock's clinging properties, in addition to providing an excellent mechanism for seed dispersal, led to the invention of the hook and loop fastener."}
{"name":"Armoracia","link":"https:\/\/en.wikipedia.org\/wiki\/Armoracia","img_link":"https:\/\/upload.wikimedia.org\/wikipedia\/commons\/thumb\/b\/b6\/Armoracia_rusticana.jpg\/220px-Armoracia_rusticana.jpg","text":"Armoracia is a genus of flowering plants of the family Brassicaceae, native to the Palaearctic. Its best known member is horseradish, Armoracia rusticana, which is the type species."}
{"name":"Arracacia","link":"https:\/\/en.wikipedia.org\/wiki\/Arracacia","img_link":"https:\/\/upload.wikimedia.org\/wikipedia\/commons\/thumb\/0\/0e\/Arracacha.jpg\/180px-Arracacha.jpg","text":"Arracacia is a genus of flowering plant in the Apiaceae. It is native to the Americas, Mexico to Bolivia. The most important member of the genus economically is the arracacha, Arracacia xanthorrhiza."}
{"name":"Arthropodium","link":"https:\/\/en.wikipedia.org\/wiki\/Arthropodium","img_link":"https:\/\/upload.wikimedia.org\/wikipedia\/commons\/thumb\/b\/b2\/Arthropodium_cirrhatum.jpg\/220px-Arthropodium_cirrhatum.jpg","text":"Arthropodium is a genus of herbaceous perennial plants in the subfamily Lomandroideae of the family Asparagaceae. Members of this genus are native to Australia, New Zealand, New Caledonia, and Madagascar."}
{"name":"Asphodelaceae","link":"https:\/\/en.wikipedia.org\/wiki\/Asphodelaceae","img_link":"https:\/\/upload.wikimedia.org\/wikipedia\/commons\/thumb\/a\/ac\/Asphodelus_macrocarpus_%281%29.jpg\/220px-Asphodelus_macrocarpus_%281%29.jpg","text":"Asphodelaceae is a family of flowering plants in the order Asparagales. Such a family has been recognized by most taxonomists, but the circumscription has varied widely. In its current circumscription in the APG IV system, it includes about 40 genera and 900 known species. The type genus is Asphodelus."}
{"name":"Asteraceae","link":"https:\/\/en.wikipedia.org\/wiki\/Asteraceae","img_link":"https:\/\/upload.wikimedia.org\/wikipedia\/commons\/thumb\/c\/c1\/Asteracea_poster_3.jpg\/290px-Asteracea_poster_3.jpg","text":"Asteraceae ( \/ \u02cc \u00e6 s t \u0259 \u02c8 r e\u026a s i. i\u02d0, - \u02cc a\u026a \/ ) is a large family of flowering plants that consists of over 32,000 known species in over 1,900 genera within the order Asterales. The number of species in Asteraceae is rivaled only by the Orchidaceae, and which is the larger family is unclear as the quantity of extant species in each family is unknown. The Asteraceae were first described in the year 1740 and given the original name Compositae. The family is commonly known as the aster, daisy, composite, or sunflower family."}
{"name":"Asterales","link":"https:\/\/en.wikipedia.org\/wiki\/Asterales","img_link":"https:\/\/upload.wikimedia.org\/wikipedia\/commons\/thumb\/a\/a9\/A_sunflower.jpg\/220px-A_sunflower.jpg","text":"Asterales ( \/ \u02cc \u00e6 s t \u0259 \u02c8 r e\u026a l i\u02d0 z \/ ASS -t\u0259r- RAY -leez ) is an order of dicotyledonous flowering plants that includes the large family Asteraceae (or Compositae) known for composite flowers made of florets, and ten families related to the Asteraceae. While asterids in general are characterized by fused petals, composite flowers consisting of many florets create the false appearance of separate petals (as found in the rosids )."}
{"name":"Basellaceae","link":"https:\/\/en.wikipedia.org\/wiki\/Basellaceae","img_link":"https:\/\/upload.wikimedia.org\/wikipedia\/commons\/thumb\/7\/7a\/Basella_rubra_Blanco1.74.png\/220px-Basella_rubra_Blanco1.74.png","text":"Basellaceae is a family of flowering plants in the order Caryophyllales, in the clade core eudicots, according to the Angiosperm Phylogeny Group. The family comprises 19 known species of herbaceous plants in four genera:"}
{"name":"Beta","link":"https:\/\/en.wikipedia.org\/wiki\/Beta","img_link":"\/static\/images\/icons\/wikipedia.png","text":"Beta ( UK: \/ \u02c8 b i\u02d0 t \u0259 \/, US: \/ \u02c8 b e\u026a t \u0259 \/; uppercase \u0392, lowercase \u03b2, or cursive \u03d0; Ancient Greek: \u03b2\u1fc6\u03c4\u03b1, romanized: b\u0113\u0302ta or Greek: \u03b2\u03ae\u03c4\u03b1, romanized: v\u00edta ) is the second letter of the Greek alphabet. In the system of Greek numerals, it has a value of 2. In Ancient Greek, beta represented the voiced bilabial plosive IPA: [b]. In Modern Greek, it represents the voiced labiodental fricative IPA: [v] while IPA: [b] in borrowed words is instead commonly transcribed as \u03bc\u03c0. Letters that arose from beta include the Roman letter \u27e8 B \u27e9 and the Cyrillic letters \u27e8 \u0411 \u27e9 and \u27e8 \u0412 \u27e9."}
{"name":"Brassica","link":"https:\/\/en.wikipedia.org\/wiki\/Brassica","img_link":"https:\/\/upload.wikimedia.org\/wikipedia\/commons\/thumb\/d\/d9\/Brassica_rapa_plant.jpg\/220px-Brassica_rapa_plant.jpg","text":"Brassica ( \/ \u02c8 b r \u00e6 s \u026a k \u0259 \/ ) is a genus of plants in the cabbage and mustard family ( Brassicaceae ). The members of the genus are informally known as cruciferous vegetables, cabbages, mustard plants, or simply brassicas. Crops from this genus are sometimes called cole crops \u2014derived from the Latin caulis, denoting the stem or stalk of a plant."}
{"name":"Brassicaceae","link":"https:\/\/en.wikipedia.org\/wiki\/Brassicaceae","img_link":"https:\/\/upload.wikimedia.org\/wikipedia\/commons\/thumb\/b\/b8\/Barbarea_vulgaris_002.JPG\/220px-Barbarea_vulgaris_002.JPG","text":"Brassicaceae ( \/ \u02cc b r \u00e6 s \u026a \u02c8 k e\u026a s i\u02d0 \u02cc i\u02d0, - s i \u02cc a\u026a \/ ) or (the older) Cruciferae ( \/ k r u\u02d0 \u02c8 s \u026a f \u0259r i \/ ) is a medium-sized and economically important family of flowering plants commonly known as the mustards, the crucifers, or the cabbage family. Most are herbaceous plants, while some are shrubs. The leaves are simple (although are sometimes deeply incised), lack stipules, and appear alternately on stems or in rosettes. The inflorescences are terminal and lack bracts. The flowers have four free sepals, four free alternating petals, two shorter free stamens and four longer free stamens. The fruit has seeds in rows, divided by a thin wall (or septum)."}
{"name":"Brassicales","link":"https:\/\/en.wikipedia.org\/wiki\/Brassicales","img_link":"https:\/\/upload.wikimedia.org\/wikipedia\/commons\/thumb\/1\/19\/%28MHNT%29_Alliaria_petiolata_-_flowers.jpg\/220px-%28MHNT%29_Alliaria_petiolata_-_flowers.jpg","text":"The Brassicales (or Cruciales ) are an order of flowering plants, belonging to the malvid group of eudicotyledons under the APG IV system. One character common to many members of the order is the production of glucosinolate (mustard oil) compounds. Most systems of classification have included this order, although sometimes under the name Capparales (the name chosen depending on which is thought to have priority)."}
{"name":"Bunium","link":"https:\/\/en.wikipedia.org\/wiki\/Bunium","img_link":"https:\/\/upload.wikimedia.org\/wikipedia\/commons\/thumb\/6\/68\/Bunium_bulbocastanum.jpg\/220px-Bunium_bulbocastanum.jpg","text":"Bunium is a genus of flowering plants in the family Apiaceae, with 45 to 50 species."}
{"name":"Camassia","link":"https:\/\/en.wikipedia.org\/wiki\/Camassia","img_link":"https:\/\/upload.wikimedia.org\/wikipedia\/commons\/thumb\/f\/f6\/Camassia_quamash_6374.JPG\/180px-Camassia_quamash_6374.JPG","text":"Camassia is a genus of plants in the asparagus family native to North America. Common names include camas, quamash, Indian hyacinth, camash, and wild hyacinth."}
{"name":"CannaL.","link":"https:\/\/en.wikipedia.org\/wiki\/CannaL.","img_link":"\/static\/images\/icons\/wikipedia.png","text":"No description available"}
{"name":"CannaceaeJuss.[1]","link":"https:\/\/en.wikipedia.org\/wiki\/CannaceaeJuss.[1]","img_link":"\/static\/images\/icons\/wikipedia.png","text":"No description available"}
{"name":"Caryophyllales","link":"https:\/\/en.wikipedia.org\/wiki\/Caryophyllales","img_link":"https:\/\/upload.wikimedia.org\/wikipedia\/commons\/thumb\/4\/42\/Dianthus_caryophyllus_L_%28Clove_pink%29.JPG\/220px-Dianthus_caryophyllus_L_%28Clove_pink%29.JPG","text":"Caryophyllales ( \/ \u02cc k \u00e6r i. o\u028a f \u026a \u02c8 l e\u026a l i\u02d0 z \/ KARR -ee-oh-fih- LAY -leez ) is a diverse and heterogeneous order of flowering plants that includes the cacti, carnations, amaranths, ice plants, beets, and many carnivorous plants. Many members are succulent, having fleshy stems or leaves. The betalain pigments are unique in plants of this order and occur in all its core families with the exception of Caryophyllaceae and Molluginaceae. Noncore families, such as Nepenthaceae, instead produce anthocyanins."}
{"name":"Chenopodiaceae","link":"https:\/\/en.wikipedia.org\/wiki\/Chenopodiaceae","img_link":"https:\/\/upload.wikimedia.org\/wikipedia\/commons\/thumb\/2\/26\/Amaranthus_retroflexus_full1.jpg\/220px-Amaranthus_retroflexus_full1.jpg","text":"Amaranthaceae ( \/ \u02cc \u00e6 m \u0259r \u00e6 n \u02c8 \u03b8 e\u026a s i a\u026a, - i i\u02d0 \/ AM -\u0259r-an- THAY -see-e(y)e ) is a family of flowering plants commonly known as the amaranth family, in reference to its type genus Amaranthus. It includes the former goosefoot family Chenopodiaceae and contains about 165 genera and 2,040 species, making it the most species-rich lineage within its parent order, Caryophyllales."}
{"name":"Colocasia","link":"https:\/\/en.wikipedia.org\/wiki\/Colocasia","img_link":"https:\/\/upload.wikimedia.org\/wikipedia\/commons\/thumb\/a\/a5\/Taimo_Okinawa.jpg\/220px-Taimo_Okinawa.jpg","text":"Colocasia is a genus of flowering plants in the family Araceae, native to southeastern Asia and the Indian subcontinent. Some species are widely cultivated and naturalized in other tropical and subtropical regions."}
{"name":"Conopodium","link":"https:\/\/en.wikipedia.org\/wiki\/Conopodium","img_link":"https:\/\/upload.wikimedia.org\/wikipedia\/commons\/thumb\/2\/2d\/Conopodium_majus_03.jpg\/220px-Conopodium_majus_03.jpg","text":"Conopodium is a genus of flowering plants belonging to the family Apiaceae."}
{"name":"Convolvulaceae","link":"https:\/\/en.wikipedia.org\/wiki\/Convolvulaceae","img_link":"https:\/\/upload.wikimedia.org\/wikipedia\/commons\/thumb\/a\/a7\/Starr_040711-0402_Ipomoea_imperati.jpg\/220px-Starr_040711-0402_Ipomoea_imperati.jpg","text":"Convolvulaceae ( \/ k \u0259n \u02cc v \u0252 l v j \u0259 \u02c8 l e\u026a s i. i\u02d0, - a\u026a \/ ), commonly called the bindweeds or morning glories, is a family of about 60 genera and more than 1,650 species. These species are primarily herbaceous vines, but also include trees, shrubs and herbs. The tubers of several species are edible, the best known of which is the sweet potato."}
{"name":"Cordyline","link":"https:\/\/en.wikipedia.org\/wiki\/Cordyline","img_link":"https:\/\/upload.wikimedia.org\/wikipedia\/commons\/thumb\/4\/42\/Cordyline_terminalis_dsc03651.jpg\/220px-Cordyline_terminalis_dsc03651.jpg","text":"Cordyline is a genus of about 24 species of woody monocotyledonous flowering plants in family Asparagaceae, subfamily Lomandroideae. The subfamily has previously been treated as a separate family Laxmanniaceae, or Lomandraceae. Other authors have placed the genus in the Agavaceae (now Agavoideae ). Cordyline is native to the western Pacific Ocean region, from New Zealand, eastern Australia, southeastern Asia and Polynesia, with one species found in southeastern South America."}
{"name":"Curcuma","link":"https:\/\/en.wikipedia.org\/wiki\/Curcuma","img_link":"https:\/\/upload.wikimedia.org\/wikipedia\/commons\/thumb\/0\/0e\/Curcuma_zedoaria_-_K%C3%B6hler%E2%80%93s_Medizinal-Pflanzen-048.jpg\/220px-Curcuma_zedoaria_-_K%C3%B6hler%E2%80%93s_Medizinal-Pflanzen-048.jpg","text":"Curcuma ( \/ \u02c8 k \u025c\u02d0r k j \u028a m \u0259 \/ ) is a genus of plants in the family Zingiberaceae that contains such species as turmeric and Siam tulip. They are native to Southeast Asia, southern China, the Indian Subcontinent, New Guinea and northern Australia. Some species are reportedly naturalized in other warm parts of the world such as tropical Africa, Central America, Florida, and various islands of the Pacific, Indian and Atlantic Oceans. Generally, most curcuma grows well in loose and sandy soil in shaded areas."}
{"name":"Cyperaceae","link":"https:\/\/en.wikipedia.org\/wiki\/Cyperaceae","img_link":"https:\/\/upload.wikimedia.org\/wikipedia\/commons\/thumb\/3\/37\/Pycreus.jpg\/220px-Pycreus.jpg","text":"The Cyperaceae ( \/ \u02cc s a\u026a p \u0259 \u02c8 r e\u026a s i. i\u02d0, - \u02cc a\u026a \/ ) are a family of graminoid (grass-like), monocotyledonous flowering plants known as sedges. The family is large; botanists have described some 5,500 known species in about 90 genera \u2013 the largest being the \"true sedges \" (genus Carex ), with over 2,000 species."}
{"name":"Cyperus","link":"https:\/\/en.wikipedia.org\/wiki\/Cyperus","img_link":"https:\/\/upload.wikimedia.org\/wikipedia\/commons\/thumb\/9\/9b\/Cyperus_diffusus1.jpg\/220px-Cyperus_diffusus1.jpg","text":"Cyperus is a large genus of about 700 species of sedges, distributed throughout all continents in both tropical and temperate regions."}
{"name":"Daucus","link":"https:\/\/en.wikipedia.org\/wiki\/Daucus","img_link":"https:\/\/upload.wikimedia.org\/wikipedia\/commons\/thumb\/9\/98\/Daucus_carota0.jpg\/220px-Daucus_carota0.jpg","text":"Daucus is a worldwide genus of herbaceous plants of the celery family Apiaceae of which the best-known species is the cultivated carrot. Daucus has about 75 species. The oldest carrot fossil is 1.3 Ma, and was found on the island of Madeira in the Atlantic Ocean."}
{"name":"Dioscorea","link":"https:\/\/en.wikipedia.org\/wiki\/Dioscorea","img_link":"https:\/\/upload.wikimedia.org\/wikipedia\/commons\/thumb\/9\/96\/Dioscorea_balcanica_BotGardBln310505.jpg\/220px-Dioscorea_balcanica_BotGardBln310505.jpg","text":"Dioscorea is a genus of over 600 species of flowering plants in the family Dioscoreaceae, native throughout the tropical and warm temperate regions of the world. The vast majority of the species are tropical, with only a few species extending into temperate climates. It was named by the monk Charles Plumier after the ancient Greek physician and botanist Dioscorides."}
{"name":"Dioscoreaceae","link":"https:\/\/en.wikipedia.org\/wiki\/Dioscoreaceae","img_link":"https:\/\/upload.wikimedia.org\/wikipedia\/commons\/thumb\/9\/96\/Dioscorea_balcanica_BotGardBln310505.jpg\/220px-Dioscorea_balcanica_BotGardBln310505.jpg","text":"Dioscoreaceae ( \/ \u02cc d a\u026a \u0259 \u02cc s k \u0254\u02d0r i \u02c8 e\u026a s i i \/ ) is a family of monocotyledonous flowering plants, with about 715 known species in nine genera. The best-known member of the family is the yam (some species of Dioscorea )."}
{"name":"Dioscoreales","link":"https:\/\/en.wikipedia.org\/wiki\/Dioscoreales","img_link":"https:\/\/upload.wikimedia.org\/wikipedia\/commons\/thumb\/3\/36\/Tamus_communis02.jpg\/220px-Tamus_communis02.jpg","text":"The Dioscoreales are an order of monocotyledonous flowering plants, organized under modern classification systems, such as the Angiosperm Phylogeny Group or the Angiosperm Phylogeny Web. Among monocot plants, Dioscoreales are grouped with the lilioid monocots, wherein they are a sister group to the Pandanales. In total, the order Dioscoreales comprises three families, 22 genera and about 850 species."}
{"name":"Eleocharis","link":"https:\/\/en.wikipedia.org\/wiki\/Eleocharis","img_link":"https:\/\/upload.wikimedia.org\/wikipedia\/commons\/thumb\/6\/61\/Starr_081230-0543_Eleocharis_calva.jpg\/220px-Starr_081230-0543_Eleocharis_calva.jpg","text":"Eleocharis is a virtually cosmopolitan genus of 250 or more species of flowering plants in the sedge family, Cyperaceae. The name is derived from the Greek words \u1f15\u03bb\u03b5\u03b9\u03bf\u03c2 ( heleios ), meaning \"marsh dweller,\" and \u03c7\u03ac\u03c1\u03b9\u03c2 ( charis ), meaning \"grace.\" Members of the genus are known commonly as spikerushes or spikesedges. The genus has a geographically cosmopolitan distribution, with centers of diversity in the Amazon Rainforest and adjacent eastern slopes of the South American Andes, northern Australia, eastern North America, California, Southern Africa, and subtropical Asia. The vast majority of Eleocharis species grow in aquatic or mesic habitats from sea level to higher than 5,000 meters in elevation (in the tropical Andes)."}
{"name":"Embryophytes","link":"https:\/\/en.wikipedia.org\/wiki\/Embryophytes","img_link":"https:\/\/upload.wikimedia.org\/wikipedia\/commons\/thumb\/c\/c3\/WWB-0265-127-Polytrichum_formosum.png\/44px-WWB-0265-127-Polytrichum_formosum.png","text":"The embryophytes ( \/ \u02c8 \u025b m b r i \u0259 \u02cc f a\u026a t s \/ ) are a clade of plants, also known as Embryophyta ( \/ \u02cc \u025b m b r i \u02c8 \u0252 f \u0259 t \u0259, - o\u028a \u02c8 f a\u026a t \u0259 \/ ) or land plants. They are the most familiar group of photoautotrophs that make up the vegetation on Earth 's dry lands and wetlands. Embryophytes have a common ancestor with green algae, having emerged within the Phragmoplastophyta clade of freshwater charophyte green algae as a sister taxon of Charophyceae, Coleochaetophyceae and Zygnematophyceae. Embryophytes consist of the bryophytes and the polysporangiophytes. Living embryophytes include hornworts, liverworts, mosses, lycophytes, ferns, gymnosperms and angiosperms ( flowering plants ). Embryophytes have diplobiontic life cycles."}
{"name":"Ensete","link":"https:\/\/en.wikipedia.org\/wiki\/Ensete","img_link":"https:\/\/upload.wikimedia.org\/wikipedia\/commons\/thumb\/2\/20\/Ensete_superbum.jpg\/220px-Ensete_superbum.jpg","text":"Ensete is a genus of monocarpic flowering plants native to tropical regions of Africa and Asia. It is one of the three genera in the banana family, Musaceae, and includes the false banana or enset ( E. ventricosum ), an economically important food crop in Ethiopia."}
{"name":"Euphorbiaceae","link":"https:\/\/en.wikipedia.org\/wiki\/Euphorbiaceae","img_link":"https:\/\/upload.wikimedia.org\/wikipedia\/commons\/thumb\/5\/58\/Starr_020803-0119_Aleurites_moluccana.jpg\/220px-Starr_020803-0119_Aleurites_moluccana.jpg","text":"Euphorbiaceae ( \/ j u\u02d0 \u02c8 f o\u028a r b i\u02d0 \u02cc e\u026a s i \u02cc a\u026a, - s i\u02d0 \u02cc i\u02d0 \/ ), the spurge family, is a large family of flowering plants. In English, they are also commonly called euphorbias, which is also the name of the type genus of the family. Most spurges, such as Euphorbia paralias, are herbs, but some, especially in the tropics, are shrubs or trees, such as Hevea brasiliensis. Some, such as Euphorbia canariensis, are succulent and resemble cacti because of convergent evolution. This family has a cosmopolitan global distribution. The greatest diversity of species is in the tropics; however, the Euphorbiaceae also have many species in nontropical areas of all continents except Antarctica."}
{"name":"Fabaceae","link":"https:\/\/en.wikipedia.org\/wiki\/Fabaceae","img_link":"https:\/\/upload.wikimedia.org\/wikipedia\/commons\/thumb\/a\/ac\/Flowering_kudzu.jpg\/220px-Flowering_kudzu.jpg","text":"The Fabaceae ( \/ f \u0259 \u02c8 b e\u026a s i. i\u02d0, - \u02cc a\u026a \/ ) or Leguminosae, commonly known as the legume, pea, or bean family, are a large and agriculturally important family of flowering plants. It includes trees, shrubs, and perennial or annual herbaceous plants, which are easily recognized by their fruit ( legume ) and their compound, stipulate leaves. The family is widely distributed, and is the third-largest land plant family in number of species, behind only the Orchidaceae and Asteraceae, with about 765 genera and nearly 20,000 known species."}
{"name":"Fabales","link":"https:\/\/en.wikipedia.org\/wiki\/Fabales","img_link":"https:\/\/upload.wikimedia.org\/wikipedia\/commons\/thumb\/9\/99\/Senna_occidentalis.jpg\/220px-Senna_occidentalis.jpg","text":"Fabales is an order of flowering plants included in the rosid group of the eudicots in the Angiosperm Phylogeny Group II classification system. In the APG II circumscription, this order includes the families Fabaceae or legumes (including the subfamilies Caesalpinioideae, Mimosoideae, and Faboideae ), Quillajaceae, Polygalaceae or milkworts (including the families Diclidantheraceae, Moutabeaceae, and Xanthophyllaceae ), and Surianaceae. Under the Cronquist system and some other plant classification systems, the order Fabales contains only the family Fabaceae. In the classification system of Dahlgren the Fabales were in the superorder Fabiflorae (also called Fabanae) with three families corresponding to the subfamilies of Fabaceae in APG II. The other families treated in the Fabales by the APG II classification were placed in separate orders by Cronquist, the Polygalaceae within its own order, the Polygalales, and the Quillajaceae and Surianaceae within the Rosales."}
{"name":"Foeniculum","link":"https:\/\/en.wikipedia.org\/wiki\/Foeniculum","img_link":"https:\/\/upload.wikimedia.org\/wikipedia\/commons\/thumb\/c\/c0\/Foeniculum_July_2011-1a.jpg\/220px-Foeniculum_July_2011-1a.jpg","text":"Foeniculum is a genus of flowering plants in the carrot family. It includes the commonly cultivated fennel, Foeniculum vulgare."}
{"name":"Helianthus","link":"https:\/\/en.wikipedia.org\/wiki\/Helianthus","img_link":"https:\/\/upload.wikimedia.org\/wikipedia\/commons\/thumb\/4\/40\/Sunflower_sky_backdrop.jpg\/220px-Sunflower_sky_backdrop.jpg","text":"Helianthus ( \/ \u02cc h i\u02d0 l i \u02c8 \u00e6 n \u03b8 \u0259 s \/ ) is a genus comprising around 70 species of annual and perennial flowering plants in the daisy family Asteraceae commonly known as sunflowers. Except for three South American species, the species of Helianthus are native to North America and Central America. The best-known species is the common sunflower ( Helianthus annuus ). This and other species, notably Jerusalem artichoke ( H. tuberosus ), are cultivated in temperate regions and some tropical regions, as food crops for humans, cattle, and poultry, and as ornamental plants. The species H. annuus typically grows during the summer and into early fall, with the peak growth season being mid-summer."}
{"name":"Hemerocallis","link":"https:\/\/en.wikipedia.org\/wiki\/Hemerocallis","img_link":"https:\/\/upload.wikimedia.org\/wikipedia\/commons\/thumb\/6\/66\/Hemerocallis_lilioasphodelus.jpg\/220px-Hemerocallis_lilioasphodelus.jpg","text":"A daylily, day lily or ditch-lily is a flowering plant in the genus Hemerocallis \/ \u02cc h \u025b m \u026a r o\u028a \u02c8 k \u00e6 l \u026a s \/, a member of the family Asphodelaceae, subfamily Hemerocallidoideae, native to Asia. Despite the common name, it is not taxonomically classified in the lily genus. Gardening enthusiasts and horticulturists have long bred Hemerocallis species for their attractive flowers; a select few species of the genus have edible petals, while some are extremely toxic. Thousands of cultivars have been registered by the American Daylily Society, the only internationally recognized registrant according to the International Code of Nomenclature for Cultivated Plants. The plants are perennial, bulbous plants, whose common name alludes to its flowers, which typically last about a day."}
{"name":"Hornstedtia","link":"https:\/\/en.wikipedia.org\/wiki\/Hornstedtia","img_link":"https:\/\/upload.wikimedia.org\/wikipedia\/commons\/thumb\/3\/3c\/Hornstedtia_sp._%28Zingiberaceae%29_%2822263183651%29.jpg\/220px-Hornstedtia_sp._%28Zingiberaceae%29_%2822263183651%29.jpg","text":"Hornstedtia is a genus of plants in the Zingiberaceae. It is native to Southeast Asia, the Himalayas, southern China, New Guinea, Melanesia and Queensland."}
{"name":"Ipomoea","link":"https:\/\/en.wikipedia.org\/wiki\/Ipomoea","img_link":"https:\/\/upload.wikimedia.org\/wikipedia\/commons\/thumb\/3\/3d\/Ipomoea_pes-tigridis%2C_Corbett_TR%2C_September_2013._AJT_Johnsingh._DSCN8264.jpg\/220px-Ipomoea_pes-tigridis%2C_Corbett_TR%2C_September_2013._AJT_Johnsingh._DSCN8264.jpg","text":"Ipomoea ( \/ \u02cc \u026a p \u0259 \u02c8 m i\u02d0. \u0259, - o\u028a -\/ ) is the largest genus in the plant family Convolvulaceae, with over 600 species. It is a large and diverse group, with common names including morning glory, water convolvulus or water spinach, sweet potato, bindweed, moonflower, etc. The genus occurs throughout the tropical and subtropical regions of the world, and comprises annual and perennial herbaceous plants, lianas, shrubs, and small trees; most of the species are twining climbing plants."}
{"name":"Iridales","link":"https:\/\/en.wikipedia.org\/wiki\/Iridales","img_link":"https:\/\/upload.wikimedia.org\/wikipedia\/commons\/thumb\/9\/90\/Asperge_in_bloei_Asparagus_officinalis.jpg\/220px-Asperge_in_bloei_Asparagus_officinalis.jpg","text":"Asparagales ( asparagoid lilies ) are a diverse order of flowering plants in the monocots. Under the APG IV system of flowering plant classification, Asparagales are the largest order of monocots with 14 families, 1,122 genera, and about 36,000 species, with members as varied as asparagus, orchids, yuccas, irises, onions, garlic, leeks, and other Alliums, daffodils, snowdrops, amaryllis, agaves, butcher's broom, Agapanthus, Solomon's seal, hyacinths, bluebells, spider plants, grasstrees, aloe, freesias, gladioli, crocuses, and saffron."}
{"name":"Lamiaceae","link":"https:\/\/en.wikipedia.org\/wiki\/Lamiaceae","img_link":"https:\/\/upload.wikimedia.org\/wikipedia\/commons\/thumb\/a\/a8\/Lamium_purpureum_jamestown1.jpg\/220px-Lamium_purpureum_jamestown1.jpg","text":"The Lamiaceae ( \/ \u02cc l e\u026a m i \u02c8 e\u026a s i. i\u02d0, - \u02cc a\u026a \/ LAY -mee- AY -see-ee, -\u2060eye ) or Labiatae are a family of flowering plants commonly known as the mint, deadnettle, or sage family. Many of the plants are aromatic in all parts and include widely used culinary herbs like basil, mint, rosemary, sage, savory, marjoram, oregano, hyssop, thyme, lavender, and perilla, as well as other medicinal herbs such as catnip, salvia, bee balm, wild dagga, and oriental motherwort."}
{"name":"Lamiales","link":"https:\/\/en.wikipedia.org\/wiki\/Lamiales","img_link":"https:\/\/upload.wikimedia.org\/wikipedia\/commons\/thumb\/6\/6a\/Galeopsis_speciosa_%28Zellwald%29.jpg\/220px-Galeopsis_speciosa_%28Zellwald%29.jpg","text":"The order Lamiales (also known as the mint order ) are an order in the asterid group of dicotyledonous flowering plants. It includes about 23,810 species, 1,059 genera, and is divided into about 25 families. These families include Acanthaceae, Bignoniaceae, Byblidaceae, Calceolariaceae, Carlemanniaceae, Gesneriaceae, Lamiaceae, Lentibulariaceae, Linderniaceae, Martyniaceae, Mazaceae, Oleaceae, Orobanchaceae, Paulowniaceae, Pedaliaceae, Peltantheraceae, Phrymaceae, Plantaginaceae, Plocospermataceae, Schlegeliaceae, Scrophulariaceae, Stilbaceae, Tetrachondraceae, Thomandersiaceae, Verbenaceae."}
{"name":"Lathyrus","link":"https:\/\/en.wikipedia.org\/wiki\/Lathyrus","img_link":"https:\/\/upload.wikimedia.org\/wikipedia\/commons\/thumb\/f\/fc\/Grass_vetchling_close_800.jpg\/220px-Grass_vetchling_close_800.jpg","text":"Lathyrus \/ \u02c8 l \u00e6 \u03b8 \u026a r \u0259 s \/ is a genus of flowering plants in the legume family Fabaceae, and contains approximately 160 species. Commonly known as peavines or vetchlings, they are native to temperate areas, with a breakdown of 52 species in Europe, 30 species in North America, 78 in Asia, 24 in tropical East Africa, and 24 in temperate South America. There are annual and perennial species which may be climbing or bushy. This genus has numerous sections, including Orobus, which was once a separate genus. The genus has numerous synonyms, including Pisum, the ancient Latin name for the pea."}
{"name":"Laxmanniaceae","link":"https:\/\/en.wikipedia.org\/wiki\/Laxmanniaceae","img_link":"https:\/\/upload.wikimedia.org\/wikipedia\/commons\/thumb\/6\/6a\/Lomandra_filiformis0.jpg\/220px-Lomandra_filiformis0.jpg","text":"Lomandroideae is a subfamily of monocot flowering plants in the family Asparagaceae, order Asparagales, according to the APG III system of 2009. The subfamily name is derived from the generic name of the type genus, Lomandra. The group has previously been treated as a separate family Laxmanniaceae. In the Kubitzki system, it is treated as Lomandraceae Lotsy."}
{"name":"Lepidium","link":"https:\/\/en.wikipedia.org\/wiki\/Lepidium","img_link":"https:\/\/upload.wikimedia.org\/wikipedia\/commons\/thumb\/2\/2f\/Lepidium_flavum_3.jpg\/220px-Lepidium_flavum_3.jpg","text":"Lepidium is a genus of plants in the mustard\/cabbage family, Brassicaceae. The genus is widely distributed in the Americas, Africa, Asia, Europe, and Australia. It includes familiar species such as garden cress, maca, and dittander. General common names include peppercress, peppergrass, pepperweed, and pepperwort. Some species form tumbleweeds. The genus name Lepidium is a Greek word meaning 'small scale', which is thought to be derived from a folk medicine usage of the plant to treat leprosy, which cause small scales on the skin. Another meaning is related to the small scale-like fruit."}
{"name":"Malpighiales","link":"https:\/\/en.wikipedia.org\/wiki\/Malpighiales","img_link":"https:\/\/upload.wikimedia.org\/wikipedia\/commons\/thumb\/5\/5c\/Starr_010309-0546_Calophyllum_inophyllum.jpg\/220px-Starr_010309-0546_Calophyllum_inophyllum.jpg","text":"The Malpighiales comprise one of the largest orders of flowering plants. The order is very diverse, with well-known members including willows, violets, aspens and poplars, poinsettia, corpse flower, coca plant, cassava, flaxseed, castor bean, Saint John's wort, passionfruit, mangosteen, and manchineel tree."}
{"name":"Manihot","link":"https:\/\/en.wikipedia.org\/wiki\/Manihot","img_link":"https:\/\/upload.wikimedia.org\/wikipedia\/commons\/thumb\/6\/6d\/Manihot_palmata.jpg\/220px-Manihot_palmata.jpg","text":"Manihot is a genus in the diverse milkspurge family, Euphorbiaceae. It was described as a genus in 1754."}
{"name":"Maranta","link":"https:\/\/en.wikipedia.org\/wiki\/Maranta","img_link":"\/static\/images\/icons\/wikipedia.png","text":"Maranta can refer to:"}
{"name":"Marantaceae","link":"https:\/\/en.wikipedia.org\/wiki\/Marantaceae","img_link":"https:\/\/upload.wikimedia.org\/wikipedia\/commons\/thumb\/4\/4a\/Maranta_leuconeura3.jpg\/220px-Maranta_leuconeura3.jpg","text":"The Marantaceae are a family, the arrowroot family, or the prayer plant family, of flowering plants consisting of 31 genera and around 530 species, defining it as one of the most species-rich families in its order. Species of this family are found in lowland tropical forests of Africa, Asia, and the Americas. The majority (80%) of the species are found in the American tropics, followed by Asian (11%) and African (9%) tropics. They are commonly called the prayer-plant family and are also known for their unique secondary pollination presentation."}
{"name":"Microseris","link":"https:\/\/en.wikipedia.org\/wiki\/Microseris","img_link":"https:\/\/upload.wikimedia.org\/wikipedia\/commons\/thumb\/b\/b4\/Microserissylvatica.jpg\/220px-Microserissylvatica.jpg","text":"Microseris is a genus of plants in the tribe Cichorieae within the family Asteraceae, plants that often called composites. They are native to North America, South America, Australia, and New Zealand."}
{"name":"Mirabilis","link":"https:\/\/en.wikipedia.org\/wiki\/Mirabilis","img_link":"\/static\/images\/icons\/wikipedia.png","text":"Mirabilis is a Latin adjective meaning \"amazing, wondrous, remarkable\", and is used to refer to:"}
{"name":"Musaceae","link":"https:\/\/en.wikipedia.org\/wiki\/Musaceae","img_link":"https:\/\/upload.wikimedia.org\/wikipedia\/commons\/thumb\/0\/0d\/Musa_paradisiaca_Blanco1.88.png\/220px-Musa_paradisiaca_Blanco1.88.png","text":"Musaceae is a family of flowering plants composed of three genera with about 91 known species, placed in the order Zingiberales. The family is native to the tropics of Africa and Asia. The plants have a large herbaceous growth habit with leaves with overlapping basal sheaths that form a pseudostem making some members appear to be woody trees. In most treatments, the family has three genera, Musa, Musella and Ensete. Cultivated bananas are commercially important members of the family, and many others are grown as ornamental plants."}
{"name":"Nelumbo","link":"https:\/\/en.wikipedia.org\/wiki\/Nelumbo","img_link":"https:\/\/upload.wikimedia.org\/wikipedia\/commons\/thumb\/d\/d3\/Nelumno_nucifera_open_flower_-_botanic_garden_adelaide2.jpg\/220px-Nelumno_nucifera_open_flower_-_botanic_garden_adelaide2.jpg","text":"Nelumbo \/ n \u026a \u02c8 l \u028c m b o\u028a \/ is a genus of aquatic plants with large, showy flowers. Members are commonly called lotus, though the name is also applied to various other plants and plant groups, including the unrelated genus Lotus. Members outwardly resemble those in the family Nymphaeaceae (\"water lilies\"), but Nelumbo is actually very distant from that family."}
{"name":"Nelumbonaceae","link":"https:\/\/en.wikipedia.org\/wiki\/Nelumbonaceae","img_link":"https:\/\/upload.wikimedia.org\/wikipedia\/commons\/thumb\/d\/d3\/Nelumno_nucifera_open_flower_-_botanic_garden_adelaide2.jpg\/220px-Nelumno_nucifera_open_flower_-_botanic_garden_adelaide2.jpg","text":"Nelumbonaceae is a family of aquatic flowering plants. Nelumbo is the sole extant genus, containing Nelumbo lutea, native to North America, and Nelumbo nucifera, widespread in Asia. At least five other genera, Nelumbites, Exnelumbites, Paleonelumbo, Nelumbago, and Notocyamus are known from fossils."}
{"name":"Nyctaginaceae","link":"https:\/\/en.wikipedia.org\/wiki\/Nyctaginaceae","img_link":"https:\/\/upload.wikimedia.org\/wikipedia\/commons\/thumb\/d\/da\/Mirabilisjalapa_yellow.jpg\/220px-Mirabilisjalapa_yellow.jpg","text":"Nyctaginaceae, the four o'clock family, is a family of around 33 genera and 290 species of flowering plants, widely distributed in tropical and subtropical regions, with a few representatives in temperate regions. The family has a distinctive fruit type called an accessory fruit or anthocarp, and many genera have extremely large (>100 \u03bcm ) pollen grains."}
{"name":"Nymphaea","link":"https:\/\/en.wikipedia.org\/wiki\/Nymphaea","img_link":"https:\/\/upload.wikimedia.org\/wikipedia\/commons\/thumb\/b\/bd\/Nymphaea_alba.001_-_Breendonk.jpg\/220px-Nymphaea_alba.001_-_Breendonk.jpg","text":"Nymphaea ( \/ n \u026a m \u02c8 f i\u02d0 \u0259 \/ ) is a genus of hardy and tender aquatic plants in the family Nymphaeaceae. The genus has a cosmopolitan distribution. Many species are cultivated as ornamental plants, and many cultivars have been bred. Some taxa occur as introduced species where they are not native, and some are weeds. Plants of the genus are known commonly as water lilies, or waterlilies in the United Kingdom. The genus name is from the Greek \u03bd\u03c5\u03bc\u03c6\u03b1\u03af\u03b1, nymphaia and the Latin nymphaea, which means \"water lily\" and were inspired by the nymphs of Greek and Latin mythology."}
{"name":"Nymphaeaceae","link":"https:\/\/en.wikipedia.org\/wiki\/Nymphaeaceae","img_link":"https:\/\/upload.wikimedia.org\/wikipedia\/commons\/thumb\/1\/11\/Nymphaea_nouchali5.JPG\/220px-Nymphaea_nouchali5.JPG","text":"Nymphaeaceae ( \/ \u02cc n \u026a m f i \u02c8 e\u026a s i. i\u02d0, - \u02cc a\u026a \/ ) is a family of flowering plants, commonly called water lilies. They live as rhizomatous aquatic herbs in temperate and tropical climates around the world. The family contains five genera with about 70 known species. Water lilies are rooted in soil in bodies of water, with leaves and flowers floating on or rising from the surface. Leaves are oval and heart-shaped in Barclaya. Leaves are round, with a radial notch in Nymphaea and Nuphar, but fully circular in Victoria and Euryale."}
{"name":"Nymphaeales","link":"https:\/\/en.wikipedia.org\/wiki\/Nymphaeales","img_link":"https:\/\/upload.wikimedia.org\/wikipedia\/commons\/thumb\/4\/43\/2007_nymphaea_lotus.jpg\/151px-2007_nymphaea_lotus.jpg","text":"The Nymphaeales are an order of flowering plants, consisting of three families of aquatic plants, the Hydatellaceae, the Cabombaceae, and the Nymphaeaceae (water lilies). It is one of the three orders of basal angiosperms, an early-diverging grade of flowering plants. At least 10 morphological characters unite the Nymphaeales. One of the traits is the absence of a vascular cambium, which is required to produce both xylem (wood) and phloem, which therefore are missing. Molecular synapomorphies are also known."}
{"name":"Oxalidaceae","link":"https:\/\/en.wikipedia.org\/wiki\/Oxalidaceae","img_link":"https:\/\/upload.wikimedia.org\/wikipedia\/commons\/thumb\/5\/52\/Averrhoa_bilimbi_2_at_Kudayathoor.jpg\/220px-Averrhoa_bilimbi_2_at_Kudayathoor.jpg","text":"The Oxalidaceae, or wood sorrel family, are a small family of five genera of herbaceous plants, shrubs and small trees, with the great majority of the 570 species in the genus Oxalis (wood sorrels). Members of this family typically have divided leaves, the leaflets showing \"sleep movements\", spreading open in light and closing in darkness."}
{"name":"Oxalidales","link":"https:\/\/en.wikipedia.org\/wiki\/Oxalidales","img_link":"https:\/\/upload.wikimedia.org\/wikipedia\/commons\/thumb\/5\/54\/Ceratopetalum_apetalum.jpg\/220px-Ceratopetalum_apetalum.jpg","text":"Oxalidales is an order of flowering plants, included within the rosid subgroup of eudicots. This group comprises six families that contain approximately 2000 species in 58 genera. They are trees, shrubs or woody vines which are found in the wet tropics, particularly on mountains, and warm temperate zones, especially in the southern hemisphere. Compound leaves are common in Oxalidales and the majority of the species in this order have five or six sepals and petals. The following families are typically placed here:"}
{"name":"Oxalis","link":"https:\/\/en.wikipedia.org\/wiki\/Oxalis","img_link":"https:\/\/upload.wikimedia.org\/wikipedia\/commons\/thumb\/9\/94\/TAU-2013-Oxalis_0039a-ZachiEvenor.jpg\/220px-TAU-2013-Oxalis_0039a-ZachiEvenor.jpg","text":"Oxalis ( \/ \u02c8 \u0252 k s \u0259 l \u026a s \/ (American English) or \/ \u0252 k s \u02c8 \u0251\u02d0 l \u026a s \/ (British English)) is a large genus of flowering plants in the wood-sorrel family, Oxalidaceae, comprising over 550 species. The genus occurs throughout most of the world, except for the polar areas; species diversity is particularly rich in tropical Brazil, Mexico, and South Africa."}
{"name":"Pachyrhizus","link":"https:\/\/en.wikipedia.org\/wiki\/Pachyrhizus","img_link":"https:\/\/upload.wikimedia.org\/wikipedia\/commons\/thumb\/9\/95\/Pachyrhizus_erosus_Blanco2.249.png\/220px-Pachyrhizus_erosus_Blanco2.249.png","text":"Pachyrhizus is a genus of flowering plants in the legume family, Fabaceae. It includes five or species of herbs and subshrubs native to the tropical and subtropical Americas, ranging from northern Mexico to northwestern Argentina. Typical habitat is seasonally-dry tropical forest and thicket, often at forest margins, in scrub vegetation, and in open grassy areas. Plants in the genus grow from large, often edible taproots."}
{"name":"Panax","link":"https:\/\/en.wikipedia.org\/wiki\/Panax","img_link":"https:\/\/upload.wikimedia.org\/wikipedia\/commons\/thumb\/b\/b8\/Panax_quinquefolius.jpg\/220px-Panax_quinquefolius.jpg","text":"The Panax ( ginseng ) genus belongs to the Araliaceae (ivy) family. Panax species are characterized by the presence of ginsenosides and gintonin. Panax is one of approximately 60 plant genera with a classical disjunct east Asian and east North American distribution. Furthermore, this disjunct distribution is asymmetric as only two of the ~18 species in genus are native to North America."}
{"name":"Pastinaca","link":"https:\/\/en.wikipedia.org\/wiki\/Pastinaca","img_link":"https:\/\/upload.wikimedia.org\/wikipedia\/commons\/thumb\/8\/8c\/Parsnips-1.jpg\/220px-Parsnips-1.jpg","text":"Pastinaca (parsnips) is a genus of flowering plant in the family Apiaceae, comprising 14 species. Economically, the most important member of the genus is Pastinaca sativa, the parsnip."}
{"name":"Pediomelum","link":"https:\/\/en.wikipedia.org\/wiki\/Pediomelum","img_link":"https:\/\/upload.wikimedia.org\/wikipedia\/commons\/thumb\/2\/2f\/Pediomelum_subacaule_Kaldari_01.jpg\/220px-Pediomelum_subacaule_Kaldari_01.jpg","text":"Pediomelum is a genus of legumes known as Indian breadroots. These are glandular perennial plants with palmately-arranged leaves. They have a main erect stem with inflorescences of blue or purple flowers and produce hairy legume pods containing beanlike seeds. Some species have woody roots while others have starchy tuber-like roots which can be eaten like tuber vegetables such as potatoes or made into flour. Indian breadroots are native to North America. Many species have synonymy with genus Psoralea."}
{"name":"Petroselinum","link":"https:\/\/en.wikipedia.org\/wiki\/Petroselinum","img_link":"https:\/\/upload.wikimedia.org\/wikipedia\/commons\/thumb\/2\/27\/Petroselinum_segetum_1.jpg\/220px-Petroselinum_segetum_1.jpg","text":"Petroselinum is a genus of two parsley species of flowering plants in the family Apiaceae, native to western and southern Europe and northern Africa."}
{"name":"Plantae","link":"https:\/\/en.wikipedia.org\/wiki\/Plantae","img_link":"https:\/\/upload.wikimedia.org\/wikipedia\/commons\/thumb\/5\/57\/Fr%C3%BChling_bl%C3%BChender_Kirschenbaum.jpg\/127px-Fr%C3%BChling_bl%C3%BChender_Kirschenbaum.jpg","text":"No description available"}
{"name":"Plectranthus","link":"https:\/\/en.wikipedia.org\/wiki\/Plectranthus","img_link":"https:\/\/upload.wikimedia.org\/wikipedia\/commons\/thumb\/1\/17\/Plectranthus_fruticans0.jpg\/220px-Plectranthus_fruticans0.jpg","text":"Plectranthus is a genus of about 85 species of flowering plants from the sage family, Lamiaceae, found mostly in southern and tropical Africa and Madagascar. Common names include spur-flower. Plectranthus species are herbaceous perennial plants, rarely annuals or soft-wooded shrubs, sometimes succulent; sometimes with a tuberous base."}
{"name":"Poales","link":"https:\/\/en.wikipedia.org\/wiki\/Poales","img_link":"https:\/\/upload.wikimedia.org\/wikipedia\/commons\/thumb\/4\/42\/Zbo%C5%BCe.jpg\/220px-Zbo%C5%BCe.jpg","text":"The Poales are a large order of flowering plants in the monocotyledons, and includes families of plants such as the grasses, bromeliads, rushes and sedges. Sixteen plant families are currently recognized by botanists to be part of Poales."}
{"name":"Proteales","link":"https:\/\/en.wikipedia.org\/wiki\/Proteales","img_link":"https:\/\/upload.wikimedia.org\/wikipedia\/commons\/thumb\/3\/3d\/Protea_cynaroides_3.jpg\/220px-Protea_cynaroides_3.jpg","text":"Proteales is an order of flowering plants consisting of three (or four) families. The Proteales have been recognized by almost all taxonomists."}
{"name":"Raphanus","link":"https:\/\/en.wikipedia.org\/wiki\/Raphanus","img_link":"https:\/\/upload.wikimedia.org\/wikipedia\/commons\/thumb\/4\/41\/Radieschen.jpg\/220px-Radieschen.jpg","text":"Raphanus ( Latin for \" radish \" ) is a genus within the flowering plant family Brassicaceae."}
{"name":"Sagittaria","link":"https:\/\/en.wikipedia.org\/wiki\/Sagittaria","img_link":"https:\/\/upload.wikimedia.org\/wikipedia\/commons\/thumb\/4\/4e\/Illustration_Sagittaria_sagittifolia0.jpg\/220px-Illustration_Sagittaria_sagittifolia0.jpg","text":"Sagittaria is a genus of about 30 species of aquatic plants whose members go by a variety of common names, including arrowhead, duck potato, swamp potato, tule potato, and wapato. Most are native to South, Central, and North America, but there are also some from Europe, Africa, and Asia."}
{"name":"Scorzonera","link":"https:\/\/en.wikipedia.org\/wiki\/Scorzonera","img_link":"https:\/\/upload.wikimedia.org\/wikipedia\/commons\/thumb\/e\/e2\/Scorzonera_purpurea_rosea0.jpg\/220px-Scorzonera_purpurea_rosea0.jpg","text":"Scorzonera is a genus of flowering plants in the tribe Cichorieae within the family Asteraceae."}
{"name":"Sium","link":"https:\/\/en.wikipedia.org\/wiki\/Sium","img_link":"https:\/\/upload.wikimedia.org\/wikipedia\/commons\/thumb\/4\/42\/Sium_suave_var_nipponicum1.jpg\/220px-Sium_suave_var_nipponicum1.jpg","text":"Sium is a genus of flowering plants in the family Apiaceae. It is widely distributed across Europe, Asia, Africa, and North America. Plants of this genus are commonly called water parsnips."}
{"name":"Smallanthus","link":"https:\/\/en.wikipedia.org\/wiki\/Smallanthus","img_link":"https:\/\/upload.wikimedia.org\/wikipedia\/commons\/thumb\/8\/87\/Smallanthus_sonchifolius_.p.jpg\/220px-Smallanthus_sonchifolius_.p.jpg","text":"Smallanthus is a genus of flowering plants in the tribe Millerieae within the family Asteraceae."}
{"name":"Solanaceae","link":"https:\/\/en.wikipedia.org\/wiki\/Solanaceae","img_link":"https:\/\/upload.wikimedia.org\/wikipedia\/commons\/thumb\/8\/8b\/Brugmansia_lg.jpg\/220px-Brugmansia_lg.jpg","text":"The Solanaceae ( \/ \u02cc s \u0252 l \u0259 \u02c8 n e\u026a s i. i\u02d0, - \u02cc a\u026a \/ ), or the nightshades, is a family of flowering plants that ranges from annual and perennial herbs to vines, lianas, epiphytes, shrubs, and trees, and includes a number of agricultural crops, medicinal plants, spices, weeds, and ornamentals. Many members of the family contain potent alkaloids, and some are highly toxic, but many\u2014including tomatoes, potatoes, eggplant, bell, and chili peppers \u2014are used as food. The family belongs to the order Solanales, in the asterid group and class Magnoliopsida ( dicotyledons ). The Solanaceae consists of about 98 genera and some 2,700 species, with a great diversity of habitats, morphology and ecology."}
{"name":"Solanales","link":"https:\/\/en.wikipedia.org\/wiki\/Solanales","img_link":"https:\/\/upload.wikimedia.org\/wikipedia\/commons\/thumb\/4\/49\/Solanum_melongena_ja02.jpg\/220px-Solanum_melongena_ja02.jpg","text":"The Solanales are an order of flowering plants, included in the asterid group of the eudicots. Well-known members of Solanales include potatoes, eggplants, tomatoes, chilli peppers, tobacco, petunias, nightshades, morning glory, and sweet potato. Some older sources used the name Polemoniales for this order."}
{"name":"Solanum","link":"https:\/\/en.wikipedia.org\/wiki\/Solanum","img_link":"https:\/\/upload.wikimedia.org\/wikipedia\/commons\/thumb\/3\/39\/Starr_020323-0062_Solanum_seaforthianum.jpg\/220px-Starr_020323-0062_Solanum_seaforthianum.jpg","text":"Solanum is a large and diverse genus of flowering plants, which include three food crops of high economic importance: the potato, the tomato and the eggplant (aubergine, brinjal). It is the largest genus in the nightshade family Solanaceae, comprising around 1,500 species. It also contains the so-called horse nettles (unrelated to the genus of true nettles, Urtica ), as well as numerous plants cultivated for their ornamental flowers and fruit."}
{"name":"Spermatophyta","link":"https:\/\/en.wikipedia.org\/wiki\/Spermatophyta","img_link":"https:\/\/upload.wikimedia.org\/wikipedia\/commons\/thumb\/b\/bc\/PinusSylvestris.jpg\/110px-PinusSylvestris.jpg","text":"A seed plant or spermatophyte ( lit. ' seed plant '; from Ancient Greek \u03c3\u03c0\u03ad\u03c1\u03bc\u03b1\u03c4\u03bf\u03c2 ( sp\u00e9rmatos ) 'seed' and \u03c6\u03c5\u03c4\u03cc\u03bd (phyt\u00f3n) 'plant'), also known as a phanerogam (taxon Phanerogamae ) or a phaenogam (taxon Phaenogamae ), is any plant that produces seeds. It is a category of embryophyte (i.e. land plant) that includes most of the familiar land plants, including the flowering plants and the gymnosperms, but not ferns, mosses, or algae."}
{"name":"Stachys","link":"https:\/\/en.wikipedia.org\/wiki\/Stachys","img_link":"https:\/\/upload.wikimedia.org\/wikipedia\/commons\/thumb\/3\/34\/20130703Stachys_sylvatica1.jpg\/220px-20130703Stachys_sylvatica1.jpg","text":"Stachys is a genus of plants, one of the largest in the mint family Lamiaceae. Estimates of the number of species vary from about 300, to about 450. Stachys is in the subfamily Lamioideae and its type species is Stachys sylvatica. The precise extent of the genus and its relationship to other genera in the subfamily are poorly known."}
{"name":"Streptophyta","link":"https:\/\/en.wikipedia.org\/wiki\/Streptophyta","img_link":"https:\/\/upload.wikimedia.org\/wikipedia\/commons\/thumb\/5\/5d\/Streptophyta-x4.jpg\/220px-Streptophyta-x4.jpg","text":"Streptophyta ( \/ s t r \u025b p \u02c8 t \u0252 f \u026a t \u0259, \u02c8 s t r \u025b p t o\u028a f a\u026a t \u0259 \/ ), informally the streptophytes ( \/ \u02c8 s t r \u025b p t \u0259 f a\u026a t s \/, from the Greek strepto 'twisted', for the morphology of the sperm of some members), is a clade of plants. The composition of the clade varies considerably between authors, but the definition employed here includes land plants and all green algae except the Chlorophyta and the more basal Prasinodermophyta."}
{"name":"Taraxacum","link":"https:\/\/en.wikipedia.org\/wiki\/Taraxacum","img_link":"https:\/\/upload.wikimedia.org\/wikipedia\/commons\/thumb\/4\/4f\/DandelionFlower.jpg\/220px-DandelionFlower.jpg","text":"Taraxacum ( \/ t \u0259 \u02c8 r \u00e6 k s \u0259 k \u0259 m \/ ) is a large genus of flowering plants in the family Asteraceae, which consists of species commonly known as dandelions. The scientific and hobby study of the genus is known as taraxacology. The genus is native to Eurasia but the two most commonplace species worldwide, T.\u00a0officinale (the common dandelion) and T.\u00a0erythrospermum (the red-seeded dandelion), were introduced from Europe into North America, where they are an invasive species. Dandelions thrive in temperate regions and can be found in yards, gardens, sides of roads, among crops, and in many other habitats. Both species are edible in their entirety and have a long history of consumption. The common name dandelion ( \/ \u02c8 d \u00e6 n d \u0259 l a\u026a. \u0259n \/ DAN -d\u0259-ly-\u0259n; from French dent-de-lion 'lion's tooth', referring to the jagged leaves) is also given to specific members of the genus."}
{"name":"Tracheophyta","link":"https:\/\/en.wikipedia.org\/wiki\/Tracheophyta","img_link":"https:\/\/upload.wikimedia.org\/wikipedia\/commons\/thumb\/8\/8f\/Athyrium_filix-femina_RF.jpg\/220px-Athyrium_filix-femina_RF.jpg","text":"Vascular plants (from Latin vasculum 'duct'), also called tracheophytes ( UK: \/ \u02c8 t r \u00e6 k i\u02d0 \u0259 \u02cc f a\u026a t s \/, US: \/ \u02c8 t r e\u026a k i\u02d0 \u0259 \u02cc f a\u026a t s \/ ) or collectively tracheophyta ( \/ \u02cc t r e\u026a k i\u02d0 \u02c8 \u0252 f \u026a t \u0259 \/; from Ancient Greek \u03c4\u03c1\u03b1\u03c7\u03b5\u1fd6\u03b1 \u1f00\u03c1\u03c4\u03b7\u03c1\u03af\u03b1 ( trakhe\u00eea art\u0113r\u00eda ) 'windpipe' and \u03c6\u03c5\u03c4\u03ac ( phut\u00e1 ) 'plants'), are plants that have lignified tissues (the xylem ) for conducting water and minerals throughout the plant. They also have a specialized non-lignified tissue (the phloem ) to conduct products of photosynthesis. The group includes most land plants ( c. 300,000 accepted known species) other than mosses."}
{"name":"Tragopogon","link":"https:\/\/en.wikipedia.org\/wiki\/Tragopogon","img_link":"https:\/\/upload.wikimedia.org\/wikipedia\/commons\/thumb\/e\/ef\/Tragopogon_porrifolius_flower.jpg\/220px-Tragopogon_porrifolius_flower.jpg","text":"Tragopogon, also known as goatsbeard or salsify, is a genus of flowering plants in the family Asteraceae. It includes the vegetable known as salsify, as well as a number of common wild flowers."}
{"name":"Tropaeolaceae","link":"https:\/\/en.wikipedia.org\/wiki\/Tropaeolaceae","img_link":"https:\/\/upload.wikimedia.org\/wikipedia\/commons\/thumb\/a\/ab\/TropaeolumMajusOrange.jpg\/220px-TropaeolumMajusOrange.jpg","text":"Tropaeolum \/ t r \u0259 \u02c8 p i\u02d0 \u0259 l \u0259m, t r o\u028a -\/, commonly known as nasturtium ( \/ n \u0259 \u02c8 s t \u025c\u02d0r \u0283 \u0259m, n \u00e6 -\/; literally \"nose-twister\" or \"nose-tweaker\"), is a genus of roughly 80 species of annual and perennial herbaceous flowering plants. It was named by Carl Linnaeus in his book Species Plantarum, and is the only genus in the family Tropaeolaceae. The nasturtiums received their common name because they produce an oil similar to that of watercress ( Nasturtium officinale )."}
{"name":"Tropaeolum","link":"https:\/\/en.wikipedia.org\/wiki\/Tropaeolum","img_link":"https:\/\/upload.wikimedia.org\/wikipedia\/commons\/thumb\/a\/ab\/TropaeolumMajusOrange.jpg\/220px-TropaeolumMajusOrange.jpg","text":"Tropaeolum \/ t r \u0259 \u02c8 p i\u02d0 \u0259 l \u0259m, t r o\u028a -\/, commonly known as nasturtium ( \/ n \u0259 \u02c8 s t \u025c\u02d0r \u0283 \u0259m, n \u00e6 -\/; literally \"nose-twister\" or \"nose-tweaker\"), is a genus of roughly 80 species of annual and perennial herbaceous flowering plants. It was named by Carl Linnaeus in his book Species Plantarum, and is the only genus in the family Tropaeolaceae. The nasturtiums received their common name because they produce an oil similar to that of watercress ( Nasturtium officinale )."}
{"name":"Typha","link":"https:\/\/en.wikipedia.org\/wiki\/Typha","img_link":"https:\/\/upload.wikimedia.org\/wikipedia\/commons\/thumb\/0\/00\/Typha_latifolia.jpg\/220px-Typha_latifolia.jpg","text":"Typha \/ \u02c8 t a\u026a f \u0259 \/ is a genus of about 30 species of monocotyledonous flowering plants in the family Typhaceae. These plants have a variety of common names, in British English as bulrush or (mainly historically) reedmace, in American English as cattail, or punks, in Australia as cumbungi or bulrush, in Canada as bulrush or cattail, and in New Zealand as reed, cattail, bulrush or raupo. Other taxa of plants may be known as bulrush, including some sedges in Scirpus and related genera."}
{"name":"Typhaceae","link":"https:\/\/en.wikipedia.org\/wiki\/Typhaceae","img_link":"https:\/\/upload.wikimedia.org\/wikipedia\/commons\/thumb\/4\/4d\/Typha_latifolia_Finland.jpg\/220px-Typha_latifolia_Finland.jpg","text":"The Typhaceae ( \/ t a\u026a \u02c8 f e\u026a s i i \/ ) are a family of flowering plants, sometimes called the cattail family. The botanical name for the family has been recognized by most taxonomists."}
{"name":"Ullucus","link":"https:\/\/en.wikipedia.org\/wiki\/Ullucus","img_link":"https:\/\/upload.wikimedia.org\/wikipedia\/commons\/thumb\/2\/21\/Ullucus_tuberosus.jpg\/220px-Ullucus_tuberosus.jpg","text":"Ullucus is a genus of flowering plants in the family Basellaceae, with one species, Ullucus tuberosus, a plant grown primarily as a root vegetable, secondarily as a leaf vegetable. The name ulluco is derived from the Quechua word ulluku, but depending on the region, it has many different names. These include illaco (in Aymara), melloco (in Ecuador), chungua or ruba (in Colombia), olluco or papa lisa (in Bolivia and Peru), or ulluma (in Argentina)."}
{"name":"Vigna","link":"https:\/\/en.wikipedia.org\/wiki\/Vigna","img_link":"https:\/\/upload.wikimedia.org\/wikipedia\/commons\/thumb\/5\/5e\/Vigna_unguiculata_Blanco2.286-cropped.jpg\/220px-Vigna_unguiculata_Blanco2.286-cropped.jpg","text":"Vigna is a genus of plants in the legume family, Fabaceae, with a pantropical distribution. It includes some well-known cultivated species, including many types of beans. Some are former members of the genus Phaseolus. According to Hortus Third, Vigna differs from Phaseolus in biochemistry and pollen structure, and in details of the style and stipules."}
{"name":"Xanthosoma","link":"https:\/\/en.wikipedia.org\/wiki\/Xanthosoma","img_link":"https:\/\/upload.wikimedia.org\/wikipedia\/commons\/thumb\/9\/9e\/Elephantear_reduced.jpg\/220px-Elephantear_reduced.jpg","text":"Xanthosoma is a genus of flowering plants in the arum family, Araceae. The genus is native to tropical America but widely cultivated and naturalized in other tropical regions. Several are grown for their starchy corms, an important food staple of tropical regions, known variously as malanga, otoy, otoe, cocoyam (or new cocoyam), tannia, tannier, yaut\u00eda, macabo, ocumo, macal, taioba, dasheen, quequisque, \u02bbape and (in Papua New Guinea ) as Singapore taro ( taro kongkong ). Many other species, including especially Xanthosoma roseum, are used as ornamental plants; in popular horticultural literature these species may be known as \u2018ape due to resemblance to the true Polynesian \u02bbape, Alocasia macrorrhizos, or as elephant ear from visual resemblance of the leaf to an elephant 's ear. Sometimes the latter name is also applied to members in the closely related genera Caladium, Colocasia ( taro ), and Alocasia."}
{"name":"Zingiber","link":"https:\/\/en.wikipedia.org\/wiki\/Zingiber","img_link":"https:\/\/upload.wikimedia.org\/wikipedia\/commons\/thumb\/1\/18\/Koeh-146-no_text.jpg\/220px-Koeh-146-no_text.jpg","text":"Zingiber is a genus of flowering plants in the family Zingiberaceae. It is native to China, the Indian Subcontinent, New Guinea, and Southeast Asia, especially Thailand. It contains the true gingers, plants grown the world over for their culinary value. The most well known species are Z. officinale and Z. mioga, two garden gingers."}
{"name":"Zingiberaceae","link":"https:\/\/en.wikipedia.org\/wiki\/Zingiberaceae","img_link":"https:\/\/upload.wikimedia.org\/wikipedia\/commons\/thumb\/b\/b9\/Tropical_plant_hilo5.jpg\/220px-Tropical_plant_hilo5.jpg","text":"Zingiberaceae ( \/ \u02cc z \u026a n d\u0292 \u026a b \u026a \u02c8 r e\u026a s i. i\u02d0 \/ ) or the ginger family is a family of flowering plants made up of about 50 genera with a total of about 1600 known species of aromatic perennial herbs with creeping horizontal or tuberous rhizomes distributed throughout tropical Africa, Asia, and the Americas. Many of the family's species are important ornamental, spice, or medicinal plants. Ornamental genera include the shell gingers ( Alpinia ), Siam or summer tulip ( Curcuma alismatifolia ), Globba, ginger lily ( Hedychium ), Kaempferia, torch-ginger Etlingera elatior, Renealmia, and ginger ( Zingiber ). Spices include ginger ( Zingiber ), galangal or Thai ginger ( Alpinia galanga and others), melegueta pepper ( Aframomum melegueta ), myoga ( Zingiber mioga ), korarima ( Aframomum corrorima ), turmeric ( Curcuma ), and cardamom ( Amomum, Elettaria )."}
{"name":"Zingiberales","link":"https:\/\/en.wikipedia.org\/wiki\/Zingiberales","img_link":"https:\/\/upload.wikimedia.org\/wikipedia\/commons\/thumb\/5\/58\/Starr_061212-2337_Alpinia_purpurata.jpg\/220px-Starr_061212-2337_Alpinia_purpurata.jpg","text":"The Zingiberales are flowering plants forming one of four orders in the commelinids clade of monocots, together with its sister order, Commelinales. The order includes 68 genera and 2,600 species. Zingiberales are a unique though morphologically diverse order that has been widely recognised as such over a long period of time. They are usually large herbaceous plants with rhizomatous root systems and lacking an aerial stem except when flowering. Flowers are usually large and showy, and the stamens are often modified ( staminodes ) to also form colourful petal-like structures that attract pollinators."}
